College,Private,Apps,Accept,Enroll,Top10perc,Top25perc,F.Undergrad,P.Undergrad,Outstate,Room.Board,Books,Personal,PhD,Terminal,S.F.Ratio,perc.alumni,Expend,Grad.Rate,Apps_trans,Accept_trans,Enroll_trans,Top10perc_trans,F.Undergrad_trans,P.Undergrad_trans,Outstate_trans,Books_trans,Personal_trans,PhD_trans,Terminal_trans,S.F.Ratio_trans,perc.alumni_trans,Expend_trans,Apps_transformed,Accept_transformed,Enroll_transformed,Top10perc_transformed,F.Undergrad_transformed,P.Undergrad_transformed,Outstate_transformed,Books_transformed,Personal_transformed,PhD_transformed,Terminal_transformed,S.F.Ratio_transformed,perc.alumni_transformed,Expend_transformed,Accept_Rate,Outstate_Tier,Outstate_Tier_Encoded,Private_Encoded,Apps_transformed_scaled,Accept_transformed_scaled,Enroll_transformed_scaled,Top10perc_transformed_scaled,F.Undergrad_transformed_scaled,P.Undergrad_transformed_scaled,Outstate_transformed_scaled,Books_transformed_scaled,Personal_transformed_scaled,PhD_transformed_scaled,Terminal_transformed_scaled,S.F.Ratio_transformed_scaled,perc.alumni_transformed_scaled,Expend_transformed_scaled,Accept_Rate_scaled,Outstate_Tier_Encoded_scaled,Private_Encoded_scaled
Abilene Christian University,Yes,1660,1232,721,23,52,2885,537,7440,3300,450,2200,70.0,78,18.1,12,7041,60,5.712756072035492,5.598251986362186,4.107319316474121,4.417175042264962,3.760782898001725,8.337244174603292,59.118423721452174,9.213393432273651,10.338539475874114,2725.181328249345,39361.14463169006,7.640161914235766,4.953607358725779,1.8281686236105688,5.712756072035492,5.598251986362186,4.107319316474121,4.417175042264962,3.760782898001725,8.337244174603292,59.118423721452174,9.213393432273651,10.338539475874114,2725.181328249345,39361.14463169006,7.640161914235766,4.953607358725779,1.8281686236105688,0.7421686746987952,Low,0,1,0.027875084216752014,0.04112349978782947,0.49398839253252935,-0.04753313995778422,0.43375745827735374,0.3064872489683561,-0.6934524379658119,-0.6143252338289236,1.271441718087908,-0.2921172878935758,-0.2828555413330692,1.0190329338711737,-0.8347120348951067,-0.4911902928883103,-0.032372339112454566,-1.0987972149572356,0.6125530498969481
Adelphi University,Yes,2186,1924,512,16,29,2683,1227,12280,6450,750,1500,29.0,30,12.2,16,10527,56,5.870437228691524,5.8639899168266005,3.9821060520204457,3.793745093657405,3.7480812750649917,9.8048055532427,70.74984001972405,10.352802615829257,9.675230393594894,477.50063363371055,3317.8363661041685,5.860981033586721,5.900711370401069,1.8311225815252163,5.870437228691524,5.8639899168266005,3.9821060520204457,3.793745093657405,3.7480812750649917,9.8048055532427,70.74984001972405,10.352802615829257,9.675230393594894,477.50063363371055,3317.8363661041685,5.860981033586721,5.900711370401069,1.8311225815252163,0.8801463860933212,Mid,1,1,0.2830852881943322,0.4860695997446218,0.1425396793929512,-0.5868962977653778,0.36552603724079685,0.8731629541442719,0.5562703143209636,1.302507133936391,0.4565936404384389,-2.175248403229149,-2.247871935822592,-0.43446218134192693,-0.4323290036172367,0.5523695353645415,0.9061926295687938,0.3581403891754813,0.6125530498969481
Adrian College,Yes,1428,1097,336,22,50,1036,99,11250,3750,400,1165,53.0,66,12.9,30,8735,54,5.625166061776849,5.527701105165132,3.818675603625539,4.337922600177787,3.5614716910991593,5.648713680425285,68.56955069496276,8.96107520321098,9.2476629406318,1567.2469311353118,25461.318422189914,6.0879303745316315,8.50587730878895,1.829831870131071,5.625166061776849,5.527701105165132,3.818675603625539,4.337922600177787,3.5614716910991593,5.648713680425285,68.56955069496276,8.96107520321098,9.2476629406318,1567.2469311353118,25461.318422189914,6.0879303745316315,8.50587730878895,1.829831870131071,0.7682072829131653,Mid,1,1,-0.11389115379524906,-0.07700543793018212,-0.31617706301307386,-0.1160987382636973,-0.636915710278457,-0.7316464440072331,0.32201189678612024,-1.0388011424180428,-0.06865548763817216,-1.2622472080135945,-1.0406490873905974,-0.24905677256531966,0.6744919519989533,0.0963933164348799,0.14474993126166572,0.3581403891754813,0.6125530498969481
Agnes Scott College,Yes,417,349,137,60,89,510,63,12960,5450,450,875,92.0,97,7.7,37,19016,59,4.871910138630893,4.8003834542283474,3.4335642646344304,6.332033025583393,3.3949718645816405,4.998474400847244,72.12412230939273,9.213393432273651,8.772976174293417,4702.342075565505,69589.80855298844,4.254327129100921,9.56813346581784,1.834447563995889,4.871910138630893,4.8003834542283474,3.4335642646344304,6.332033025583393,3.3949718645816405,4.998474400847244,72.12412230939273,9.213393432273651,8.772976174293417,4702.342075565505,69589.80855298844,4.254327129100921,9.56813346581784,1.834447563995889,0.8369304556354916,Mid,1,1,-1.3330514001444782,-1.2948110844500123,-1.3971079459704356,1.6091146533387966,-1.5313305281499452,-0.9827260974044782,0.7039283295979933,-0.6143252338289236,-0.6517887649745615,1.3643692994630383,1.3651568927969056,-1.7470120335841908,1.1257980885897985,1.7270031071000755,0.6122251618760879,0.3581403891754813,0.6125530498969481
Alaska Pacific University,Yes,193,146,55,16,44,249,869,7560,4120,800,1500,76.0,72,11.9,2,10922,15,4.365716556897597,4.2081194163737266,2.9858236862962104,3.793745093657405,3.198322955811189,9.179261603965477,59.45974658203725,10.50211456361832,9.675230393594894,3210.7343245943,31942.302495605825,5.7621291159934716,1.4356050330977457,1.83136228830651,4.365716556897597,4.2081194163737266,2.9858236862962104,3.793745093657405,3.198322955811189,9.179261603965477,59.45974658203725,10.50211456361832,9.675230393594894,3210.7343245943,31942.302495605825,5.7621291159934716,1.4356050330977457,1.83136228830651,0.7564766839378239,Low,0,1,-2.1523361516389374,-2.2864857517717887,-2.6538266391848824,-0.5868962977653778,-2.5877021869158714,0.6316190134718619,-0.6567794366897636,1.553695186961413,0.4565936404384389,0.11468424657347391,-0.6873174824544503,-0.5152188828746125,-2.329357208369601,0.6370519765995337,0.06495494735718245,-1.0987972149572356,0.6125530498969481
Albertson College,Yes,587,479,158,38,62,678,41,13500,3335,500,675,75.0,73,9.4,11,9727,55,5.087905068536108,5.007199362007863,3.4983143077567753,5.369882157677974,3.4649713222016225,4.407210947656441,73.182079942505,9.442351022087843,8.351273050136344,3127.017536070735,33112.30773484874,4.8959342657145175,4.693250809609002,1.830591795578305,5.087905068536108,5.007199362007863,3.4983143077567753,5.369882157677974,3.4649713222016225,4.407210947656441,73.182079942505,9.442351022087843,8.351273050136344,3127.017536070735,33112.30773484874,4.8959342657145175,4.693250809609002,1.830591795578305,0.8160136286201022,Mid,1,1,-0.9834591515317835,-0.9485228017998929,-1.2153674616026684,0.7767056047201572,-1.1553027961829594,-1.2110331645966375,0.8175992438831524,-0.22914901677242944,-1.1698338049692316,0.044545418704219096,-0.6235308993858222,-1.2228535013648447,-0.9453261344609437,0.36485606780594454,0.4699427534045053,0.3581403891754813,0.6125530498969481
Albertus Magnus College,Yes,353,340,103,17,45,416,230,13290,5720,500,1500,90.0,93,11.5,26,8861,63,4.764738731003618,4.783119698622095,3.299885392504521,3.894175451333956,3.342161260207517,6.93789821605482,72.77401484028941,9.442351022087843,9.675230393594894,4500.210363367248,62329.492559452454,5.628767251036452,7.840523349237043,1.8299356241026803,4.764738731003618,4.783119698622095,3.299885392504521,3.894175451333956,3.342161260207517,6.93789821605482,72.77401484028941,9.442351022087843,9.675230393594894,4500.210363367248,62329.492559452454,5.628767251036452,7.840523349237043,1.8299356241026803,0.9631728045325779,Mid,1,1,-1.506510533633622,-1.3237171601245863,-1.7723179350158718,-0.5000085327852752,-1.8150220375101371,-0.23384814646205462,0.7737552072176591,-0.22914901677242944,0.4565936404384389,1.1950211720584536,0.9693375120855497,-0.6241683558478293,0.3918121831278882,0.13304701290641674,1.4709627437747088,0.3581403891754813,0.6125530498969481
Albion College,Yes,1899,1720,489,37,68,1594,32,13868,4826,450,850,89.0,100,13.7,37,11487,73,5.79020704847636,5.797948994849675,3.9647836357214574,5.316571396825102,3.650798820227689,4.078192796391999,73.88722270765311,9.213393432273651,8.725466682985342,4400.82631344925,75365.02473070551,6.341334969722225,9.56813346581784,1.831682831691824,5.79020704847636,5.797948994849675,3.9647836357214574,5.316571396825102,3.650798820227689,4.078192796391999,73.88722270765311,9.213393432273651,8.725466682985342,4400.82631344925,75365.02473070551,6.341334969722225,9.56813346581784,1.831682831691824,0.9057398630858347,Mid,1,1,0.1532310868928054,0.3754920445577133,0.09391910438190838,0.7305835658560428,-0.15706230981818542,-1.3380783400810938,0.8933624127542497,-0.6143252338289236,-0.7101522318661437,1.1117561437041261,1.6800113003699915,-0.042038843535126456,1.1257980885897985,0.7502919785871572,1.0802869864699451,0.3581403891754813,0.6125530498969481
Albright College,Yes,1038,839,227,30,63,973,306,15595,4400,300,500,79.0,84,11.3,23,11644,80,5.4363682454896045,5.362524706091178,3.656740990759281,4.908029058750458,3.54774887565623,7.397382853879254,77.04174104169452,8.360621760581918,7.873683591318896,3468.58928429813,47766.80550904597,5.561395109609361,7.306201546172464,1.8317676186308718,5.4363682454896045,5.362524706091178,3.656740990759281,4.908029058750458,3.54774887565623,7.397382853879254,77.04174104169452,8.360621760581918,7.873683591318896,3468.58928429813,47766.80550904597,5.561395109609361,7.306201546172464,1.8317676186308718,0.8082851637764933,High,2,1,-0.41946431311888704,-0.3535733875805028,-0.7706952927942133,0.3771313679720627,-0.7106328409913837,-0.056425392670277026,1.2322956289218325,-2.0489462340837274,-1.756532921293452,0.3307179114196808,0.17540598418550252,-0.6792077728800088,0.16480224108923644,0.7802450944091319,0.4173714627910875,1.8150779933081982,0.6125530498969481
Alderson-Broaddus College,Yes,582,498,172,21,44,799,78,10468,3380,660,1800,40.0,41,11.5,15,8991,52,5.082565741038299,5.032302285771343,3.536211389562006,4.255852904198828,3.503410720520122,5.302162766305102,66.82494078769002,10.060656850163479,9.988659024785472,898.1098519274773,7406.169570221859,5.628767251036452,5.67618042622164,1.8300403135709118,5.082565741038299,5.032302285771343,3.536211389562006,4.255852904198828,3.503410720520122,5.302162766305102,66.82494078769002,10.060656850163479,9.988659024785472,898.1098519274773,7406.169570221859,5.628767251036452,5.67618042622164,1.8300403135709118,0.8556701030927835,Mid,1,1,-0.9921009632023521,-0.9064909849397514,-1.108997895324639,-0.18710169614595554,-0.9488114852595048,-0.8654616196426677,0.13456450095113598,0.8110292102757778,0.8416278943466902,-1.8228574660896493,-2.0249833565326143,-0.6241683558478293,-0.5277223720549751,0.1700311970567114,0.7396977547397244,0.3581403891754813,0.6125530498969481
Alfred University,Yes,1732,1425,472,37,75,1830,110,16548,5406,500,600,82.0,88,11.3,31,10932,73,5.737286442317482,5.68591843498575,3.9513642111872325,5.316571396825102,3.677685628324002,5.804394946023685,78.68494690345229,9.442351022087843,8.162552350641706,3736.5073126492257,53942.39364317825,5.561395109609361,8.66494745865426,1.8313681829409998,5.737286442317482,5.68591843498575,3.9513642111872325,5.316571396825102,3.677685628324002,5.804394946023685,78.68494690345229,9.442351022087843,8.162552350641706,3736.5073126492257,53942.39364317825,5.561395109609361,8.66494745865426,1.8313681829409998,0.8227482678983834,High,2,1,0.06757799441907153,0.18791038995419446,0.05625345047371651,0.7305835658560428,-0.012629969739564912,-0.6715325760288845,1.408847795869445,-0.22914901677242944,-1.4016694654541817,0.5551825236557095,0.5120879513281108,-0.6792077728800088,0.7420738947418721,0.6391344042892935,0.5157537502634537,1.8150779933081982,0.6125530498969481
Allegheny College,Yes,2652,1900,484,44,77,1707,44,17080,4440,400,600,73.0,91,9.9,41,11711,76,5.979253120681851,5.8566194302577586,3.9608933391236683,5.668515457022506,3.6642379470469897,4.50259850987007,79.57532562455164,8.96107520321098,8.162552350641706,2962.9344405957,58884.14428434742,5.075820123969052,10.12852980378421,1.8318032668425615,5.979253120681851,5.8566194302577586,3.9608933391236683,5.668515457022506,3.6642379470469897,4.50259850987007,79.57532562455164,8.96107520321098,8.162552350641706,2962.9344405957,58884.14428434742,5.075820123969052,10.12852980378421,1.8318032668425615,0.7164404223227753,High,2,1,0.4592060535400196,0.4737286093265102,0.0829998160861375,1.0350695150852658,-0.08486911648070146,-1.1742007602630395,1.5045134067783403,-1.0388011424180428,-1.4016694654541817,-0.09292516745590934,0.781503315639944,-1.0758964274030898,1.3638859589907049,0.7928387205687742,-0.20738347780626848,1.8150779933081982,0.6125530498969481
Allentown Coll. of St. Francis de Sales,Yes,1179,780,290,38,64,1130,638,9690,4785,600,1000,60.0,84,13.3,21,7940,74,5.512282925364637,5.3170721065160995,3.759012588758249,5.369882157677974,3.580160693454433,8.634663282533355,65.0020796087627,9.845917647123215,8.993154813797165,2005.1172269621243,47766.80550904597,6.215398629296292,6.929932557777247,1.8291196022450664,5.512282925364637,5.3170721065160995,3.759012588758249,5.369882157677974,3.580160693454433,8.634663282533355,65.0020796087627,9.845917647123215,8.993154813797165,2005.1172269621243,47766.80550904597,6.215398629296292,6.929932557777247,1.8291196022450664,0.6615776081424937,Mid,1,1,-0.2965948381183774,-0.4296782811441906,-0.4836392714989347,0.7767056047201572,-0.5365208871280956,0.4213309517069193,-0.06129050338777985,0.4497726389260374,-0.3813083118461038,-0.8953947540471879,0.17540598418550252,-0.1449220622273889,0.004942020606680277,-0.15523320441133603,-0.5805764736347528,0.3581403891754813,0.6125530498969481
Alma College,Yes,1267,1080,385,44,73,1306,28,12572,4552,400,400,79.0,87,15.3,32,9305,68,5.55487690600638,5.518163595245784,3.872656779925376,5.668515457022506,3.6105311272287923,3.9046923679129257,71.34594620144502,8.96107520321098,7.525479560116736,3468.58928429813,52354.631663757325,6.830893399583299,8.821390068071972,1.8302838153081626,5.55487690600638,5.518163595245784,3.872656779925376,5.668515457022506,3.6105311272287923,3.9046923679129257,71.34594620144502,8.96107520321098,7.525479560116736,3468.58928429813,52354.631663757325,6.830893399583299,8.821390068071972,1.8302838153081626,0.8524072612470402,Mid,1,1,-0.22765560201479393,-0.09297484747023868,-0.1646626445757431,1.0350695150852658,-0.37337497544083403,-1.4050727970678636,0.6203181859620271,-1.0388011424180428,-2.184287331771188,0.3307179114196808,0.4255260215207906,0.3579040707316264,0.808539510579746,0.2560543018019544,0.7175029449852314,0.3581403891754813,0.6125530498969481
Alverno College,Yes,494,313,157,23,46,1317,1235,8352,3640,650,2449,36.0,69,11.1,26,8127,55,4.979607741427173,4.728244700361986,3.4954607807750144,4.417175042264962,3.612261592217936,9.816770038153567,61.62775095923531,10.026082431745259,10.527619138442942,729.7656344596887,28587.693255152724,5.493547832248623,7.840523349237043,1.82929677215507,4.979607741427173,4.728244700361986,3.4954607807750144,4.417175042264962,3.612261592217936,9.816770038153567,61.62775095923531,10.026082431745259,10.527619138442942,729.7656344596887,28587.693255152724,5.493547832248623,7.840523349237043,1.82929677215507,0.6336032388663968,Low,0,1,-1.1587406089223402,-1.415598723356076,-1.2233767439261074,-0.04753313995778422,-0.36407914876959574,0.8777828514941316,-0.42384095974398683,0.7528645357434074,1.5037183500275915,-1.9638980661890433,-0.870204749794732,-0.7346353504225267,0.3918121831278882,-0.09264348370542107,-0.7708663600093951,-1.0987972149572356,0.6125530498969481
American International College,Yes,1420,1093,220,9,22,1018,287,8700,4780,450,1400,78.0,84,14.7,19,7355,69,5.621878692453915,5.525471275554533,3.6433856612653157,2.91344153033716,3.5576568634096173,7.293196152876924,62.53768586686851,9.213393432273651,9.557721089085858,3381.5199008967597,47766.80550904597,6.649854000037834,6.5349533390638825,1.8285211019418426,5.621878692453915,5.525471275554533,3.6433856612653157,2.91344153033716,3.5576568634096173,7.293196152876924,62.53768586686851,9.213393432273651,9.557721089085858,3381.5199008967597,47766.80550904597,6.649854000037834,6.5349533390638825,1.8285211019418426,0.7697183098591549,Low,0,1,-0.11921182884132073,-0.08073901855629047,-0.8081810446807128,-1.348494791392716,-0.6574084548327211,-0.09665544581816274,-0.3260741592092893,-0.6143252338289236,0.3122382660840021,0.2577702434217395,0.17540598418550252,0.21000461555961872,-0.16286735762255852,-0.36666846912669654,0.15502838090331927,-1.0987972149572356,0.6125530498969481
Amherst College,Yes,4302,992,418,83,96,1593,5,19760,5300,660,1598,75.0,98,8.4,63,21424,100,6.245000217856317,5.466079360949692,3.9047244394638128,7.074111471998457,3.650674749612595,1.936960832026999,83.80364176334255,10.060656850163479,9.78355056110801,3127.017536070735,71483.10904926102,4.524550448850612,12.796448758485933,1.8349981987888249,6.245000217856317,5.466079360949692,3.9047244394638128,7.074111471998457,3.650674749612595,1.936960832026999,83.80364176334255,10.060656850163479,9.78355056110801,3127.017536070735,71483.10904926102,4.524550448850612,12.796448758485933,1.8349981987888249,0.23059042305904232,High,2,1,0.8893232109394398,-0.18018361318456771,-0.07465510641790439,2.2511270800650833,-0.15772880058231023,-2.1648813283667963,1.9588194643556514,0.8110292102757778,0.5896605358372503,0.044545418704219096,1.4683762334705521,-1.5262541109104928,2.4973679239732567,1.9215286780626208,-3.512278049067009,1.8150779933081982,0.6125530498969481
Anderson University,Yes,1216,908,423,19,40,1819,281,10100,3520,550,1100,48.0,61,12.1,14,7994,59,5.530594029402722,5.411532234466771,3.9093276069479255,4.08228841706668,3.676528462937909,7.258987502247967,65.97422438079604,9.65214536925229,9.15165023999676,1287.7609688263303,20740.590958343037,5.828139320813687,5.444039108195632,1.8291714195372164,5.530594029402722,5.411532234466771,3.9093276069479255,4.08228841706668,3.676528462937909,7.258987502247967,65.97422438079604,9.65214536925229,9.15165023999676,1287.7609688263303,20740.590958343037,5.828139320813687,5.444039108195632,1.8291714195372164,0.7467105263157895,Mid,1,1,-0.26695793859455924,-0.27151619468698834,-0.06173493142114209,-0.337261774390416,-0.018846107556024245,-0.10986457730692725,0.043160357020957926,0.12378880488361321,-0.18660316336359328,-1.4964035600187222,-1.2980146652677276,-0.4612920948206636,-0.6263490551654358,-0.13692744445841787,-0.0014773287692968597,0.3581403891754813,0.6125530498969481
Andrews University,Yes,1130,704,322,14,23,1586,326,9996,3090,900,1320,62.0,66,11.5,18,10908,46,5.487060870024503,5.252781096346868,3.8015667639471995,3.5777357214550345,3.6498035885708076,7.500868736897167,65.73012262483817,10.777792596683675,9.4579757327094,2140.223695713882,25461.318422189914,5.628767251036452,6.329553707860191,1.8313540218192033,5.487060870024503,5.252781096346868,3.8015667639471995,3.5777357214550345,3.6498035885708076,7.500868736897167,65.73012262483817,10.777792596683675,9.4579757327094,2140.223695713882,25461.318422189914,5.628767251036452,6.329553707860191,1.8313540218192033,0.6230088495575221,Mid,1,1,-0.337417254852237,-0.5373258201578683,-0.36419817095638113,-0.7737777547234982,-0.16240856128131098,-0.016465949345803112,0.01693315386092406,2.0174693819460012,0.18970517544918392,-0.7822010981159766,-1.0406490873905974,-0.6241683558478293,-0.2501326687269887,0.6341316323281305,-0.8429325116318768,0.3581403891754813,0.6125530498969481
Angelo State University,No,3540,2001,1016,24,54,4190,1512,5130,3592,500,2000,60.0,62,23.1,5,4010,34,6.13904007725694,5.886989423793615,4.226289649039598,4.493818501377219,3.8229821082139788,10.192713053008815,51.69318601621696,9.442351022087843,10.171715522398618,2005.1172269621243,21636.86172344196,8.967103676820505,2.8030175863665034,1.8227868770359859,6.13904007725694,5.886989423793615,4.226289649039598,4.493818501377219,3.8229821082139788,10.192713053008815,51.69318601621696,9.442351022087843,10.171715522398618,2005.1172269621243,21636.86172344196,8.967103676820505,2.8030175863665034,1.8227868770359859,0.5652542372881356,Low,0,0,0.7178245381154568,0.5245794989826329,0.8279144383421037,0.018775285270126344,0.7678833035549765,1.0229473237607476,-1.4912476731641928,-0.22914901677242944,1.0665053144911143,-0.8953947540471879,-1.2491515938109201,2.1030730059438842,-1.7484034784636024,-2.392427444312699,-1.2357963684675608,-1.0987972149572356,-1.6325116659989423
Antioch University,Yes,713,661,252,25,44,712,23,15476,3336,400,1100,69.0,82,11.3,35,42926,48,5.2083952294191915,5.213030297681666,3.700832935038268,4.568038251472815,3.4765693871042576,3.6540351864371625,76.8319649770696,8.96107520321098,9.15165023999676,2648.1614235052466,44852.305090025206,5.561395109609361,9.276119865145814,1.8375865495572163,5.2083952294191915,5.213030297681666,3.700832935038268,4.568038251472815,3.4765693871042576,3.6540351864371625,76.8319649770696,8.96107520321098,9.15165023999676,2648.1614235052466,44852.305090025206,5.561395109609361,9.276119865145814,1.8375865495572163,0.9270687237026648,High,2,1,-0.7884433412194426,-0.6038837360915813,-0.6469379804656546,0.08298682799864276,-1.0929995414317568,-1.501860118632481,1.2097565060734918,-1.0388011424180428,-0.18660316336359328,-0.3566453943418077,0.01651265888576715,-0.6792077728800088,1.0017342937327451,2.8359285989034007,1.2253721686672496,1.8150779933081982,0.6125530498969481
Appalachian State University,No,7313,4664,1910,20,63,9940,1035,6806,2540,96,2000,83.0,96,18.3,14,5854,70,6.525806073950463,6.367914190852439,4.42931820059207,4.170730633321285,3.948843464667547,9.493902748598007,57.252308000128146,6.191629779936293,10.171715522398618,3828.050899130615,67728.00439442915,7.695934006011985,5.444039108195632,1.8265812239390007,6.525806073950463,6.367914190852439,4.42931820059207,4.170730633321285,3.948843464667547,9.493902748598007,57.252308000128146,6.191629779936293,10.171715522398618,3828.050899130615,67728.00439442915,7.695934006011985,5.444039108195632,1.8265812239390007,0.6377683577191303,Low,0,0,1.343813280213956,1.3298299918327967,1.3977751754216614,-0.26074560260699386,1.4439936909590871,0.7531127343527558,-0.8939548716793383,-5.697849625357854,1.0665053144911143,0.6318787272247831,1.263654675854437,1.0645957340584027,-0.6263490551654358,-1.0519790977714143,-0.7425339967163727,-1.0987972149572356,-1.6325116659989423
Aquinas College,Yes,619,516,219,20,51,1251,767,11208,4124,350,1615,55.0,65,12.7,25,6584,65,5.120962646245315,5.055157644154013,3.64143786160303,4.170730633321285,3.6016040575183976,8.957445419198537,68.477911896096,8.679599645871866,9.80171182251483,1686.8014102927957,24468.81775259251,6.023602095364745,7.666103609271758,1.8276099313797314,5.120962646245315,5.055157644154013,3.64143786160303,4.170730633321285,3.6016040575183976,8.957445419198537,68.477911896096,8.679599645871866,9.80171182251483,1686.8014102927957,24468.81775259251,6.023602095364745,7.666103609271758,1.8276099313797314,0.8336025848142165,Mid,1,1,-0.9299547802480593,-0.8682224451128951,-0.8136481306779576,-0.26074560260699386,-0.421330000957384,0.5459681884012452,0.31216588242301735,-1.5123285343587667,0.6119709026638089,-1.162083176610684,-1.0947584403093151,-0.3016095177954872,0.31770887154146105,-0.6885623561691819,0.5895880059066398,0.3581403891754813,0.6125530498969481
Arizona State University Main campus,No,12809,10308,3761,24,49,22593,7585,7434,4850,700,2100,88.0,93,18.9,5,4602,48,6.810783120206798,6.793427279865482,4.626115600808437,4.493818501377219,4.048251079332218,13.435429980305537,59.101262942346644,10.194537490294326,10.256967870813972,4302.5631252927,62329.492559452454,7.861769460596532,2.8030175863665034,1.8242587355325803,6.810783120206798,6.793427279865482,4.626115600808437,4.493818501377219,4.048251079332218,13.435429980305537,59.101262942346644,10.194537490294326,10.256967870813972,4302.5631252927,62329.492559452454,7.861769460596532,2.8030175863665034,1.8242587355325803,0.8047466625029276,Low,0,0,1.8050545067903165,2.0423003159074957,1.9501463108363524,0.018775285270126344,1.9779981126152577,2.275071376769951,-0.6952962560826422,1.0362571162148249,1.1712343376226138,1.029430185416124,0.9693375120855497,1.2000743836939878,-1.7484034784636024,-1.8724564615501094,0.39330153654403927,-1.0987972149572356,-1.6325116659989423
Arkansas College (Lyon College),Yes,708,334,166,46,74,530,182,8644,3922,500,800,79.0,88,12.6,24,14579,54,5.2040641188583585,4.771337353876599,3.520420616669605,5.760943417605722,3.4046836465902226,6.569877266572251,62.39289443336804,9.442351022087843,8.626435575433408,3468.58928429813,53942.39364317825,5.991285805830951,7.488071014907595,1.8330845382699539,5.2040641188583585,4.771337353876599,3.520420616669605,5.760943417605722,3.4046836465902226,6.569877266572251,62.39289443336804,9.442351022087843,8.626435575433408,3468.58928429813,53942.39364317825,5.991285805830951,7.488071014907595,1.8330845382699539,0.4717514124293785,Low,0,1,-0.7954533329846024,-1.3434452747136214,-1.153319452123974,1.1150339710778354,-1.4791601330324486,-0.3759536379958345,-0.341631090896846,-0.22914901677242944,-0.8318078970334455,0.3307179114196808,0.5120879513281108,-0.3280101887390996,0.24207061628816592,1.2454800341382144,-1.871830079986632,-1.0987972149572356,0.6125530498969481
Arkansas Tech University,No,1734,1729,951,12,52,3602,939,3460,2650,450,1000,57.0,60,19.6,5,4739,48,5.737952131534663,5.801035562310894,4.2038473592773755,3.3372059894156245,3.798390842355281,9.318112309993346,44.79472371012818,9.213393432273651,8.993154813797165,1810.795332056283,19867.773742812482,8.052536594781495,2.8030175863665034,1.8245583478216536,5.737952131534663,5.801035562310894,4.2038473592773755,3.3372059894156245,3.798390842355281,9.318112309993346,44.79472371012818,9.213393432273651,8.993154813797165,1810.795332056283,19867.773742812482,8.052536594781495,2.8030175863665034,1.8245583478216536,0.9971164936562861,Low,0,0,0.06865542614588838,0.3806601293385439,0.7649233974867117,-0.9818731086748947,0.6357823096123657,0.6852340260347194,-2.232444194605243,-0.6143252338289236,-0.3813083118461038,-1.0581997323364798,-1.3455990913496088,1.3559208750186327,-1.7484034784636024,-1.766610895038358,1.7018576991796808,-1.0987972149572356,-1.6325116659989423
Assumption College,Yes,2135,1700,491,23,59,1708,689,12000,5920,500,500,93.0,93,13.8,30,7100,88,5.857038159137714,5.7910276484456205,3.966326917412548,4.417175042264962,3.664351995323581,8.7688316531558,70.16942043070692,9.442351022087843,7.873683591318896,4805.090244554321,62329.492559452454,6.372586736365998,8.50587730878895,1.8282366841881825,5.857038159137714,5.7910276484456205,3.966326917412548,4.417175042264962,3.664351995323581,8.7688316531558,70.16942043070692,9.442351022087843,7.873683591318896,4805.090244554321,62329.492559452454,6.372586736365998,8.50587730878895,1.8282366841881825,0.7962529274004684,Mid,1,1,0.26139861778642,0.3639030851511576,0.09825078894194458,-0.04753313995778422,-0.0842564643796792,0.47313795422238897,0.4939078687110157,-0.22914901677242944,-1.756532921293452,1.4504528230391855,0.9693375120855497,-0.01650783055462927,0.6744919519989533,-0.46714618436082295,0.3355246525831801,0.3581403891754813,0.6125530498969481
Auburn University-Main Campus,No,7548,6791,3070,25,57,16262,1716,6300,3933,600,1908,85.0,91,16.7,18,6642,69,6.542202284115387,6.572466798584931,4.569323650107235,4.568038251472815,4.010579954269126,10.431204596591146,55.67920671363826,9.845917647123215,10.089721371413228,4014.4961141771587,58884.14428434742,7.24245169433793,6.329553707860191,1.8276841099318852,6.542202284115387,6.572466798584931,4.569323650107235,4.568038251472815,4.010579954269126,10.431204596591146,55.67920671363826,9.845917647123215,10.089721371413228,4014.4961141771587,58884.14428434742,7.24245169433793,6.329553707860191,1.8276841099318852,0.8997085320614733,Low,0,0,1.3703508845123415,1.6723286516496423,1.790742608060054,0.08298682799864276,1.7756338629517652,1.1150370759204198,-1.062974741569998,0.4497726389260374,0.965778853639158,0.7880845382194887,0.781503315639944,0.6941250685837765,-0.2501326687269887,-0.6623569194695326,1.0392600991794334,-1.0987972149572356,-1.6325116659989423
Augsburg College,Yes,662,513,257,12,30,2074,726,11902,4372,540,950,65.0,65,12.8,31,7836,58,5.162608317929659,5.051408131801442,3.709046407214294,3.3372059894156245,3.701366297255258,8.860607377148998,69.9641729731922,9.611556673763596,8.90831952942552,2351.2286673140156,24468.81775259251,6.05581660003175,8.66494745865426,1.829018258153053,5.162608317929659,5.051408131801442,3.709046407214294,3.3372059894156245,3.701366297255258,8.860607377148998,69.9641729731922,9.611556673763596,8.90831952942552,2351.2286673140156,24468.81775259251,6.05581660003175,8.66494745865426,1.829018258153053,0.7749244712990937,Mid,1,1,-0.8625504017494298,-0.8745005511217011,-0.6238843987283929,-0.9818731086748947,0.11457941919631885,0.508575704131079,0.4718553163023066,0.05550628934752403,-0.48552498885819567,-0.6054188583331771,-1.0947584403093151,-0.27529199961519973,0.7420738947418721,-0.1910355503864039,0.19044222201896147,0.3581403891754813,0.6125530498969481
Augustana College IL,Yes,1879,1658,497,36,69,1950,38,13353,4173,540,821,78.0,83,12.7,40,9220,71,5.7841382034069255,5.776204885677984,3.9709135791951042,5.262121851799814,3.68978341550283,4.305379009819839,72.89687644779613,9.611556673763596,8.668707522931868,3381.5199008967597,46295.29542396985,6.023602095364745,9.991196421752138,1.8302191633320537,5.7841382034069255,5.776204885677984,3.9709135791951042,5.262121851799814,3.68978341550283,4.305379009819839,72.89687644779613,9.611556673763596,8.668707522931868,3381.5199008967597,46295.29542396985,6.023602095364745,9.991196421752138,1.8302191633320537,0.8823842469398616,Mid,1,1,0.14340853598738912,0.3390841574485213,0.11112463571943347,0.683476302864234,0.05235772629903182,-1.25035396304698,0.7869559166021637,0.05550628934752403,-0.7798785384917823,0.2577702434217395,0.09518189874570733,-0.3016095177954872,1.3055390172857926,0.23321436737028708,0.9214152171455692,0.3581403891754813,0.6125530498969481
Augustana College,Yes,761,725,306,21,58,1337,300,10990,3244,600,1021,66.0,70,10.4,30,6871,69,5.248388521338615,5.271261122088187,3.780931236269812,4.255852904198828,3.615363212974079,7.3651341286114285,67.9986020991763,9.845917647123215,9.027619582356309,2423.7905034076744,29680.22624897121,5.252173428845612,8.50587730878895,1.8279674987464378,5.248388521338615,5.271261122088187,3.780931236269812,4.255852904198828,3.615363212974079,7.3651341286114285,67.9986020991763,9.845917647123215,9.027619582356309,2423.7905034076744,29680.22624897121,5.252173428845612,8.50587730878895,1.8279674987464378,0.9526938239159002,Mid,1,1,-0.7237133734481125,-0.5063832469003334,-0.42211799022486685,-0.18710169614595554,-0.3474176565522442,-0.06887772985913919,0.260667050015694,0.4497726389260374,-0.3389697533108387,-0.544625769857051,-0.8106418143240208,-0.9318252596102692,0.6744919519989533,-0.5622427028191037,1.3996816360153455,0.3581403891754813,0.6125530498969481
Austin College,Yes,948,798,295,42,74,1120,15,11280,4342,400,1150,81.0,95,13.0,33,11361,71,5.381881960013828,5.331318223846161,3.766008971877225,5.572727488079942,3.5782641762782497,3.13050327559237,68.63486946051647,8.96107520321098,9.225954671852792,3646.0827031697963,65897.48921732574,6.119944455137463,8.975326246182142,1.8316134825079202,5.381881960013828,5.331318223846161,3.766008971877225,5.572727488079942,3.5782641762782497,3.13050327559237,68.63486946051647,8.96107520321098,9.225954671852792,3646.0827031697963,65897.48921732574,6.119944455137463,8.975326246182142,1.8316134825079202,0.8417721518987342,Mid,1,1,-0.507651489856733,-0.40582487664728745,-0.4640018165174354,0.9521981331052524,-0.5467087239577507,-1.7040137178469246,0.3290299885963058,-1.0388011424180428,-0.0953232079457115,0.47942381108114585,1.1638582779526243,-0.2229029900664657,0.8739402534841448,0.7257926375216123,0.6451598036797981,0.3581403891754813,0.6125530498969481
Averett College,Yes,627,556,172,16,40,777,538,9925,4135,750,1350,59.0,67,22.4,11,6523,48,5.128941017424513,5.103036089824757,3.536211389562006,3.793745093657405,3.4969717774665074,8.34043102249211,65.56251636833328,10.352802615829257,9.496020108486013,1939.231936198742,26478.47386189595,8.789039514009747,4.693250809609002,1.827530820774836,5.128941017424513,5.103036089824757,3.536211389562006,3.793745093657405,3.4969717774665074,8.34043102249211,65.56251636833328,10.352802615829257,9.496020108486013,1939.231936198742,26478.47386189595,8.789039514009747,4.693250809609002,1.827530820774836,0.886762360446571,Mid,1,1,-0.9170416219529709,-0.7880557649706963,-1.108997895324639,-0.5868962977653778,-0.983400626876283,0.30771780007236427,-0.0010750875095531672,1.302507133936391,0.236441135041996,-0.9505941608742655,-0.9851956007117693,1.9576041592094642,-0.9453261344609437,-0.7165101643787235,0.9511964327113076,0.3581403891754813,0.6125530498969481
Baker University,Yes,602,483,206,21,47,958,466,8620,4100,400,2250,58.0,68,11.0,21,6136,65,5.103635243051365,5.012571543956875,3.615143698936886,4.255852904198828,3.5443214463343033,8.095852612610924,62.330652303511314,8.96107520321098,10.378045287906609,1874.458100634458,27520.52043115919,5.45944250760128,6.929932557777247,1.8270009505292346,5.103635243051365,5.012571543956875,3.615143698936886,4.255852904198828,3.5443214463343033,8.095852612610924,62.330652303511314,8.96107520321098,10.378045287906609,1874.458100634458,27520.52043115919,5.45944250760128,6.929932557777247,1.8270009505292346,0.8023255813953488,Low,0,1,-0.9579995396683371,-0.9395277313472329,-0.8874506121675922,-0.18710169614595554,-0.7290445332847445,0.21327770038895646,-0.34831861749189164,-1.0388011424180428,1.3199729923470302,-1.0048623785543536,-0.9283850943804479,-0.762497566859782,0.004942020606680277,-0.903700137449826,0.3768326308712091,-1.0987972149572356,0.6125530498969481
Baldwin-Wallace College,Yes,1690,1366,662,30,61,2718,1460,10995,4410,1000,1000,68.0,74,17.6,20,8086,85,5.723113206168775,5.660538120628176,4.076709181327104,4.908029058750458,3.7503639880009465,10.127225209112284,68.00966510529048,11.027920112452334,8.993154813797165,2572.256540860469,34308.59715981074,7.499616508461935,6.734949707633466,1.8292584688373152,5.723113206168775,5.660538120628176,4.076709181327104,4.908029058750458,3.7503639880009465,10.127225209112284,68.00966510529048,11.027920112452334,8.993154813797165,2572.256540860469,34308.59715981074,7.499616508461935,6.734949707633466,1.8292584688373152,0.808284023668639,Mid,1,1,0.04463831941133109,0.14541411601488888,0.40807183526213026,0.3771313679720627,0.37778846608272787,0.9976602245902023,0.26185570065763164,2.438259845296428,-0.3813083118461038,-0.4202393232555936,-0.558311349746167,0.9042148943004111,-0.07789765626183243,-0.10617509277113449,0.4173637074421859,0.3581403891754813,0.6125530498969481
Barat College,Yes,261,192,111,15,36,453,266,9690,4300,500,500,57.0,77,9.7,35,9337,71,4.567283765744442,4.397905045223911,3.3354828456253705,3.6884527234691826,3.364533407794401,7.170463917997722,65.0020796087627,9.442351022087843,7.873683591318896,1810.795332056283,38057.447169980325,5.00430283369071,9.276119865145814,1.8303079193831508,4.567283765744442,4.397905045223911,3.3354828456253705,3.6884527234691826,3.364533407794401,7.170463917997722,65.0020796087627,9.442351022087843,7.873683591318896,1810.795332056283,38057.447169980325,5.00430283369071,9.276119865145814,1.8303079193831508,0.735632183908046,Mid,1,1,-1.8260954671086296,-1.9687126162726214,-1.672402968778429,-0.6779904542213022,-1.6948418503721536,-0.1440465646907973,-0.06129050338777985,-0.22914901677242944,-1.756532921293452,-1.0581997323364798,-0.3539307841170397,-1.1343222081673965,1.0017342937327451,0.264569671716386,-0.07683547168872246,0.3581403891754813,0.6125530498969481
Bard College,Yes,1910,838,285,50,85,1004,15,19264,6206,750,750,98.0,98,10.4,30,13894,79,5.7935157455438375,5.361783136793705,3.7518757621191576,5.936705135542433,3.55463249749964,3.13050327559237,83.0508469051559,10.352802615829257,8.52150081906591,5335.66411690255,71483.10904926102,5.252173428845612,8.50587730878895,1.8328159503301227,5.7935157455438375,5.361783136793705,3.7518757621191576,5.936705135542433,3.55463249749964,3.13050327559237,83.0508469051559,10.352802615829257,8.52150081906591,5335.66411690255,71483.10904926102,5.252173428845612,8.50587730878895,1.8328159503301227,0.4387434554973822,High,2,1,0.1585862813332729,-0.35481505588950774,-0.5036709234900614,1.2670949932019226,-0.6736549443404114,-1.7040137178469246,1.877936376866113,1.302507133936391,-0.960715953306189,1.8949733327345775,1.4683762334705521,-0.9318252596102692,0.6744919519989533,1.150594598238403,-2.09635990984827,1.8150779933081982,0.6125530498969481
Barnard College,Yes,2496,1402,531,53,95,2121,69,17926,8124,600,850,83.0,93,10.3,33,12580,91,5.945280429448944,5.6761604915193535,3.9957516694571145,6.061395953650468,3.7055378405711683,5.127047174329461,80.95444272202246,9.845917647123215,8.725466682985342,3828.050899130615,62329.492559452454,5.2171744721156745,8.975326246182142,1.832238800882364,5.945280429448944,5.6761604915193535,3.9957516694571145,6.061395953650468,3.7055378405711683,5.127047174329461,80.95444272202246,9.845917647123215,8.725466682985342,3828.050899130615,62329.492559452454,5.2171744721156745,8.975326246182142,1.832238800882364,0.561698717948718,High,2,1,0.4042205521453873,0.17157189103767176,0.18084021176096163,1.3749718020632458,0.1369883924257922,-0.9330797465670045,1.6526908918394725,0.4497726389260374,-0.7101522318661437,0.6318787272247831,0.9693375120855497,-0.9604175254095518,0.8739402534841448,0.9467020594880287,-1.2599820566031195,1.8150779933081982,0.6125530498969481
Barry University,Yes,990,784,279,18,45,1811,3144,11290,5360,600,1800,76.0,78,12.6,11,9084,72,5.407969663806166,5.320268068810328,3.7431186312989397,3.9902206092359616,3.6756815167777352,11.608954333092923,68.6566170181097,9.845917647123215,9.988659024785472,3210.7343245943,39361.14463169006,5.991285805830951,4.693250809609002,1.8301137851841243,5.407969663806166,5.320268068810328,3.7431186312989397,3.9902206092359616,3.6756815167777352,11.608954333092923,68.6566170181097,9.845917647123215,9.988659024785472,3210.7343245943,39361.14463169006,5.991285805830951,4.693250809609002,1.8301137851841243,0.7919191919191919,Mid,1,1,-0.46542800325032313,-0.42432702791534,-0.5282504468415923,-0.41691464264756517,-0.02339578914694879,1.5698065814191604,0.3313666273025452,0.4497726389260374,0.8416278943466902,0.11468424657347391,-0.2828555413330692,-0.3280101887390996,-0.9453261344609437,0.19598688981904883,0.30604530939689767,0.3581403891754813,0.6125530498969481
Baylor University,Yes,6075,5349,2367,34,66,9919,484,6450,3920,600,1346,71.0,76,18.5,38,7503,72,6.428887919145505,6.44314538117359,4.493890641592448,5.149577531776267,3.9485635655169875,8.160070582048293,56.15393765250122,9.845917647123215,9.490993029110944,2803.316583884286,36780.940288277394,7.751456874081783,9.71106985349749,1.828679299351279,6.428887919145505,6.44314538117359,4.493890641592448,5.149577531776267,3.9485635655169875,8.160070582048293,56.15393765250122,9.845917647123215,9.490993029110944,2803.316583884286,36780.940288277394,7.751456874081783,9.71106985349749,1.828679299351279,0.8804938271604938,Low,0,1,1.1869492478752022,1.4557955424412599,1.5790171659797785,0.5861080901616065,1.4424901101265637,0.23807445754375747,-1.0119678787514388,0.4497726389260374,0.23026557364173544,-0.22665472844581655,-0.42352364534226566,1.1099549318779256,1.186525502100285,-0.3107812607805853,0.9085560258813842,-1.0987972149572356,0.6125530498969481
Beaver College,Yes,1163,850,348,23,56,878,519,12850,5400,400,800,78.0,89,12.2,30,8954,73,5.504172792783469,5.37062014741454,3.8326985510766227,4.417175042264962,3.524866841583949,8.278935040126296,71.90507785472292,8.96107520321098,8.626435575433408,3381.5199008967597,55559.757364651494,5.860981033586721,8.50587730878895,1.8300107561132515,5.504172792783469,5.37062014741454,3.8326985510766227,4.417175042264962,3.524866841583949,8.278935040126296,71.90507785472292,8.96107520321098,8.626435575433408,3381.5199008967597,55559.757364651494,5.860981033586721,8.50587730878895,1.8300107561132515,0.7308684436801376,Mid,1,1,-0.30972125495993,-0.34001854790080843,-0.27681744039153794,-0.04753313995778422,-0.8335520701903105,0.28397209534078993,0.6803933763521203,-1.0388011424180428,-0.8318078970334455,0.2577702434217395,0.6002637149158834,-0.43446218134192693,0.6744919519989533,0.1595892827401136,-0.1092398336151793,0.3581403891754813,0.6125530498969481
Bellarmine College,Yes,807,707,308,39,63,1198,605,8840,2950,750,1290,74.0,82,13.1,31,6668,84,5.284254465301819,5.2554569056310925,3.7835779046315117,5.422106255753956,3.5925370279699966,8.542529942454983,62.89700553013714,10.352802615829257,9.41912206384576,3044.4176772221554,44852.305090025206,6.151859860146799,8.66494745865426,1.8277170389473598,5.284254465301819,5.2554569056310925,3.7835779046315117,5.422106255753956,3.5925370279699966,8.542529942454983,62.89700553013714,10.352802615829257,9.41912206384576,3044.4176772221554,44852.305090025206,6.151859860146799,8.66494745865426,1.8277170389473598,0.8760842627013631,Mid,1,1,-0.6656636034640874,-0.5328455003813007,-0.4146893188785438,0.821887512510805,-0.47003687202019073,0.3857551139811216,-0.2874675143248177,1.302507133936391,0.14197503239976528,-0.024657633443134833,0.01651265888576715,-0.19682982022428813,0.7420738947418721,-0.6507239176712355,0.8785608716883411,0.3581403891754813,0.6125530498969481
Belmont Abbey College,Yes,632,494,129,17,36,709,131,9000,4850,300,2480,78.0,85,13.2,10,7550,52,5.133872278426773,5.027103471206351,3.405832484482507,3.894175451333956,3.475573421625922,6.065978084287668,63.30310805628645,8.360621760581918,10.54989899446824,3381.5199008967597,49267.05353907696,6.183677590318551,4.421054272265976,1.8287285346328463,5.133872278426773,5.027103471206351,3.405832484482507,3.894175451333956,3.475573421625922,6.065978084287668,63.30310805628645,8.360621760581918,10.54989899446824,3381.5199008967597,49267.05353907696,6.183677590318551,4.421054272265976,1.8287285346328463,0.7816455696202531,Mid,1,1,-0.9090602743211865,-0.9151957726268133,-1.4749455336252875,-0.5000085327852752,-1.0983497348856706,-0.5705263683871301,-0.2438343441522976,-2.0489462340837274,1.5310882418887717,0.2577702434217395,0.25719681074029643,-0.17083644547256602,-1.060970526681064,-0.29338766091865626,0.23616110930551232,0.3581403891754813,0.6125530498969481
Belmont University,Yes,1220,974,481,28,67,1964,623,7800,3664,650,900,61.0,61,11.1,19,7614,49,5.532537716402389,5.454817556914406,3.9585368277560344,4.777728697775314,3.6911355321130057,8.593337189134168,60.13186099132863,10.026082431745259,8.819245343756174,2072.1143548522737,20740.590958343037,5.493547832248623,6.5349533390638825,1.8287948233678029,5.532537716402389,5.454817556914406,3.9585368277560344,4.777728697775314,3.6911355321130057,8.593337189134168,60.13186099132863,10.026082431745259,8.819245343756174,2072.1143548522737,20740.590958343037,5.493547832248623,6.5349533390638825,1.8287948233678029,0.7983606557377049,Low,0,1,-0.2638120411000628,-0.19904014516410398,0.07638555767456087,0.26440143846515807,0.05962111603898401,0.40537353182655866,-0.5845649575677309,0.7528645357434074,-0.5949489827396871,-0.8392638380900032,-1.2980146652677276,-0.7346353504225267,-0.16286735762255852,-0.2699695003134239,0.3498620405629711,-1.0987972149572356,0.6125530498969481
Beloit College,Yes,1320,923,284,26,54,1085,81,16304,3616,355,715,75.0,95,11.1,26,12957,69,5.579025263450717,5.421658729487241,3.7504310780047967,4.639999884647015,3.5714602052831297,5.35649205443559,78.27028051167792,8.709270955531483,8.444121194639148,3127.017536070735,65897.48921732574,5.493547832248623,7.840523349237043,1.8324135979890872,5.579025263450717,5.421658729487241,3.7504310780047967,4.639999884647015,3.5714602052831297,5.35649205443559,78.27028051167792,8.709270955531483,8.444121194639148,3127.017536070735,65897.48921732574,5.493547832248623,7.840523349237043,1.8324135979890872,0.6992424242424242,High,2,1,-0.18857098746864043,-0.254560600663524,-0.5077258642752942,0.14524475095617614,-0.5832587468958396,-0.8444832209799878,1.364294492030937,-1.4624123781873197,-1.0557736570191054,0.044545418704219096,1.1638582779526243,-0.7346353504225267,0.3918121831278882,1.008453527837201,-0.32436931824763443,1.8150779933081982,0.6125530498969481
Bemidji State University,No,1208,877,546,12,36,3796,824,4425,2700,660,1800,57.0,62,19.6,16,3752,46,5.526685994124625,5.390025126358088,4.006132280822366,3.3372059894156245,3.807014680534932,9.084502069702225,48.99383053179199,10.060656850163479,9.988659024785472,1810.795332056283,21636.86172344196,8.052536594781495,5.900711370401069,1.8220357186891958,5.526685994124625,5.390025126358088,4.006132280822366,3.3372059894156245,3.807014680534932,9.084502069702225,48.99383053179199,10.060656850163479,9.988659024785472,1810.795332056283,21636.86172344196,8.052536594781495,5.900711370401069,1.8220357186891958,0.7259933774834437,Low,0,0,-0.27328317428933774,-0.3075272521133158,0.20997652189421875,-0.9818731086748947,0.6821084158680634,0.5950291122368255,-1.7812764950108653,0.8110292102757778,0.8416278943466902,-1.0581997323364798,-1.2491515938109201,1.3559208750186327,-0.4323290036172367,-2.6577929972476197,-0.14240146751948335,-1.0987972149572356,-1.6325116659989423
Benedictine College,Yes,632,620,222,14,24,702,501,9550,3850,350,250,75.0,84,14.1,18,5922,58,5.133872278426773,5.172465721686661,3.6472508567015747,3.5777357214550345,3.4732294048414785,8.218750790578499,64.66394702723116,8.679599645871866,6.811045378183486,3127.017536070735,47766.80550904597,6.465798760875629,6.329553707860191,1.8266852498118917,5.133872278426773,5.172465721686661,3.6472508567015747,3.5777357214550345,3.4732294048414785,8.218750790578499,64.66394702723116,8.679599645871866,6.811045378183486,3127.017536070735,47766.80550904597,6.465798760875629,6.329553707860191,1.8266852498118917,0.9810126582278481,Mid,1,1,-0.9090602743211865,-0.6718042239716324,-0.7973322103496764,-0.7737777547234982,-1.1109414798093515,0.26073289557076035,-0.09762072918257073,-1.5123285343587667,-3.0619405032836524,0.044545418704219096,0.17540598418550252,0.05964138157856781,-0.2501326687269887,-1.0152293453427368,1.5923146748623527,0.3581403891754813,0.6125530498969481
Bennington College,Yes,519,327,114,25,53,457,2,21700,4100,600,500,35.0,59,10.1,33,16364,55,5.010740543369078,4.7573024140416535,3.348080304920345,4.568038251472815,3.3668182155270356,1.1521060618511036,86.63424872522184,9.845917647123215,7.873683591318896,690.4319427062774,19018.1657525989,5.146772495880893,8.975326246182142,1.83370126039134,5.010740543369078,4.7573024140416535,3.348080304920345,4.568038251472815,3.3668182155270356,1.1521060618511036,86.63424872522184,9.845917647123215,7.873683591318896,690.4319427062774,19018.1657525989,5.146772495880893,8.975326246182142,1.83370126039134,0.630057803468208,High,2,1,-1.1083515269135147,-1.36694508797616,-1.6370444077077289,0.08298682799864276,-1.6825681685623972,-2.4679406326137143,2.2629504345082254,0.4497726389260374,-1.756532921293452,-1.9968522571465508,-1.391918192175684,-1.0179321545692772,0.8739402534841448,1.4633526137989477,-0.794983454211281,1.8150779933081982,0.6125530498969481
Bentley College,Yes,3466,2330,640,20,60,3095,1533,13800,5510,630,850,87.0,87,17.5,20,10941,82,6.127466689521649,5.975613899730434,4.064479055362063,4.170730633321285,3.7728863719232804,10.21857831374298,73.75785859337954,9.955518251301774,8.725466682985342,4205.420538622495,52354.631663757325,7.471312348698436,6.734949707633466,1.8313734810057525,6.127466689521649,5.975613899730434,4.064479055362063,4.170730633321285,3.7728863719232804,10.21857831374298,73.75785859337954,9.955518251301774,8.725466682985342,4205.420538622495,52354.631663757325,7.471312348698436,6.734949707633466,1.8313734810057525,0.6722446624350836,Mid,1,1,0.6990927713826794,0.6729704902870632,0.3737443057411765,-0.26074560260699386,0.4987757027379349,1.0329347866903604,0.8794630497883545,0.6341541487893395,-0.7101522318661437,0.9480430791331619,0.4255260215207906,0.8810919176520503,-0.07789765626183243,0.6410060787352883,-0.5080160334240953,0.3581403891754813,0.6125530498969481
Berry College,Yes,1858,1221,480,37,68,1620,49,8050,3940,350,2375,80.0,80,16.3,17,10511,63,5.777690852441185,5.592820332883345,3.9577475517662792,5.316571396825102,3.6539917474046546,4.649361857442185,60.817685577708566,8.679599645871866,10.473360277286593,3556.7767888093103,42051.00625139571,7.126346294770561,6.118308313178587,1.8311125799804409,5.777690852441185,5.592820332883345,3.9577475517662792,5.316571396825102,3.6539917474046546,4.649361857442185,60.817685577708566,8.679599645871866,10.473360277286593,3556.7767888093103,42051.00625139571,7.126346294770561,6.118308313178587,1.8311125799804409,0.6571582346609257,Low,0,1,0.13297336548270378,0.0320288514344553,0.07417021705452571,0.7305835658560428,-0.13991033170989442,-1.1175304058302242,-0.5108774058803224,-1.5123285343587667,1.437063558332626,0.4046023533364621,-0.13620911968157937,0.599273199975862,-0.3398815888114029,0.5488362384626414,-0.6106383516830006,-1.0987972149572356,0.6125530498969481
Bethany College,Yes,878,816,200,16,41,706,62,8740,3363,550,1700,62.0,68,11.6,29,7718,48,5.335518660001644,5.345224876130281,3.602355693875105,3.793745093657405,3.474572309885362,4.975981186631733,62.64073387317743,9.65214536925229,9.889943873748738,2140.223695713882,27520.52043115919,5.662278553171516,8.344048523822103,1.828900729483514,5.335518660001644,5.345224876130281,3.602355693875105,3.793745093657405,3.474572309885362,4.975981186631733,62.64073387317743,9.65214536925229,9.889943873748738,2140.223695713882,27520.52043115919,5.662278553171516,8.344048523822103,1.828900729483514,0.929384965831435,Low,0,1,-0.5826914470977534,-0.3825398654091073,-0.9233439972829369,-0.5868962977653778,-1.1037275733725336,-0.991411497696945,-0.31500229704223853,0.12378880488361321,0.7203603688354095,-0.7822010981159766,-0.9283850943804479,-0.5967914238632761,0.605737985971725,-0.23255550488226648,1.2411279287757164,-1.0987972149572356,0.6125530498969481
Bethel College KS,Yes,202,184,122,19,42,537,101,8540,3580,500,1400,61.0,80,8.8,32,8324,56,4.3964227454031315,4.368632843731716,3.379896939724738,4.08228841706668,3.4079778620547843,5.678147512215741,62.122352596719374,9.442351022087843,9.557721089085858,2072.1143548522737,42051.00625139571,4.67505985336124,8.821390068071972,1.8294767405890995,4.3964227454031315,4.368632843731716,3.379896939724738,4.08228841706668,3.4079778620547843,5.678147512215741,62.122352596719374,9.442351022087843,9.557721089085858,2072.1143548522737,42051.00625139571,4.67505985336124,8.821390068071972,1.8294767405890995,0.9108910891089109,Low,0,1,-2.1026375522751204,-2.017725385613976,-1.5477414460189312,-0.337261774390416,-1.4614640477788383,-0.7202810335864781,-0.3706991149478402,-0.22914901677242944,0.3122382660840021,-0.8392638380900032,-0.13620911968157937,-1.403296020123217,0.808539510579746,-0.029065114096444016,1.1153271407249636,-1.0987972149572356,0.6125530498969481
Bethel College,Yes,502,384,104,11,28,347,74,6200,2900,600,800,63.0,63,11.7,13,7623,35,4.989750517899085,4.863276300865382,3.304505304392071,3.2055940737410316,3.2931448835788815,5.2267123709420895,55.3585797938523,9.845917647123215,8.626435575433408,2209.4456195013977,22556.828963349828,5.695675107569281,5.2034945525684675,1.8288040763239783,4.989750517899085,4.863276300865382,3.304505304392071,3.2055940737410316,3.2931448835788815,5.2267123709420895,55.3585797938523,9.845917647123215,8.626435575433408,2209.4456195013977,22556.828963349828,5.695675107569281,5.2034945525684675,1.8288040763239783,0.7649402390438247,Low,0,1,-1.1423243160234842,-1.1895046015650756,-1.7593507618111646,-1.095737735489672,-2.0783314624626508,-0.8945956011036518,-1.0974240937706987,0.4497726389260374,-0.8318078970334455,-0.7242062241732836,-1.1989966331316235,-0.5695082346102578,-0.7285459060471434,-0.2667006611368595,0.12252653810695363,-1.0987972149572356,0.6125530498969481
Bethune Cookman College,Yes,1646,1150,542,12,30,2128,82,5188,3396,650,2500,48.0,48,13.8,9,6817,58,5.707853795782448,5.556451408379528,4.003396607831344,3.3372059894156245,3.7061494874973184,5.3741984698654015,51.90412402596437,10.026082431745259,10.56413657721219,1287.7609688263303,11132.909264168271,6.372586736365998,4.135322577728063,1.8279019981591813,5.707853795782448,5.556451408379528,4.003396607831344,3.3372059894156245,3.7061494874973184,5.3741984698654015,51.90412402596437,10.026082431745259,10.56413657721219,1287.7609688263303,11132.909264168271,6.372586736365998,4.135322577728063,1.8279019981591813,0.6986634264884569,Low,0,1,0.019940648999340557,-0.02886652428144533,0.20229803226725734,-0.9818731086748947,0.1402740779757207,-0.8376461676233993,-1.4685837065978347,0.7528645357434074,1.5485785299599362,-1.4964035600187222,-1.8218082056103093,-0.01650783055462927,-1.18236541463741,-0.5853824304533164,-0.3283078312388014,-1.0987972149572356,0.6125530498969481
Birmingham-Southern College,Yes,805,588,287,67,88,1376,207,11660,4325,400,900,74.0,79,14.0,34,8649,72,5.282741155855025,5.13876078218646,3.7547476818083094,6.578774260775254,3.6212518431206773,6.771281909460792,69.45253621211577,8.96107520321098,8.819245343756174,3044.4176772221554,40692.25666426344,6.434817764376509,9.126868146634914,1.8297597188056356,5.282741155855025,5.13876078218646,3.7547476818083094,6.578774260775254,3.6212518431206773,6.771281909460792,69.45253621211577,8.96107520321098,8.819245343756174,3044.4176772221554,40692.25666426344,6.434817764376509,9.126868146634914,1.8297597188056356,0.7304347826086957,Mid,1,1,-0.6681129260133892,-0.7282390782420975,-0.4956100164975276,1.8225839165201243,-0.3157847223309707,-0.29818440824111064,0.41688315428635947,-1.0388011424180428,-0.5949489827396871,-0.024657633443134833,-0.21028570541136532,0.03433157324728856,0.9383237726310382,0.07090404849162672,-0.11218972375194472,0.3581403891754813,0.6125530498969481
Blackburn College,Yes,500,336,156,25,55,421,27,6500,2700,500,1000,76.0,76,14.3,53,8377,51,4.9872311468855575,4.775289728548302,3.4925862878445186,4.568038251472815,3.3453232256672942,3.857904601077541,56.31056806027464,9.442351022087843,8.993154813797165,3210.7343245943,36780.940288277394,6.52749595239785,11.656811830378665,1.8295240410706382,4.9872311468855575,4.775289728548302,3.4925862878445186,4.568038251472815,3.3453232256672942,3.857904601077541,56.31056806027464,9.442351022087843,8.993154813797165,3210.7343245943,36780.940288277394,6.52749595239785,11.656811830378665,1.8295240410706382,0.672,Low,0,1,-1.1464019699670065,-1.3368275002293064,-1.2314448734949623,0.08298682799864276,-1.798036381609017,-1.4231391560978544,-0.9951389235086038,-0.22914901677242944,-0.3813083118461038,0.11468424657347391,-0.42352364534226566,0.11004466967325688,2.0131860854053287,-0.012355030941227267,-0.5096802992566043,-1.0987972149572356,0.6125530498969481
Bloomsburg Univ. of Pennsylvania,No,6773,3028,1025,15,55,5847,946,7844,2948,500,1680,75.0,68,18.0,19,7041,75,6.485881789491826,6.125979399147505,4.22926590780386,3.6884527234691826,3.8743780888030868,9.331472750181135,60.25360261327403,9.442351022087843,9.869557204263726,3127.017536070735,27520.52043115919,7.612181242529127,6.5349533390638825,1.8281686236105688,6.485881789491826,6.125979399147505,4.22926590780386,3.6884527234691826,3.8743780888030868,9.331472750181135,60.25360261327403,9.442351022087843,9.869557204263726,3127.017536070735,27520.52043115919,7.612181242529127,6.5349533390638825,1.8281686236105688,0.4470692455337369,Low,0,0,1.279195002441081,0.9247393755822713,0.836268204352713,-0.6779904542213022,1.0439756429851126,0.6903929495217187,-0.5714845836094821,-0.22914901677242944,0.6953161792059601,0.044545418704219096,-0.9283850943804479,0.9961742295717294,-0.16286735762255852,-0.4911902928883103,-2.039725437615475,-1.0987972149572356,-1.6325116659989423
Bluefield College,Yes,377,358,181,15,30,653,129,7150,4350,450,1500,61.0,67,17.8,3,6259,53,4.807198892549814,4.817178437524989,3.558746948347537,3.6884527234691826,3.455981717586146,6.042772544042071,58.27835466612744,9.213393432273651,9.675230393594894,2072.1143548522737,26478.47386189595,7.556028261153151,1.9499929539750755,1.8271748276904305,4.807198892549814,4.817178437524989,3.558746948347537,3.6884527234691826,3.455981717586146,6.042772544042071,58.27835466612744,9.213393432273651,9.675230393594894,2072.1143548522737,26478.47386189595,7.556028261153151,1.9499929539750755,1.8271748276904305,0.9496021220159151,Low,0,1,-1.4377878864959928,-1.2666899114446375,-1.0457450668833967,-0.6779904542213022,-1.2035937508527657,-0.5794868221535362,-0.7837125907287525,-0.6143252338289236,0.4565936404384389,-0.8392638380900032,-0.9851956007117693,0.9503002630614447,-2.110816300186537,-0.8422736629645549,1.3786509704998542,-1.0987972149572356,0.6125530498969481
Bluffton College,Yes,692,514,209,20,50,760,81,9900,3990,400,900,76.0,71,13.3,19,9073,58,5.189980930378041,5.0526605661756365,3.621377931477521,4.170730633321285,3.491842182075119,5.35649205443559,65.50331261305479,8.96107520321098,8.819245343756174,3210.7343245943,30798.352141016087,6.215398629296292,6.5349533390638825,1.8301051555980599,5.189980930378041,5.0526605661756365,3.621377931477521,4.170730633321285,3.491842182075119,5.35649205443559,65.50331261305479,8.96107520321098,8.819245343756174,3210.7343245943,30798.352141016087,6.215398629296292,6.5349533390638825,1.8301051555980599,0.7427745664739884,Mid,1,1,-0.8182472639839609,-0.8724035008839885,-0.8699523621748388,-0.26074560260699386,-1.010956127826071,-0.8444832209799878,-0.007436159806771041,-1.0388011424180428,-0.5949489827396871,0.11468424657347391,-0.7496836000340958,-0.1449220622273889,-0.16286735762255852,0.19293827179148482,-0.02825088508005347,0.3581403891754813,0.6125530498969481
Boston University,Yes,20192,13007,3810,45,80,14971,3113,18420,6810,475,1025,80.0,81,11.9,16,16836,72,7.0336973615051095,6.913782022285954,4.6296760625758715,5.715132863942859,4.000667172720742,11.589181363564949,81.74005486089466,9.330500213309353,9.034109800123034,3556.7767888093103,43437.61538665517,5.7621291159934716,5.900711370401069,1.8338472573772733,7.0336973615051095,6.913782022285954,4.6296760625758715,5.715132863942859,4.000667172720742,11.589181363564949,81.74005486089466,9.330500213309353,9.034109800123034,3556.7767888093103,43437.61538665517,5.7621291159934716,5.900711370401069,1.8338472573772733,0.6441660063391442,High,2,1,2.165845803592826,2.243819809785184,1.960139818407672,1.0754007694010428,1.7223837251669971,1.5621715607557831,1.7370999903743716,-0.4173160543227945,-0.33099678624008766,0.4046023533364621,-0.06061368145330422,-0.5152188828746125,-0.4323290036172367,1.5149297161030832,-0.699015309415438,1.8150779933081982,0.6125530498969481
Bowdoin College,Yes,3356,1019,418,76,100,1490,8,19030,5885,1495,875,93.0,96,11.2,52,20447,96,6.10976347903284,5.482568760016681,3.9047244394638128,6.86764541431284,3.6373613797334734,2.418201256824403,82.69127231706798,12.01395185470581,8.772976174293417,4805.090244554321,67728.00439442915,5.527531557925774,11.536863964324251,1.834786872343583,6.10976347903284,5.482568760016681,3.9047244394638128,6.86764541431284,3.6373613797334734,2.418201256824403,82.69127231706798,12.01395185470581,8.772976174293417,4805.090244554321,67728.00439442915,5.527531557925774,11.536863964324251,1.834786872343583,0.3036352800953516,High,2,1,0.670439760105228,-0.15257410409918515,-0.07465510641790439,2.072502063570248,-0.22924644444266268,-1.9790579201942156,1.8393023419081889,4.097064764963158,-0.6517887649745615,1.4504528230391855,1.263654675854437,-0.706872473805698,1.9622254883185175,1.8468723033700776,-3.0154054508501797,1.8150779933081982,0.6125530498969481
Bowling Green State University,No,9251,7333,3076,14,45,13699,1213,7452,3352,600,1700,81.0,89,21.1,14,6918,67,6.646761396788316,6.6136109775939875,4.569878491128108,3.5777357214550345,3.9898238796564054,9.783695203398276,59.15271802462014,9.845917647123215,9.889943873748738,3646.0827031697963,55559.757364651494,8.452122669247704,5.444039108195632,1.8280238656215624,6.646761396788316,6.6136109775939875,4.569878491128108,3.5777357214550345,3.9898238796564054,9.783695203398276,59.15271802462014,9.845917647123215,9.889943873748738,3646.0827031697963,55559.757364651494,8.452122669247704,5.444039108195632,1.8280238656215624,0.7926710625878284,Low,0,0,1.5395819647433355,1.741219614840369,1.7922999363801289,-0.7737777547234982,1.664135003867308,0.865011525141902,-0.6897677301156425,0.4497726389260374,0.7203603688354095,0.47942381108114585,0.6002637149158834,1.6823612126260927,-0.6263490551654358,-0.5423296884080125,0.3111597547912219,-1.0987972149572356,-1.6325116659989423
Bradford College,Yes,443,330,151,5,36,453,42,14080,6270,500,900,57.0,80,10.2,21,15387,46,4.910501374090465,4.763356273355275,3.477889007806558,2.1486200566855134,3.364533407794401,4.439680050749519,74.2878789522313,9.442351022087843,8.819245343756174,1810.795332056283,42051.00625139571,5.182041400569177,6.929932557777247,1.8333773676209073,4.910501374090465,4.763356273355275,3.477889007806558,2.1486200566855134,3.364533407794401,4.439680050749519,74.2878789522313,9.442351022087843,8.819245343756174,1810.795332056283,42051.00625139571,5.182041400569177,6.929932557777247,1.8333773676209073,0.744920993227991,Mid,1,1,-1.2705906896686623,-1.3568086310293646,-1.2726972134809096,-2.0101834480079033,-1.6948418503721536,-1.1984957319825702,0.9364104141201304,-0.22914901677242944,-0.5949489827396871,-1.0581997323364798,-0.13620911968157937,-0.989119355802782,0.004942020606680277,1.3489293573912877,-0.013650259089188311,0.3581403891754813,0.6125530498969481
Bradley University,Yes,3767,3414,1061,30,58,4531,643,10870,4440,2000,1522,75.0,81,14.4,21,7671,85,6.172985585882631,6.19391451624055,4.240876026858075,4.908029058750458,3.8353897133648847,8.64824172066734,67.73209204578363,12.759586154698233,9.700106009732485,3127.017536070735,43437.61538665517,6.558213800428661,6.929932557777247,1.8288531423486956,6.172985585882631,6.19391451624055,4.240876026858075,4.908029058750458,3.8353897133648847,8.64824172066734,67.73209204578363,12.759586154698233,9.700106009732485,3127.017536070735,43437.61538665517,6.558213800428661,6.929932557777247,1.8288531423486956,0.9062914786302098,Mid,1,1,0.772766043899711,1.038488531932784,0.8688554978699314,0.3771313679720627,0.8345353003370942,0.4265740516663208,0.23203221579628247,5.351448160646715,0.48715231742867665,0.044545418704219096,-0.06061368145330422,0.13513949985508442,0.004942020606680277,-0.24936685550846904,1.0840392376190466,0.3581403891754813,0.6125530498969481
Brandeis University,Yes,4186,2743,740,48,77,2819,62,19380,6750,410,1000,90.0,97,9.8,24,17150,84,6.230234815034893,6.069578991060059,4.116565188609201,5.850264966480015,3.7567553424813083,4.975981186631733,83.2280343423182,9.013656920924442,8.993154813797165,4500.210363367248,69589.80855298844,5.040133026699524,7.488071014907595,1.8339409324960654,6.230234815034893,6.069578991060059,4.116565188609201,5.850264966480015,3.7567553424813083,4.975981186631733,83.2280343423182,9.013656920924442,8.993154813797165,4500.210363367248,69589.80855298844,5.040133026699524,7.488071014907595,1.8339409324960654,0.65527950310559,High,2,1,0.8654251019593864,0.8303036976546846,0.5199397154846517,1.192310901338738,0.4121219682434848,-0.991411497696945,1.8969740560242403,-0.9503427203511436,-0.3813083118461038,1.1950211720584536,1.3651568927969056,-1.1050508670227819,0.24207061628816592,1.5480228046652182,-0.6234180362101066,1.8150779933081982,0.6125530498969481
Brenau University,Yes,367,274,158,12,41,917,479,9592,5879,500,700,71.0,80,13.7,12,5935,49,4.789869157423845,4.6393491267783435,3.4983143077567753,3.3372059894156245,3.5346092868087644,8.142453755905178,64.7657267901838,9.442351022087843,8.409880082919223,2803.316583884286,42051.00625139571,6.341334969722225,4.953607358725779,1.8267049275572713,4.789869157423845,4.6393491267783435,3.4983143077567753,3.3372059894156245,3.5346092868087644,8.142453755905178,64.7657267901838,9.442351022087843,8.409880082919223,2803.316583884286,42051.00625139571,6.341334969722225,4.953607358725779,1.8267049275572713,0.7465940054495913,Mid,1,1,-1.4658364201963372,-1.5644436349587898,-1.2153674616026684,-0.9818731086748947,-0.7812169563728836,0.2312719976787625,-0.08668513181226821,-0.22914901677242944,-1.0978374622751548,-0.22665472844581655,-0.13620911968157937,-0.042038843535126456,-0.8347120348951067,-1.0082776875391843,-0.0022699379670338736,0.3581403891754813,0.6125530498969481
Brewton-Parker College,Yes,1436,1228,1202,10,26,1320,822,4371,2370,500,2000,62.0,62,12.6,10,4900,18,5.6284337301561305,5.596282862798212,4.282326343811851,3.0648578681207974,3.612730481737923,9.080181758705589,48.775733577859214,9.442351022087843,10.171715522398618,2140.223695713882,21636.86172344196,5.991285805830951,4.421054272265976,1.8248938146836076,5.6284337301561305,5.596282862798212,4.282326343811851,3.0648578681207974,3.612730481737923,9.080181758705589,48.775733577859214,9.442351022087843,10.171715522398618,2140.223695713882,21636.86172344196,5.991285805830951,4.421054272265976,1.8248938146836076,0.8551532033426184,Low,0,1,-0.10860236513277889,0.03782643997934796,0.9851982880383153,-1.2174962818199055,-0.36156033692821155,0.5933608922112563,-1.8047096452433722,-0.22914901677242944,1.0665053144911143,-0.7822010981159766,-1.2491515938109201,-0.3280101887390996,-1.060970526681064,-1.6480988000930372,0.7361816506318815,-1.0987972149572356,0.6125530498969481
Briar Cliff College,Yes,392,351,155,16,44,738,430,10260,3597,600,1500,39.0,66,13.1,26,8355,58,4.832291434812029,4.804155309026968,3.489690539899225,3.793745093657405,3.4849924771103775,7.9603250354172355,66.346561724562,9.845917647123215,9.675230393594894,854.3711902890158,25461.318422189914,6.151859860146799,7.840523349237043,1.8295044630925956,4.832291434812029,4.804155309026968,3.489690539899225,3.793745093657405,3.4849924771103775,7.9603250354172355,66.346561724562,9.845917647123215,9.675230393594894,854.3711902890158,25461.318422189914,6.151859860146799,7.840523349237043,1.8295044630925956,0.8954081632653061,Mid,1,1,-1.3971750893497534,-1.2884955687111916,-1.239572661660142,-0.5868962977653778,-1.0477518275373146,0.16094586167007482,0.08316567005402882,0.4497726389260374,0.4565936404384389,-1.8595021883012293,-1.0406490873905974,-0.19682982022428813,0.3918121831278882,-0.019271443427096007,1.0100077259975677,0.3581403891754813,0.6125530498969481
Bridgewater College,Yes,838,673,292,22,53,881,55,10265,4725,560,875,75.0,73,13.2,24,8655,82,5.3072095248513,5.224395472186831,3.761827705356928,4.337922600177787,3.5256348265415864,4.80871400713846,66.35813560198049,9.692095459172343,8.772976174293417,3127.017536070735,33112.30773484874,6.183677590318551,7.488071014907595,1.829764788477354,5.3072095248513,5.224395472186831,3.761827705356928,4.337922600177787,3.5256348265415864,4.80871400713846,66.35813560198049,9.692095459172343,8.772976174293417,3127.017536070735,33112.30773484874,6.183677590318551,7.488071014907595,1.829764788477354,0.8031026252983293,Mid,1,1,-0.6285103661706806,-0.5848541227331717,-0.4757377994762998,-0.1160987382636973,-0.8294265576274429,-1.0559990837916504,0.0844092106144527,0.19099699186252314,-0.6517887649745615,0.044545418704219096,-0.6235308993858222,-0.17083644547256602,0.24207061628816592,0.07269503736169379,0.3821183120083568,0.3581403891754813,0.6125530498969481
Brigham Young University at Provo,Yes,7365,5402,4615,48,82,27378,1253,2340,3580,860,1220,76.0,76,20.5,40,7916,33,6.52948243056335,6.448530345718739,4.681565561485283,5.850264966480015,4.069032794460386,9.843433384156823,38.80723998185474,10.670895253757104,9.325105604913242,3210.7343245943,36780.940288277394,8.293739664552158,9.991196421752138,1.8290963975128416,6.52948243056335,6.448530345718739,4.681565561485283,5.850264966480015,4.069032794460386,9.843433384156823,38.80723998185474,10.670895253757104,9.325105604913242,3210.7343245943,36780.940288277394,8.293739664552158,9.991196421752138,1.8290963975128416,0.73346911065852,Low,0,1,1.3497635392110787,1.4648120158087699,2.105783314699689,1.192310901338738,2.089634709122236,0.8880784824767024,-2.875761779694335,1.8376355786846115,0.026479657957832952,0.11468424657347391,-0.42352364534226566,1.5529708138411364,1.3055390172857926,-0.16343085890571002,-0.09154933203745326,-1.0987972149572356,0.6125530498969481
Brown University,Yes,12586,3239,1462,87,95,5643,349,19528,5926,720,1100,99.0,100,7.6,39,20440,97,6.802030681840759,6.164190871438257,4.345775478451996,7.18595721628632,3.8690779396464703,7.612953649075793,83.4530923612345,10.258991557025972,9.15165023999676,5445.147189539932,75365.02473070551,4.214968138258781,9.85206621604371,1.8347853022219636,6.802030681840759,6.164190871438257,4.345775478451996,7.18595721628632,3.8690779396464703,7.612953649075793,83.4530923612345,10.258991557025972,9.15165023999676,5445.147189539932,75365.02473070551,4.214968138258781,9.85206621604371,1.8347853022219636,0.2573494358811378,High,2,1,1.7908885047893888,0.9887198752409522,1.1632873812058255,2.347890916902214,1.015503950000447,0.026813873612804462,1.9211551290433597,1.1446884358218732,-0.18660316336359328,1.9866994311879236,1.6800113003699915,-1.7791662128196926,1.2464286838639715,1.846317618471102,-3.330255374698259,1.8150779933081982,0.6125530498969481
Bryn Mawr College,Yes,1465,810,313,71,95,1088,16,18165,6750,500,1200,100.0,100,12.3,49,17449,89,5.6401174035306125,5.340626077423943,3.7901088084969796,6.710733946385493,3.5720538185077344,3.207626764886808,81.33627873956377,9.442351022087843,9.297325805521908,5555.753581215777,75365.02473070551,5.893715394744267,11.169601799750874,1.834027706190828,5.6401174035306125,5.340626077423943,3.7901088084969796,6.710733946385493,3.5720538185077344,3.207626764886808,81.33627873956377,9.442351022087843,9.297325805521908,5555.753581215777,75365.02473070551,5.893715394744267,11.169601799750874,1.834027706190828,0.552901023890785,High,2,1,-0.08969209881850071,-0.39023999894027245,-0.39635837152107606,1.9367494180219447,-0.5800699359806818,-1.6742336975236374,1.693716777813035,-0.22914901677242944,-0.007646689375954711,2.0793666584407675,1.6800113003699915,-0.40771996836088487,1.806191872967965,1.57867779184511,-1.3198265587657974,1.8150779933081982,0.6125530498969481
Bucknell University,Yes,6548,3813,862,49,85,3316,31,18550,4750,800,1200,95.0,97,14.2,36,13675,93,6.468226728887155,6.255995118993086,4.170064958223494,5.8938321544801,3.7845873010592324,4.0366990046322035,81.94448929767914,10.50211456361832,9.297325805521908,5013.952455197691,69589.80855298844,6.496691212510575,9.42317822480527,1.8327257296154988,6.468226728887155,6.255995118993086,4.170064958223494,5.8938321544801,3.7845873010592324,4.0366990046322035,81.94448929767914,10.50211456361832,9.297325805521908,5013.952455197691,69589.80855298844,6.496691212510575,9.42317822480527,1.8327257296154988,0.5823152107513745,High,2,1,1.250619922744123,1.1424350104405132,0.6701029211661362,1.23000324536072,0.561631530404269,-1.3541005140413436,1.7590651888032558,1.553695186961413,-0.007646689375954711,1.6254398345940284,1.3651568927969056,0.0848788535167615,1.0642129526815685,1.118721864713379,-1.1197426097672865,1.8150779933081982,0.6125530498969481
Buena Vista College,Yes,860,688,285,32,70,1928,442,13306,3797,450,950,62.0,69,8.8,10,6333,78,5.322954437149836,5.2383011302725935,3.7518757621191576,5.0317442595355875,3.6876345716095837,8.006614395694934,72.80525397370658,9.213393432273651,8.90831952942552,2140.223695713882,28587.693255152724,4.67505985336124,4.421054272265976,1.8272769191026497,5.322954437149836,5.2383011302725935,3.7518757621191576,5.0317442595355875,3.6876345716095837,8.006614395694934,72.80525397370658,9.213393432273651,8.90831952942552,2140.223695713882,28587.693255152724,4.67505985336124,4.421054272265976,1.8272769191026497,0.8,Mid,1,1,-0.6030269009010543,-0.56157077616018,-0.5036709234900614,0.48416411722208674,0.040814424064959866,0.17881976886012757,0.7771116562340152,-0.6143252338289236,-0.48552498885819567,-0.7822010981159766,-0.870204749794732,-1.403296020123217,-1.060970526681064,-0.8062073073562886,0.36101334232503157,0.3581403891754813,0.6125530498969481
Butler University,Yes,2362,2037,700,40,68,2607,148,13130,4650,500,1600,77.0,81,10.9,29,9511,83,5.914226914222313,5.89741964769275,4.096767004830902,5.473292195405891,3.742997046615865,6.251191981673567,72.46025582508304,9.442351022087843,9.785696442692036,3295.568346309384,43437.61538665517,5.425214130072482,8.344048523822103,1.8304367893657814,5.914226914222313,5.89741964769275,4.096767004830902,5.473292195405891,3.742997046615865,6.251191981673567,72.46025582508304,9.442351022087843,9.785696442692036,3295.568346309384,43437.61538665517,5.425214130072482,8.344048523822103,1.8304367893657814,0.8624047417442845,Mid,1,1,0.35395979732039895,0.5420436503647322,0.464370153891133,0.8661712529818544,0.3382142414422329,-0.4990089399257461,0.7400437683022836,-0.22914901677242944,0.5922966635947635,0.18575910445405372,-0.06061368145330422,-0.7904603108847902,0.605737985971725,0.31009622992291536,0.7855087473351297,0.3581403891754813,0.6125530498969481
Cabrini College,Yes,599,494,224,8,28,1035,446,10518,6250,300,300,59.0,76,16.5,36,7117,71,5.10052306640721,5.027103471206351,3.6510761634657274,2.7493332105333432,3.561261881446964,8.021789672521482,66.93900305784278,8.360621760581918,7.0851504204901765,1939.231936198742,36780.940288277394,7.184542364269632,9.42317822480527,1.8282561332099727,5.10052306640721,5.027103471206351,3.6510761634657274,2.7493332105333432,3.561261881446964,8.021789672521482,66.93900305784278,8.360621760581918,7.0851504204901765,1939.231936198742,36780.940288277394,7.184542364269632,9.42317822480527,1.8282561332099727,0.8247078464106845,Mid,1,1,-0.9630366617507282,-0.9151957726268133,-0.7865953355825228,-1.490473824946659,-0.6380427796921677,0.18467946292273418,0.14681977670878904,-2.0489462340837274,-2.7252136699495475,-0.9505941608742655,-0.42352364534226566,0.646816259628484,1.0642129526815685,-0.4602753289101036,0.5290833795668957,0.3581403891754813,0.6125530498969481
Caldwell College,Yes,1011,604,213,17,42,693,868,8900,4600,425,1000,87.0,96,13.9,25,7922,55,5.420571851436392,5.155851807608479,3.6295318478622507,3.894175451333956,3.4701734918275093,9.17720501701225,63.049855471366776,9.090470749740545,8.993154813797165,4205.420538622495,67728.00439442915,6.4037473763683845,7.666103609271758,1.8291022088595807,5.420571851436392,5.155851807608479,3.6295318478622507,3.894175451333956,3.4701734918275093,9.17720501701225,63.049855471366776,9.090470749740545,8.993154813797165,4205.420538622495,67728.00439442915,6.4037473763683845,7.666103609271758,1.8291022088595807,0.5974282888229476,Mid,1,1,-0.44503110267018814,-0.6996222184189643,-0.8470659416908405,-0.5000085327852752,-1.127357436143893,0.630824894821059,-0.2710447465085932,-0.8211185263638522,-0.3813083118461038,0.9480430791331619,1.263654675854437,0.008948736859618622,0.31770887154146105,-0.16137785470583174,-1.0169390083481804,0.3581403891754813,0.6125530498969481
California Lutheran University,Yes,563,247,247,23,52,1427,432,12950,5300,612,576,72.0,74,12.4,17,8985,60,5.0618181480952105,4.569501852456387,3.6924295348905964,4.417175042264962,3.628652480966019,7.968121096476287,72.10425976672396,9.890319308733991,8.097531106308846,2882.5675146975664,34308.59715981074,5.92634355842144,6.118308313178587,1.8300355332254188,5.0618181480952105,4.569501852456387,3.6924295348905964,4.417175042264962,3.628652480966019,7.968121096476287,72.10425976672396,9.890319308733991,8.097531106308846,2882.5675146975664,34308.59715981074,5.92634355842144,6.118308313178587,1.8300355332254188,0.43872113676731794,Mid,1,1,-1.0256813702677314,-1.681394467863423,-0.6705246522194981,-0.04753313995778422,-0.27602948480898143,0.16395618782238103,0.7017942239263457,0.5244697217532128,-1.4815454046904608,-0.16025744430696973,-0.558311349746167,-0.38106451301120514,-0.3398815888114029,0.1683424199428151,-2.0965117284135446,0.3581403891754813,0.6125530498969481
California Polytechnic-San Luis,No,7811,3817,1650,47,73,12911,1404,7380,4877,612,2091,72.0,81,19.8,13,8453,59,6.559914401236381,6.256581709666972,4.384015690096743,5.805977812818098,3.982470592572294,10.054272707261724,58.94640490820833,9.890319308733991,10.249450925094981,2882.5675146975664,43437.61538665517,8.106524676578005,5.2034945525684675,1.8295910684548822,6.559914401236381,6.256581709666972,4.384015690096743,5.805977812818098,3.982470592572294,10.054272707261724,58.94640490820833,9.890319308733991,10.249450925094981,2882.5675146975664,43437.61538665517,8.106524676578005,5.2034945525684675,1.8295910684548822,0.4886698246063244,Low,0,0,1.3990183113576709,1.1434171857444317,1.2706200446530245,1.1539956758627181,1.6246341283069352,0.9694907653551544,-0.7119347808911651,0.5244697217532128,1.1620000772565902,-0.16025744430696973,-0.06061368145330422,1.4000262349763708,-0.7285459060471434,0.011324076077558792,-1.7567460650794124,-1.0987972149572356,-1.6325116659989423
California State University at Fresno,No,4540,3294,1483,5,60,13494,1254,7706,4368,600,1926,90.0,90,21.2,8,7268,61,6.2740005129245615,6.173714136035616,4.350321376527307,2.1486200566855134,3.9879614971843913,9.844904401315976,59.87025696171513,9.845917647123215,10.106047723529729,4500.210363367248,57206.93660181433,8.478338256728446,3.8339176338051995,1.8284257965264985,6.2740005129245615,6.173714136035616,4.350321376527307,2.1486200566855134,3.9879614971843913,9.844904401315976,59.87025696171513,9.845917647123215,10.106047723529729,4500.210363367248,57206.93660181433,8.478338256728446,3.8339176338051995,1.8284257965264985,0.7255506607929515,Low,0,0,0.9362607865935916,1.0046654327082136,1.1760468123699486,-2.0101834480079033,1.654130534106865,0.8886464925770783,-0.6126726702928329,0.4497726389260374,0.9858351094519782,1.1950211720584536,0.6900649668386472,1.703777938019297,-1.310419180097965,-0.400337500894166,-0.14541295664005874,-1.0987972149572356,-1.6325116659989423
Calvin College,Yes,1784,1512,913,29,56,3401,136,10230,3710,400,1210,75.0,81,14.8,41,7786,81,5.754331761051138,5.721362777955041,4.189889965479913,4.843751032487945,3.788836959869212,6.122615113678484,66.27704052907386,8.96107520321098,9.311268854029498,3127.017536070735,43437.61538665517,6.680232225176779,10.12852980378421,1.8289687933374943,5.754331761051138,5.721362777955041,4.189889965479913,4.843751032487945,3.788836959869212,6.122615113678484,66.27704052907386,8.96107520321098,9.311268854029498,3127.017536070735,43437.61538665517,6.680232225176779,10.12852980378421,1.8289687933374943,0.8475336322869955,Mid,1,1,0.09516619432280915,0.24725766545286093,0.7257477709242769,0.32152095127645364,0.5844601296289293,-0.5486568717948546,0.07569605349661883,-1.0388011424180428,0.009481775432553024,0.044545418704219096,-0.06061368145330422,0.2348219920998793,1.3638859589907049,-0.20851023889601608,0.6843510875872699,0.3581403891754813,0.6125530498969481
Campbell University,Yes,2087,1339,657,20,54,3191,1204,7550,2790,600,500,77.0,77,21.8,34,3739,63,5.844109695953796,5.648529533706141,4.073971246307319,4.170730633321285,3.778090395211866,9.77000643586859,59.431439536158976,9.845917647123215,7.873683591318896,3295.568346309384,38057.447169980325,8.634572408958013,9.126868146634914,1.8219957662611093,5.844109695953796,5.648529533706141,4.073971246307319,4.170730633321285,3.778090395211866,9.77000643586859,59.431439536158976,9.845917647123215,7.873683591318896,3295.568346309384,38057.447169980325,8.634572408958013,9.126868146634914,1.8219957662611093,0.6415908001916627,Low,0,1,0.24047363349370748,0.12530718620019,0.4003869965706257,-0.26074560260699386,0.5267310204053057,0.8597258232245718,-0.6598208512842492,0.4497726389260374,-1.756532921293452,0.18575910445405372,-0.3539307841170397,1.8314128398805933,0.9383237726310382,-2.671907195958954,-0.7165326189339857,-1.0987972149572356,0.6125530498969481
Campbellsville College,Yes,848,587,298,25,55,935,184,6060,3070,600,1300,62.0,66,17.7,13,5391,49,5.314420590286358,5.137676141972576,3.770141507942795,4.568038251472815,3.538937020113839,6.586887584019639,54.903943458304276,9.845917647123215,9.432165418805424,2140.223695713882,25461.318422189914,7.527854978439318,5.2034945525684675,1.8258198645877628,5.314420590286358,5.137676141972576,3.770141507942795,4.568038251472815,3.538937020113839,6.586887584019639,54.903943458304276,9.845917647123215,9.432165418805424,2140.223695713882,25461.318422189914,7.527854978439318,5.2034945525684675,1.8258198645877628,0.6922169811320755,Low,0,1,-0.6168391080469758,-0.7300551774048354,-0.45240261024656314,0.08298682799864276,-0.7579689513940482,-0.369385371908251,-1.1462719174562,0.4497726389260374,0.1579982604829097,-0.7822010981159766,-1.0406490873905974,0.9272842059255697,-0.7285459060471434,-1.320948411747339,-0.37215844829040096,-1.0987972149572356,0.6125530498969481
Canisius College,Yes,2853,2193,753,16,34,2978,434,10750,5340,400,1130,90.0,92,14.6,26,7972,64,6.019992581592439,5.940446283252174,4.122734719384956,3.793745093657405,3.766271283780183,7.975884309641864,67.46364204556323,8.96107520321098,9.196598823689586,4500.210363367248,60591.59251052614,6.61939203611697,7.840523349237043,1.8291503741430803,6.019992581592439,5.940446283252174,4.122734719384956,3.793745093657405,3.766271283780183,7.975884309641864,67.46364204556323,8.96107520321098,9.196598823689586,4500.210363367248,60591.59251052614,6.61939203611697,7.840523349237043,1.8291503741430803,0.768664563617245,Mid,1,1,0.52514371121213,0.6140865599071155,0.5372563605004562,-0.5868962977653778,0.46324033323957886,0.1669538302781348,0.2031889464536947,-1.0388011424180428,-0.13138566673394933,1.1950211720584536,0.8745903245365926,0.18511882893705714,0.3918121831278882,-0.14436225853658483,0.1478604890855732,0.3581403891754813,0.6125530498969481
Capital University,Yes,1747,1382,449,34,66,1662,960,13050,4000,500,800,64.0,69,12.1,27,9557,83,5.742259128319162,5.667535112416678,3.932292963542258,5.149577531776267,3.6590198068330815,9.357924970757132,72.30243375406226,9.442351022087843,8.626435575433408,2279.780490462643,28587.693255152724,5.828139320813687,8.01153343199436,1.8304702523384493,5.742259128319162,5.667535112416678,3.932292963542258,5.149577531776267,3.6590198068330815,9.357924970757132,72.30243375406226,9.442351022087843,8.626435575433408,2279.780490462643,28587.693255152724,5.828139320813687,8.01153343199436,1.8304702523384493,0.7910704064109902,Mid,1,1,0.07562638926674231,0.15712973449013912,0.0027242539302285234,0.5861080901616065,-0.11290026838439143,0.7006070577467998,0.7230867763152471,-0.22914901677242944,-0.8318078970334455,-0.6652789110911722,-0.870204749794732,-0.4612920948206636,0.464466880638092,0.3219178655112278,0.30027162076363334,0.3581403891754813,0.6125530498969481
Capitol College,Yes,100,90,35,10,52,282,331,8400,2812,300,2134,10.0,50,12.1,24,7976,52,3.9121704770015517,3.864842870251139,2.7422931534359174,3.0648578681207974,3.234678901944848,7.525834714363311,61.75472188110785,8.360621760581918,10.285098473246919,62.44275133288319,12375.06058212006,5.828139320813687,7.488071014907595,1.829154207236795,3.9121704770015517,3.864842870251139,2.7422931534359174,3.0648578681207974,3.234678901944848,7.525834714363311,61.75472188110785,8.360621760581918,10.285098473246919,62.44275133288319,12375.06058212006,5.828139320813687,7.488071014907595,1.829154207236795,0.9,Low,0,1,-2.8864098356365715,-2.8612609076441524,-3.337368377014188,-1.2174962818199055,-2.3924029027075435,-0.006825730482078455,-0.41019873029626974,-2.0489462340837274,1.2057916321448667,-2.5229883712318713,-1.7540883479816314,-0.4612920948206636,0.24207061628816592,-0.1430081219056232,1.0412427498106844,-1.0987972149572356,0.6125530498969481
Carleton College,Yes,2694,1579,489,75,93,1870,12,19292,3957,550,550,81.0,93,10.4,60,17960,91,5.988033737177371,5.747202955743985,3.9647836357214574,6.836931732934785,3.6818231043544145,2.8693773520738253,83.09368032802129,9.65214536925229,8.024199890786795,3646.0827031697963,62329.492559452454,5.252173428845612,12.465196378141519,1.8341708175387734,5.988033737177371,5.747202955743985,3.9647836357214574,6.836931732934785,3.6818231043544145,2.8693773520738253,83.09368032802129,9.65214536925229,8.024199890786795,3646.0827031697963,62329.492559452454,5.252173428845612,12.465196378141519,1.8341708175387734,0.5861172976985894,High,2,1,0.47341766242464334,0.2905239252197197,0.09391910438190838,2.045929987248018,0.009595998584790386,-1.8048433792180707,1.882538559587504,0.12378880488361321,-1.5716298036474603,0.47942381108114585,0.9693375120855497,-0.9318252596102692,2.356633289468622,1.6292354700511187,-1.0938796962541568,1.8150779933081982,0.6125530498969481
Carnegie Mellon University,Yes,8728,5201,1191,60,89,4265,291,17900,5690,450,1250,86.0,93,9.2,31,24386,74,6.617012509553636,6.427800339515652,4.2792996343884395,6.332033025583393,3.8258142523688403,7.315641802534693,80.91270279801103,9.213393432273651,9.365994585919545,4109.398290283845,62329.492559452454,4.822936683771344,8.66494745865426,1.8355572489016936,6.617012509553636,6.427800339515652,4.2792996343884395,6.332033025583393,3.8258142523688403,7.315641802534693,80.91270279801103,9.213393432273651,9.365994585919545,4109.398290283845,62329.492559452454,4.822936683771344,8.66494745865426,1.8355572489016936,0.5958982584784601,High,2,1,1.491432777229253,1.4301021217562964,0.976702917068261,1.6091146533387966,0.7830972034817116,-0.08798841183029611,1.6482061987137038,-0.6143252338289236,0.07671009872843897,0.8675946043813189,0.9693375120855497,-1.2824886008259322,0.7420738947418721,2.119027172160029,-1.0273467246948385,1.8150779933081982,0.6125530498969481
Carroll College,Yes,1160,991,352,19,55,1357,737,12200,3880,480,930,74.0,81,17.8,25,7666,79,5.5026388218526225,5.465459457973275,3.837249346644259,4.08228841706668,3.6184087936993796,8.887068862795092,70.58490085333895,9.35327442003725,8.87322295347243,3044.4176772221554,43437.61538665517,7.556028261153151,7.666103609271758,1.8288480534210878,5.5026388218526225,5.465459457973275,3.837249346644259,4.08228841706668,3.6184087936993796,8.887068862795092,70.58490085333895,9.35327442003725,8.87322295347243,3044.4176772221554,43437.61538665517,7.556028261153151,7.666103609271758,1.8288480534210878,0.8543103448275862,Mid,1,1,-0.3122040185472807,-0.18122156591952795,-0.2640442629411666,-0.337261774390416,-0.33105720389167687,0.5187933899170081,0.538548635061208,-0.37900292043178496,-0.5286396969354419,-0.024657633443134833,-0.06061368145330422,0.9503002630614447,0.31770887154146105,-0.25116464700509344,0.7304482791491357,0.3581403891754813,0.6125530498969481
Carson-Newman College,Yes,1096,951,464,27,62,1776,239,8150,3150,400,500,61.0,62,13.6,16,6716,67,5.468860349728209,5.440099186429626,3.944854757807274,4.709852044651068,3.6719217539724824,6.9989921501577275,61.08809692860305,8.96107520321098,7.873683591318896,2072.1143548522737,21636.86172344196,6.309991187296932,5.900711370401069,1.8277773137170885,5.468860349728209,5.440099186429626,3.944854757807274,4.709852044651068,3.6719217539724824,6.9989921501577275,61.08809692860305,8.96107520321098,7.873683591318896,2072.1143548522737,21636.86172344196,6.309991187296932,5.900711370401069,1.8277773137170885,0.8677007299270073,Low,0,1,-0.3668751723093476,-0.2236842805853324,0.037982710359957865,0.20567765393688317,-0.04359273250139943,-0.21025768633299818,-0.4818234017054697,-1.0388011424180428,-1.756532921293452,-0.8392638380900032,-1.2491515938109201,-0.06764502846155519,-0.4323290036172367,-0.6294303413361905,0.8215336163709752,-1.0987972149572356,0.6125530498969481
Carthage College,Yes,1616,1427,434,20,43,1405,580,13125,3775,500,1300,74.0,89,15.9,22,7364,62,5.697196533471659,5.686758977998738,3.919237253168712,4.170730633321285,3.6255002344630376,8.469626264306635,72.45041048280365,9.442351022087843,9.432165418805424,3044.4176772221554,55559.757364651494,7.0090747632262,7.12024725786717,1.8285308618989986,5.697196533471659,5.686758977998738,3.919237253168712,4.170730633321285,3.6255002344630376,8.469626264306635,72.45041048280365,9.442351022087843,9.432165418805424,3044.4176772221554,55559.757364651494,7.0090747632262,7.12024725786717,1.8285308618989986,0.8830445544554455,Mid,1,1,0.0026916501597886956,0.1893177778074135,-0.03392052671602056,-0.26074560260699386,-0.2929629317729835,0.3576045072494735,0.7389859480046441,-0.22914901677242944,0.1579982604829097,-0.024657633443134833,0.6002637149158834,0.5034686642441683,0.08579840488433134,-0.3632205191193567,0.9259068230464086,0.3581403891754813,0.6125530498969481
Case Western Reserve University,Yes,3877,3156,713,71,93,3051,513,15700,4730,525,1460,95.0,95,2.9,29,19733,67,6.188653382789886,6.149486765632033,4.103341759371678,6.710733946385493,3.770434982246524,8.259088157946406,77.22596598030565,9.549427133265993,9.629123524987298,5013.952455197691,65897.48921732574,2.0531185308443827,8.344048523822103,1.8346223186540618,6.188653382789886,6.149486765632033,4.103341759371678,6.710733946385493,3.770434982246524,8.259088157946406,77.22596598030565,9.549427133265993,9.629123524987298,5013.952455197691,65897.48921732574,2.0531185308443827,8.344048523822103,1.8346223186540618,0.8140314676296105,High,2,1,0.798124696318164,0.9640996243027534,0.48282418136694616,1.9367494180219447,0.48560716498551015,0.27630853447135695,1.2520894434855123,-0.04901447100702777,0.39995323816588035,1.6254398345940284,1.1638582779526243,-3.5452811021927726,0.605737985971725,1.7887395794326155,0.45645951144347224,1.8150779933081982,0.6125530498969481
Castleton State College,No,1257,940,363,9,22,1547,294,7656,4690,400,700,75.0,91,14.7,8,6318,79,5.55019918977674,5.432924838224757,3.849462742456408,2.91344153033716,3.644862637590635,7.332292332072931,59.73025103468005,8.96107520321098,8.409880082919223,3127.017536070735,58884.14428434742,6.649854000037834,3.8339176338051995,1.8272563740004777,5.55019918977674,5.432924838224757,3.849462742456408,2.91344153033716,3.644862637590635,7.332292332072931,59.73025103468005,8.96107520321098,8.409880082919223,3127.017536070735,58884.14428434742,6.649854000037834,3.8339176338051995,1.8272563740004777,0.7478122513922036,Low,0,0,-0.2352265822031233,-0.2356968609795194,-0.22976369162971375,-1.348494791392716,-0.18895068966351802,-0.08155907217543215,-0.6277154293158018,-1.0388011424180428,-1.0978374622751548,0.044545418704219096,0.781503315639944,0.21000461555961872,-1.310419180097965,-0.8134653807322536,0.006016929190115975,-1.0987972149572356,-1.6325116659989423
Catawba College,Yes,1083,880,291,13,34,915,80,9270,4100,600,1860,75.0,82,13.5,27,8425,55,5.461740704502263,5.392141709232539,3.7604229347750984,3.4609232634102094,3.5341220443282166,5.33858713922954,63.97778381540205,9.845917647123215,10.045476681292872,3127.017536070735,44852.305090025206,6.278554485115751,8.01153343199436,1.8295664826724085,5.461740704502263,5.392141709232539,3.7604229347750984,3.4609232634102094,3.5341220443282166,5.33858713922954,63.97778381540205,9.845917647123215,10.045476681292872,3127.017536070735,44852.305090025206,6.278554485115751,8.01153343199436,1.8295664826724085,0.8125577100646353,Mid,1,1,-0.37839846493920515,-0.30398328948225134,-0.47968071091938363,-0.8748385657786061,-0.7838343578658066,-0.8513969218978396,-0.17134466405131193,0.4497726389260374,0.9114260614734201,0.044545418704219096,0.01651265888576715,-0.09332712383236806,0.464466880638092,0.0026385308947871338,0.4464345790914661,0.3581403891754813,0.6125530498969481
Catholic University of America,Yes,1754,1465,505,24,49,2159,211,13712,6408,526,1100,90.0,96,9.3,18,12751,75,5.744564058158374,5.702494134866882,3.9769306698695135,4.493818501377219,3.708829025868667,6.801431274813912,73.58982304530713,9.553616953635995,9.15165023999676,4500.210363367248,67728.00439442915,4.85951204874645,6.329553707860191,1.8323190731501235,5.744564058158374,5.702494134866882,3.9769306698695135,4.493818501377219,3.708829025868667,6.801431274813912,73.58982304530713,9.553616953635995,9.15165023999676,4500.210363367248,67728.00439442915,4.85951204874645,6.329553707860191,1.8323190731501235,0.8352337514253135,Mid,1,1,0.07935696574711638,0.21566439933958653,0.12801341170967734,0.018775285270126344,0.15466820002687584,-0.28654270580824537,0.8614086837306055,-0.04196592039303374,-0.18660316336359328,1.1950211720584536,1.263654675854437,-1.2526084942517992,-0.2501326687269887,0.975060254281943,0.6006836808804094,0.3581403891754813,0.6125530498969481
Cazenovia College,Yes,3847,3433,527,9,35,1010,12,9384,4840,600,500,22.0,47,14.3,20,7697,100,6.1844281365775124,6.197043118544005,3.9929262468910656,2.91344153033716,3.5559349077831146,2.8693773520738253,64.25877160834386,9.845917647123215,7.873683591318896,278.9129659183464,10542.198784205602,6.52749595239785,6.734949707633466,1.8288795225365162,6.1844281365775124,6.197043118544005,3.9929262468910656,2.91344153033716,3.5559349077831146,2.8693773520738253,64.25877160834386,9.845917647123215,7.873683591318896,278.9129659183464,10542.198784205602,6.52749595239785,6.734949707633466,1.8288795225365162,0.8923836755913699,Mid,1,1,0.7912860481842736,1.0437269989849096,0.17290981293903185,-1.348494791392716,-0.6666585703449984,-1.8048433792180707,-0.14115428749274922,0.4497726389260374,-1.756532921293452,-2.34162729196213,-1.854012679433033,0.11004466967325688,-0.07789765626183243,-0.2400473915665903,0.9894342714136745,0.3581403891754813,0.6125530498969481
Cedar Crest College,Yes,776,607,198,25,58,791,764,14340,5285,500,1000,58.0,83,11.7,39,10961,74,5.260333680194838,5.159002474228378,3.5979946121568647,4.568038251472815,3.5010945539519724,8.95052194975511,74.7738753971194,9.442351022087843,8.993154813797165,1874.458100634458,46295.29542396985,5.695675107569281,9.85206621604371,1.831385230452481,5.260333680194838,5.159002474228378,3.5979946121568647,4.568038251472815,3.5010945539519724,8.95052194975511,74.7738753971194,9.442351022087843,8.993154813797165,1874.458100634458,46295.29542396985,5.695675107569281,9.85206621604371,1.831385230452481,0.7822164948453608,Mid,1,1,-0.704379887488903,-0.6943468073312872,-0.935584685715265,0.08298682799864276,-0.961253622543014,0.5432947997537767,0.988627684926385,-0.22914901677242944,-0.3813083118461038,-1.0048623785543536,0.09518189874570733,-0.5695082346102578,1.2464286838639715,0.6451568659043251,0.24004471058144863,0.3581403891754813,0.6125530498969481
Cedarville College,Yes,1307,1090,616,25,55,2196,82,7344,4410,570,1000,50.0,52,15.3,34,6897,64,5.573199642595934,5.52379316874183,4.05057076596363,4.568038251472815,3.7119664361597606,5.3741984698654015,58.84275223935162,9.731428109991333,8.993154813797165,1396.2317942061482,13699.936096102287,6.830893399583299,9.126868146634914,1.827998753640701,5.573199642595934,5.52379316874183,4.05057076596363,4.568038251472815,3.7119664361597606,5.3741984698654015,58.84275223935162,9.731428109991333,8.993154813797165,1396.2317942061482,13699.936096102287,6.830893399583299,9.126868146634914,1.827998753640701,0.8339709257842387,Low,0,1,-0.1979998749665203,-0.08354880592958153,0.3347065054539671,0.08298682799864276,0.17152194884325347,-0.8376461676233993,-0.7230716102577422,0.25716645871250754,-0.3813083118461038,-1.4055255332295136,-1.6818585158460908,0.3579040707316264,0.9383237726310382,-0.5512011263878434,0.5920935695045492,-1.0987972149572356,0.6125530498969481
Centenary College,Yes,369,312,90,12,46,396,526,11400,5400,500,760,41.0,85,9.5,20,9583,24,4.793375236395378,4.726116327308439,3.234691781759087,3.3372059894156245,3.3290346455253603,8.301826859878547,68.89500923654508,9.442351022087843,8.54299545531012,942.9512066249546,49267.05353907696,4.932205439356674,6.734949707633466,1.8304890565177767,4.793375236395378,4.726116327308439,3.234691781759087,3.3372059894156245,3.3290346455253603,8.301826859878547,68.89500923654508,9.442351022087843,8.54299545531012,942.9512066249546,49267.05353907696,4.932205439356674,6.734949707633466,1.8304890565177767,0.8455284552845529,Mid,1,1,-1.460161759073459,-1.4191624272194043,-1.9553034254219788,-0.9818731086748947,-1.8855364574093967,0.292811410881305,0.3569803764545789,-0.22914901677242944,-0.934310671829889,-1.7852888957464947,0.25719681074029643,-1.1932219027537532,-0.07789765626183243,0.3285609141653942,0.6707112839445158,0.3581403891754813,0.6125530498969481
Centenary College of Louisiana,Yes,495,434,210,35,55,775,44,8950,3490,600,1900,86.0,92,11.3,25,9685,66,4.980885176532906,4.943234774182983,3.62343314988677,5.206477408178991,3.4963754255490627,4.50259850987007,63.17671412938676,9.845917647123215,10.082419374579551,4109.398290283845,60591.59251052614,5.561395109609361,7.666103609271758,1.8305620735125436,4.980885176532906,4.943234774182983,3.62343314988677,5.206477408178991,3.4963754255490627,4.50259850987007,63.17671412938676,9.845917647123215,10.082419374579551,4109.398290283845,60591.59251052614,5.561395109609361,7.666103609271758,1.8305620735125436,0.8767676767676768,Mid,1,1,-1.1566730538585883,-1.0556237859848931,-0.8641837731335517,0.635335268105144,-0.9866041496833927,-1.1742007602630395,-0.25741457910793925,0.4497726389260374,0.9568086491871414,0.8675946043813189,0.8745903245365926,-0.6792077728800088,0.31770887154146105,0.3543560015431348,0.8832096551423001,0.3581403891754813,0.6125530498969481
Center for Creative Studies,Yes,601,396,203,1,20,525,323,11230,6643,2340,620,8.0,58,6.8,4,13025,47,5.102599701554543,4.883440166873126,3.608804076828639,0.7426885270929179,3.402298033931017,7.485721126746638,68.52594125374546,13.173416079457857,8.214923924494002,41.461570860220704,18191.521233243842,3.892663434657299,2.3994070378288304,1.8324442931339007,5.102599701554543,4.883440166873126,3.608804076828639,0.7426885270929179,3.402298033931017,7.485721126746638,68.52594125374546,13.173416079457857,8.214923924494002,41.461570860220704,18191.521233243842,3.892663434657299,2.3994070378288304,1.8324442931339007,0.6589018302828619,Mid,1,1,-0.9596755849373846,-1.155742640957806,-0.9052446697017991,-3.226531284931711,-1.491975325436692,-0.02231496035734868,0.3173263357584517,6.047635804188223,-1.3373331290205177,-2.5405666304032875,-1.436985365837391,-2.0424718257510004,-1.9198799308640517,1.01929735871607,-0.5987779015149586,0.3581403891754813,0.6125530498969481
Central College,Yes,1283,1113,401,31,65,1355,40,10938,3660,650,600,76.0,90,13.5,29,8444,67,5.56227947704917,5.536534289410166,3.888584942604013,4.970662962552278,3.6181067050018636,4.374027314214041,67.88335032599346,10.026082431745259,8.162552350641706,3210.7343245943,57206.93660181433,6.278554485115751,8.344048523822103,1.829583179595925,5.56227947704917,5.536534289410166,3.888584942604013,4.970662962552278,3.6181067050018636,4.374027314214041,67.88335032599346,10.026082431745259,8.162552350641706,3210.7343245943,57206.93660181433,6.278554485115751,8.344048523822103,1.829583179595925,0.8674980514419329,Mid,1,1,-0.21567438811546874,-0.06221533674606167,-0.1199554619900207,0.4313193649006998,-0.3326799840051528,-1.2238465018477889,0.24828396961564145,0.7528645357434074,-1.4016694654541817,0.11468424657347391,0.6900649668386472,-0.09332712383236806,0.605737985971725,0.008537138505544288,0.8201549377128529,0.3581403891754813,0.6125530498969481
Central Connecticut State University,No,4158,2532,902,6,24,6394,3881,5962,4444,500,985,69.0,73,16.7,4,4900,49,6.226604921410737,6.023622603183145,4.185724035300655,2.3713672987497,3.887543729273134,12.033208307793329,54.581576958929475,9.442351022087843,8.968124425067236,2648.1614235052466,33112.30773484874,7.24245169433793,2.3994070378288304,1.8248938146836076,6.226604921410737,6.023622603183145,4.185724035300655,2.3713672987497,3.887543729273134,12.033208307793329,54.581576958929475,9.442351022087843,8.968124425067236,2648.1614235052466,33112.30773484874,7.24245169433793,2.3994070378288304,1.8248938146836076,0.6089466089466089,Low,0,0,0.8595500442677522,0.7533552713679346,0.7140548340224434,-1.8174726933497243,1.1146997042017148,1.7336255696988387,-1.1809081765765606,-0.22914901677242944,-0.4120571206356933,-0.3566453943418077,-0.6235308993858222,0.6941250685837765,-1.9198799308640517,-1.6480988000930372,-0.9385880076186986,-1.0987972149572356,-1.6325116659989423
Central Missouri State University,No,4681,4101,1436,10,35,8094,1596,4620,3288,300,2250,69.0,80,19.7,4,5501,50,6.290421490042707,6.29662969122486,4.34004151602953,3.0648578681207974,3.9210376621141716,10.294276772228246,49.767153006764005,8.360621760581918,10.378045287906609,2648.1614235052466,42051.00625139571,8.079558815089525,2.3994070378288304,1.826009671384109,6.290421490042707,6.29662969122486,4.34004151602953,3.0648578681207974,3.9210376621141716,10.294276772228246,49.767153006764005,8.360621760581918,10.378045287906609,2648.1614235052466,42051.00625139571,8.079558815089525,2.3994070378288304,1.826009671384109,0.8760948515274514,Low,0,0,0.9628384767165463,1.210472698573113,1.1471932898700623,-1.2174962818199055,1.2946246354668207,1.0621645538178088,-1.698187843805867,-2.0489462340837274,1.3199729923470302,-0.3566453943418077,-0.13620911968157937,1.3779965760601174,-1.9198799308640517,-1.2538943935387334,0.8786328999973011,-1.0987972149572356,-1.6325116659989423
Central Washington University,No,2785,2011,1007,8,65,6507,898,7242,3603,654,1416,67.0,89,18.1,0,6413,51,6.006564656454249,5.889906721592821,4.2232827692150146,2.7493332105333432,3.8900925736169136,9.237981968149665,58.54724500791262,10.039967513045726,9.577034762881171,2497.466346891243,55559.757364651494,7.640161914235766,0.0,1.8273852386546194,6.006564656454249,5.889906721592821,4.2232827692150146,2.7493332105333432,3.8900925736169136,9.237981968149665,58.54724500791262,10.039967513045726,9.577034762881171,2497.466346891243,55559.757364651494,7.640161914235766,0.0,1.8273852386546194,0.7220825852782765,Low,0,0,0.5034103374457976,0.5294641621389262,0.8194747251094371,-1.490473824946659,1.1283917554020486,0.6542929569720044,-0.7548220094459698,0.7762234603948068,0.3359643243951337,-0.48289935398096173,0.6002637149158834,1.0190329338711737,-2.939282937555179,-0.7679407049482155,-0.16900382616468737,-1.0987972149572356,-1.6325116659989423
Central Wesleyan College,Yes,174,146,88,8,29,1047,33,8300,3080,600,600,62.0,62,15.2,18,3365,58,4.295540814535803,4.2081194163737266,3.2237088873894986,2.7493332105333432,3.56376343453426,4.118552705876455,61.48965698974287,9.845917647123215,8.162552350641706,2140.223695713882,21636.86172344196,6.800922726023767,6.329553707860191,1.8207461314720008,4.295540814535803,4.2081194163737266,3.2237088873894986,2.7493332105333432,3.56376343453426,4.118552705876455,61.48965698974287,9.845917647123215,8.162552350641706,2140.223695713882,21636.86172344196,6.800922726023767,6.329553707860191,1.8207461314720008,0.8390804597701149,Low,0,1,-2.2659170379175673,-2.2864857517717887,-1.9861302240809007,-1.490473824946659,-0.6246047708019041,-1.3224939968973393,-0.43867829091697014,0.4497726389260374,-1.4016694654541817,-0.7822010981159766,-1.2491515938109201,0.3334196419182193,-0.2501326687269887,-3.1133720724334637,0.6268501222619529,-1.0987972149572356,0.6125530498969481
Centre College,Yes,1013,888,288,55,82,943,7,11850,4270,600,900,95.0,99,11.4,60,13118,74,5.421757388576935,5.397748428515689,3.7561750043579494,6.141465611282132,3.5408279959791864,2.276675341792298,69.85481504349505,9.845917647123215,8.819245343756174,5013.952455197691,73408.11248759447,5.595139884147383,12.465196378141519,1.8324858753218978,5.421757388576935,5.397748428515689,3.7561750043579494,6.141465611282132,3.5408279959791864,2.276675341792298,69.85481504349505,9.845917647123215,8.819245343756174,5013.952455197691,73408.11248759447,5.595139884147383,12.465196378141519,1.8324858753218978,0.876604146100691,Mid,1,1,-0.443112286358352,-0.2945955145634425,-0.49160380616913507,1.4442444179862461,-0.7478108817456917,-2.0337059225665857,0.4601054924304006,0.4497726389260374,-0.5949489827396871,1.6254398345940284,1.5733239615731247,-0.6516401064957508,2.356633289468622,1.0339873110506859,0.8820972714552059,0.3581403891754813,0.6125530498969481
Chapman University,Yes,959,771,351,23,48,1662,209,16624,5895,600,1100,72.0,80,12.8,6,12692,47,5.388832530028915,5.309816668302865,3.8361172597783586,4.417175042264962,3.6590198068330815,6.78642221273591,78.81328420344602,9.845917647123215,9.15165023999676,2882.5675146975664,42051.00625139571,6.05581660003175,3.1721327255834275,1.8322915654165435,5.388832530028915,5.309816668302865,3.8361172597783586,4.417175042264962,3.6590198068330815,6.78642221273591,78.81328420344602,9.845917647123215,9.15165023999676,2882.5675146975664,42051.00625139571,6.05581660003175,3.1721327255834275,1.8322915654165435,0.8039624608967675,High,2,1,-0.4964018489425673,-0.44182663697286073,-0.26722180546366914,-0.04753313995778422,-0.11290026838439143,-0.2923382186643866,1.4226368340790951,0.4497726389260374,-0.18660316336359328,-0.16025744430696973,-0.13620911968157937,-0.27529199961519973,-1.5915826153084158,0.965342456479849,0.38796716660496344,1.8150779933081982,0.6125530498969481
Chatham College,Yes,212,197,91,28,56,471,148,13500,5230,400,850,95.0,98,9.3,37,16095,52,4.428871244958671,4.41554799149126,3.2400790294618957,4.777728697775314,3.374627390666223,6.251191981673567,73.182079942505,8.96107520321098,8.725466682985342,5013.952455197691,71483.10904926102,4.85951204874645,9.56813346581784,1.833615114088164,4.428871244958671,4.41554799149126,3.2400790294618957,4.777728697775314,3.374627390666223,6.251191981673567,73.182079942505,8.96107520321098,8.725466682985342,5013.952455197691,71483.10904926102,4.85951204874645,9.56813346581784,1.833615114088164,0.9292452830188679,Mid,1,1,-2.050118986544401,-1.9391716315901373,-1.9401824933004723,0.26440143846515807,-1.6406183232926903,-0.4990089399257461,0.8175992438831524,-1.0388011424180428,-0.7101522318661437,1.6254398345940284,1.4683762334705521,-1.2526084942517992,1.1257980885897985,1.4329192684553187,1.2401777652074315,0.3581403891754813,0.6125530498969481
Chestnut Hill College,Yes,342,254,126,25,64,518,232,10335,5015,700,850,71.0,71,8.3,29,7729,73,4.744232947806845,4.588364927391254,3.394919959024789,4.568038251472815,3.398911303448895,6.951660361817361,66.51978242325967,10.194537490294326,8.725466682985342,2803.316583884286,30798.352141016087,4.48649314013176,8.344048523822103,1.8289118024023139,4.744232947806845,4.588364927391254,3.394919959024789,4.568038251472815,3.398911303448895,6.951660361817361,66.51978242325967,10.194537490294326,8.725466682985342,2803.316583884286,30798.352141016087,4.48649314013176,8.344048523822103,1.8289118024023139,0.7426900584795322,Mid,1,1,-1.5396995666376383,-1.649810524950969,-1.5055748207535435,0.08298682799864276,-1.5101683890014068,-0.22853411069616925,0.1017771480355762,1.0362571162148249,-0.7101522318661437,-0.22665472844581655,-0.7496836000340958,-1.5573448858410492,0.605737985971725,-0.22864371819642634,-0.028825733310021237,0.3581403891754813,0.6125530498969481
Christendom College,Yes,81,72,51,33,71,139,3,8730,3600,400,800,92.0,92,9.3,17,10922,58,3.7627099609768835,3.703152492870907,2.9461439068175577,5.091356782638988,3.0145184931055202,1.472188940924196,62.61500096583687,8.96107520321098,8.626435575433408,4702.342075565505,60591.59251052614,4.85951204874645,6.118308313178587,1.83136228830651,3.7627099609768835,3.703152492870907,2.9461439068175577,5.091356782638988,3.0145184931055202,1.472188940924196,62.61500096583687,8.96107520321098,8.626435575433408,4702.342075565505,60591.59251052614,4.85951204874645,6.118308313178587,1.83136228830651,0.8888888888888888,Low,0,1,-3.1283147632143,-3.131991934600465,-2.765199883036328,0.5357381533712033,-3.5750751978875064,-2.3443456717122193,-0.3177671365906919,-1.0388011424180428,-0.8318078970334455,1.3643692994630383,0.8745903245365926,-1.2526084942517992,-0.3398815888114029,0.6370519765995337,0.9656617045345003,-1.0987972149572356,0.6125530498969481
Christian Brothers University,Yes,880,520,224,16,42,1068,364,9300,3260,600,900,81.0,81,11.1,24,8129,63,5.3368976047699155,5.060120926720639,3.6510761634657274,3.793745093657405,3.568058187415028,7.682478407955583,64.05194707005543,9.845917647123215,8.819245343756174,3646.0827031697963,43437.61538665517,5.493547832248623,7.488071014907595,1.8292986329844885,5.3368976047699155,5.060120926720639,3.6510761634657274,3.793745093657405,3.568058187415028,7.682478407955583,64.05194707005543,9.845917647123215,8.819245343756174,3646.0827031697963,43437.61538665517,5.493547832248623,7.488071014907595,1.8292986329844885,0.5909090909090909,Mid,1,1,-0.5804595965517045,-0.8599120273372153,-0.7865953355825228,-0.5868962977653778,-0.6015339322551075,0.0536597639032103,-0.16337628734229984,0.4497726389260374,-0.5949489827396871,0.47942381108114585,-0.06061368145330422,-0.7346353504225267,0.24207061628816592,-0.0919860989746485,-1.0612845096904249,0.3581403891754813,0.6125530498969481
Christopher Newport University,No,883,766,428,3,37,2910,1749,7860,4750,525,1889,75.0,82,21.2,16,4639,48,5.338959732430925,5.305746642854455,3.9138684134801123,1.594012467366829,3.762279249528733,10.467324925546745,60.29776105196702,9.549427133265993,10.072332490904941,3127.017536070735,44852.305090025206,8.478338256728446,5.900711370401069,1.8243409963662547,5.338959732430925,5.305746642854455,3.9138684134801123,1.594012467366829,3.762279249528733,10.467324925546745,60.29776105196702,9.549427133265993,10.072332490904941,3127.017536070735,44852.305090025206,8.478338256728446,5.900711370401069,1.8243409963662547,0.8674971687429218,Low,0,0,-0.5771220004041698,-0.4486414034867343,-0.04898979120524064,-2.490004639445861,0.44179565871571913,1.1289843718768429,-0.5667400362452639,-0.04901447100702777,0.9444173251553832,0.044545418704219096,0.01651265888576715,1.703777938019297,-0.4323290036172367,-1.843395755899743,0.8201489333345998,-1.0987972149572356,-1.6325116659989423
Claflin College,Yes,1196,697,499,21,47,959,13,4412,2460,500,1000,69.0,69,16.9,31,7083,21,5.520771574701662,5.246489848049592,3.972428279568097,4.255852904198828,3.5445519702750508,2.96204115281913,48.94148618793439,9.442351022087843,8.993154813797165,2648.1614235052466,28587.693255152724,7.3000789141082825,8.66494745865426,1.8282171632112585,5.520771574701662,5.246489848049592,3.972428279568097,4.255852904198828,3.5445519702750508,2.96204115281913,48.94148618793439,9.442351022087843,8.993154813797165,2648.1614235052466,28587.693255152724,7.3000789141082825,8.66494745865426,1.8282171632112585,0.5827759197324415,Low,0,1,-0.28285578410114903,-0.5478597563138424,0.11537609820787678,-0.18710169614595554,-0.7278061894810834,-1.7690627124630565,-1.7869005665594084,-0.22914901677242944,-0.3813083118461038,-0.3566453943418077,-0.870204749794732,0.7412034085943565,0.7420738947418721,-0.4740424597698807,-1.1166087317951414,-1.0987972149572356,0.6125530498969481
Claremont McKenna College,Yes,1860,767,227,71,93,887,1,17000,6010,500,850,99.0,99,9.6,52,18443,87,5.77830824665957,5.306562915598223,3.656740990759281,6.710733946385493,3.5271612816049847,0.7141926941847949,79.44260930862943,9.442351022087843,8.725466682985342,5445.147189539932,73408.11248759447,4.968327625700188,11.536863964324251,1.8343004296659964,5.77830824665957,5.306562915598223,3.656740990759281,6.710733946385493,3.5271612816049847,0.7141926941847949,79.44260930862943,9.442351022087843,8.725466682985342,5445.147189539932,73408.11248759447,4.968327625700188,11.536863964324251,1.8343004296659964,0.41236559139784945,High,2,1,0.13397263075796026,-0.4472746532708143,-0.7706952927942133,1.9367494180219447,-0.8212266450144728,-2.6370339802857092,1.4902538707635984,-0.22914901677242944,-0.7101522318661437,1.9866994311879236,1.5733239615731247,-1.1637120187547967,1.9622254883185175,1.6750242094754617,-2.2757898985198928,1.8150779933081982,0.6125530498969481
Clark University,Yes,2887,2059,457,30,61,1928,296,17500,4200,500,950,94.0,95,10.5,35,11951,79,6.0265783034829585,5.903697041000974,3.9390518248838116,4.908029058750458,3.6876345716095837,7.343306904957955,80.26546872886905,9.442351022087843,8.90831952942552,4908.960288837765,65897.48921732574,5.287039952492017,9.276119865145814,1.8319284232978836,6.0265783034829585,5.903697041000974,3.9390518248838116,4.908029058750458,3.6876345716095837,7.343306904957955,80.26546872886905,9.442351022087843,8.90831952942552,4908.960288837765,65897.48921732574,5.287039952492017,9.276119865145814,1.8319284232978836,0.713197090405265,High,2,1,0.5358028379122557,0.5525543880133165,0.021695032554538703,0.3771313679720627,0.040814424064959866,-0.07730596838864585,1.57866495614103,-0.22914901677242944,-0.48552498885819567,1.5374762658306833,1.1638582779526243,-0.9033411845194759,1.0017342937327451,0.8370533819805418,-0.22944557529154153,1.8150779933081982,0.6125530498969481
Clarke College,Yes,460,340,167,14,45,604,350,10740,3676,350,900,67.0,71,11.0,27,7963,74,4.934444181946952,4.783119698622095,3.5230975613421176,3.5777357214550345,3.43708095091483,7.6176725759290385,67.44118252395009,8.679599645871866,8.819245343756174,2497.466346891243,30798.352141016087,5.45944250760128,8.01153343199436,1.829141738826609,4.934444181946952,4.783119698622095,3.5230975613421176,3.5777357214550345,3.43708095091483,7.6176725759290385,67.44118252395009,8.679599645871866,8.819245343756174,2497.466346891243,30798.352141016087,5.45944250760128,8.01153343199436,1.829141738826609,0.7391304347826086,Mid,1,1,-1.2318387613695863,-1.3237171601245863,-1.1458058011988475,-0.7737777547234982,-1.3051261436098114,0.028636012871276578,0.2007758116775289,-1.5123285343587667,-0.5949489827396871,-0.48289935398096173,-0.7496836000340958,-0.762497566859782,0.464466880638092,-0.1474129009743662,-0.05303934049232307,0.3581403891754813,0.6125530498969481
Clarkson University,Yes,2174,1953,557,35,68,2332,53,15960,5580,700,1300,95.0,95,15.8,32,11659,77,5.867314914357148,5.8727657867266005,4.01353765209206,5.206477408178991,3.7229677534474055,4.757408158094371,77.67868464139755,10.194537490294326,9.432165418805424,5013.952455197691,65897.48921732574,6.9795700655441655,8.821390068071972,1.8317756270183339,5.867314914357148,5.8727657867266005,4.01353765209206,5.206477408178991,3.7229677534474055,4.757408158094371,77.67868464139755,10.194537490294326,9.432165418805424,5013.952455197691,65897.48921732574,6.9795700655441655,8.821390068071972,1.8317756270183339,0.8983440662373505,High,2,1,0.27803175805124336,0.5007637349736764,0.23076192521718278,0.635335268105144,0.2306195551530115,-1.0758100290848978,1.3007312250745198,1.0362571162148249,0.1579982604829097,1.6254398345940284,1.1638582779526243,0.479364912667751,0.808539510579746,0.7830742584277037,1.029978601388659,1.8150779933081982,0.6125530498969481
Clemson University,No,8065,5257,2301,37,65,11755,770,8116,3610,800,1618,82.0,88,18.0,17,7597,73,6.576422864073955,6.433660887524785,4.485501483113062,5.316571396825102,3.970630523196305,8.964344210370111,60.99640287146236,10.50211456361832,9.804898358389126,3736.5073126492257,53942.39364317825,7.612181242529127,6.118308313178587,1.8287772994537785,6.576422864073955,6.433660887524785,4.485501483113062,5.316571396825102,3.970630523196305,8.964344210370111,60.99640287146236,10.50211456361832,9.804898358389126,3736.5073126492257,53942.39364317825,7.612181242529127,6.118308313178587,1.8287772994537785,0.651828890266584,Low,0,0,1.4257375989217773,1.439914902249152,1.5554704677544073,0.7305835658560428,1.561030857865107,0.5486320479228398,-0.49167535322363803,1.553695186961413,0.6158854316532337,0.5551825236557095,0.5120879513281108,0.9961742295717294,-0.3398815888114029,-0.2761602630926962,-0.6468901194795014,-1.0987972149572356,-1.6325116659989423
Clinch Valley Coll. of  the Univ. of Virginia,No,689,561,250,15,30,1125,422,7168,3689,600,1900,67.0,67,18.1,9,4417,46,5.187301487005025,5.108760754050751,3.6974948225154356,3.6884527234691826,3.579215002852411,7.928806404401502,58.33114173006592,9.845917647123215,10.082419374579551,2497.466346891243,26478.47386189595,7.640161914235766,4.135322577728063,1.823831601326,5.187301487005025,5.108760754050751,3.6974948225154356,3.6884527234691826,3.579215002852411,7.928806404401502,58.33114173006592,9.845917647123215,10.082419374579551,2497.466346891243,26478.47386189595,7.640161914235766,4.135322577728063,1.823831601326,0.8142235123367199,Low,0,0,-0.8225839983425582,-0.7784705054766276,-0.6563073979597455,-0.6779904542213022,-0.541601010664931,0.14877543887414443,-0.7780409516833735,0.4497726389260374,0.9568086491871414,-0.48289935398096173,-0.9851956007117693,1.0190329338711737,-1.18236541463741,-2.023352348403995,0.4577658560167495,-1.0987972149572356,-1.6325116659989423
Coe College,Yes,1006,742,275,29,60,1127,205,13925,4390,500,2200,73.0,86,12.7,32,10141,67,5.417596968351053,5.285806860018968,3.737159076116306,4.843751032487945,3.5795938925789903,6.756007938769286,73.99533958491641,9.442351022087843,10.338539475874114,2962.9344405957,50796.25679590814,6.023602095364745,8.821390068071972,1.8308745431963445,5.417596968351053,5.285806860018968,3.737159076116306,4.843751032487945,3.5795938925789903,6.756007938769286,73.99533958491641,9.442351022087843,10.338539475874114,2962.9344405957,50796.25679590814,6.023602095364745,8.821390068071972,1.8308745431963445,0.7375745526838966,Mid,1,1,-0.4498460122961685,-0.48202816386049824,-0.5449777321572457,0.32152095127645364,-0.5395656656866207,-0.3040822113847653,0.9049788933235348,-0.22914901677242944,1.271441718087908,-0.09292516745590934,0.3405662242258264,-0.3016095177954872,0.808539510579746,0.4647437656830719,-0.06362290807356737,0.3581403891754813,0.6125530498969481
Coker College,Yes,604,452,295,15,47,690,222,9888,4502,400,1000,64.0,77,12.1,39,8741,75,5.1057008056494855,4.969634591349646,3.766008971877225,3.6884527234691826,3.469144096027389,6.881737495934066,65.47485992014585,8.96107520321098,8.993154813797165,2279.780490462643,38057.447169980325,5.828139320813687,9.85206621604371,1.8298368630514974,5.1057008056494855,4.969634591349646,3.766008971877225,3.6884527234691826,3.469144096027389,6.881737495934066,65.47485992014585,8.96107520321098,8.993154813797165,2279.780490462643,38057.447169980325,5.828139320813687,9.85206621604371,1.8298368630514974,0.7483443708609272,Mid,1,1,-0.9546563840042482,-1.0114204776075368,-0.4640018165174354,-0.6779904542213022,-1.1328872128189773,-0.2555337237338693,-0.010493223261495542,-1.0388011424180428,-0.3813083118461038,-0.6652789110911722,-0.3539307841170397,-0.4612920948206636,1.2464286838639715,0.09815719098328089,0.009636562299330034,0.3581403891754813,0.6125530498969481
Colby College,Yes,2848,1319,456,58,84,1720,35,18930,5590,500,1000,83.0,94,10.2,41,15954,91,6.019016992592882,5.6394660885442685,3.9382144650893767,6.2573681463676865,3.66571425797838,4.196117709053006,82.53672187565274,9.442351022087843,8.993154813797165,3828.050899130615,64098.054902977776,5.182041400569177,10.12852980378421,1.833569066733652,6.019016992592882,5.6394660885442685,3.9382144650893767,6.2573681463676865,3.66571425797838,4.196117709053006,82.53672187565274,9.442351022087843,8.993154813797165,3828.050899130615,64098.054902977776,5.182041400569177,10.12852980378421,1.833569066733652,0.4631320224719101,High,2,1,0.5235647002963338,0.11013154089468224,0.01934473026449786,1.5445180051972478,-0.0769385714438744,-1.2925434929444524,1.8226968660091545,-0.22914901677242944,-0.3813083118461038,0.6318787272247831,1.0657563528339236,-0.989119355802782,1.3638859589907049,1.416651883897182,-1.9304617052231974,1.8150779933081982,0.6125530498969481
Colgate University,Yes,4856,2492,727,46,75,2649,25,19510,5565,500,750,95.0,98,10.5,45,15494,93,6.310078869949121,6.014449181212778,4.1102691780831115,5.760943417605722,3.745828746120729,3.759557455068547,83.42578042958753,9.442351022087843,8.52150081906591,5013.952455197691,71483.10904926102,5.287039952492017,10.66114318995264,1.833414370539694,6.310078869949121,6.014449181212778,4.1102691780831115,5.760943417605722,3.745828746120729,3.759557455068547,83.42578042958753,9.442351022087843,8.52150081906591,5013.952455197691,71483.10904926102,5.287039952492017,10.66114318995264,1.833414370539694,0.5131795716639209,High,2,1,0.9946543514981108,0.7379954831666818,0.5022680669819013,1.1150339710778354,0.35342575276860344,-1.4611143570862821,1.9182206332336635,-0.22914901677242944,-0.960715953306189,1.6254398345940284,1.4683762334705521,-0.9033411845194759,1.590170069482996,1.3620015678592614,-1.5900235578932915,1.8150779933081982,0.6125530498969481
College Misericordia,Yes,1432,888,317,29,58,1121,493,10860,5760,550,900,56.0,62,12.9,23,8604,96,5.626802344320541,5.397748428515689,3.7952475195226185,4.843751032487945,3.5784547549077645,8.19136661526085,67.70979579733606,9.65214536925229,8.819245343756174,1748.2432357532678,21636.86172344196,6.0879303745316315,7.306201546172464,1.8297215226103372,5.626802344320541,5.397748428515689,3.7952475195226185,4.843751032487945,3.5784547549077645,8.19136661526085,67.70979579733606,9.65214536925229,8.819245343756174,1748.2432357532678,21636.86172344196,6.0879303745316315,7.306201546172464,1.8297215226103372,0.6201117318435754,Mid,1,1,-0.11124279675248883,-0.2945955145634425,-0.38193503238814336,0.32152095127645364,-0.5456849610279448,0.25015892770498294,0.22963662369803453,0.12378880488361321,-0.5949489827396871,-1.1106065529137321,-1.2491515938109201,-0.24905677256531966,0.16480224108923644,0.05741028312418681,-0.8626395582916185,0.3581403891754813,0.6125530498969481
College of Charleston,No,4772,3140,1265,22,55,6851,1200,6120,3460,666,2316,73.0,78,17.2,18,4776,51,6.300739930562776,6.146604692168973,4.299066012069081,4.337922600177787,3.897531343609268,9.763892516621633,55.09962358029397,10.081182743694814,10.428965817851518,2962.9344405957,39361.14463169006,7.386000605505056,6.329553707860191,1.824636984050106,6.300739930562776,6.146604692168973,4.299066012069081,4.337922600177787,3.897531343609268,9.763892516621633,55.09962358029397,10.081182743694814,10.428965817851518,2962.9344405957,39361.14463169006,7.386000605505056,6.329553707860191,1.824636984050106,0.6580050293378038,Low,0,0,0.9795390855001427,0.9592739400470792,1.032183205275764,-0.1160987382636973,1.168351833722007,0.8573650296311414,-1.125247315262475,0.8455599983947487,1.3825267806894534,-0.09292516745590934,-0.2828555413330692,0.8113968105662229,-0.2501326687269887,-1.73883067222228,-0.6048782052698527,-1.0987972149572356,-1.6325116659989423
College of Mount St. Joseph,Yes,798,620,238,14,41,1165,1232,9800,4430,400,1150,46.0,46,11.1,35,6889,100,5.277412642324965,5.172465721686661,3.676797773234945,3.5777357214550345,3.5866408547895285,9.812291674620157,65.26551046381941,8.96107520321098,9.225954671852792,1183.7172790157958,9971.377891786939,5.493547832248623,9.276119865145814,1.8279891561294508,5.277412642324965,5.172465721686661,3.676797773234945,3.5777357214550345,3.5866408547895285,9.812291674620157,65.26551046381941,8.96107520321098,9.225954671852792,1183.7172790157958,9971.377891786939,5.493547832248623,9.276119865145814,1.8279891561294508,0.7769423558897243,Mid,1,1,-0.676737235054135,-0.6718042239716324,-0.714399896123995,-0.7737777547234982,-0.5017103264114013,0.8760536019715786,-0.032986509722997624,-1.0388011424180428,-0.0953232079457115,-1.5835724849046677,-1.8851328086857293,-0.7346353504225267,1.0017342937327451,-0.5545916882987733,0.2041684664135521,0.3581403891754813,0.6125530498969481
College of Mount St. Vincent,Yes,946,648,177,23,46,707,432,11790,5770,500,1000,75.0,77,11.9,35,10015,83,5.380608929362054,5.2004664607121,3.5488939937044037,4.417175042264962,3.474906588592046,7.968121096476287,69.72824035404967,9.442351022087843,8.993154813797165,3127.017536070735,38057.447169980325,5.7621291159934716,9.276119865145814,1.8307904004125253,5.380608929362054,5.2004664607121,3.5488939937044037,4.417175042264962,3.474906588592046,7.968121096476287,69.72824035404967,9.442351022087843,8.993154813797165,3127.017536070735,38057.447169980325,5.7621291159934716,9.276119865145814,1.8307904004125253,0.6849894291754757,Mid,1,1,-0.5097119162209172,-0.6249203651130069,-1.0734003496129112,-0.04753313995778422,-1.1019318728315144,0.16395618782238103,0.4465058356726056,-0.22914901677242944,-0.3813083118461038,0.044545418704219096,-0.3539307841170397,-0.5152188828746125,1.0017342937327451,0.43501821387488315,-0.4213223821404979,0.3581403891754813,0.6125530498969481
College of Notre Dame,Yes,344,264,97,11,42,500,331,12600,5520,630,2250,77.0,80,10.4,7,9773,43,4.7480133255884915,4.614371985108755,3.27104159672121,3.2055940737410316,3.3899404419503814,7.525834714363311,71.40262722442834,9.955518251301774,10.378045287906609,3295.568346309384,42051.00625139571,5.252173428845612,3.5140781476818708,1.8306241220325592,4.7480133255884915,4.614371985108755,3.27104159672121,3.2055940737410316,3.3899404419503814,7.525834714363311,71.40262722442834,9.955518251301774,10.378045287906609,3295.568346309384,42051.00625139571,5.252173428845612,3.5140781476818708,1.8306241220325592,0.7674418604651163,Mid,1,1,-1.5335809472336026,-1.606264844879893,-1.8532767292325645,-1.095737735489672,-1.5583586581516218,-0.006825730482078455,0.6264082064916575,0.6341541487893395,1.3199729923470302,0.18575910445405372,-0.13620911968157937,-0.9318252596102692,-1.4463049754933548,0.3762761997185087,0.13954330267853982,0.3581403891754813,0.6125530498969481
College of Notre Dame of Maryland,Yes,457,356,177,35,61,667,1983,11180,5620,600,700,64.0,64,11.5,32,7477,75,4.930288579555892,4.813485471349776,3.5488939937044037,5.206477408178991,3.4610664848944577,10.706924967232439,68.41669396221715,9.845917647123215,8.409880082919223,2279.780490462643,23500.734234328775,5.628767251036452,8.821390068071972,1.8286518579540714,4.930288579555892,4.813485471349776,3.5488939937044037,5.206477408178991,3.4610664848944577,10.706924967232439,68.41669396221715,9.845917647123215,8.409880082919223,2279.780490462643,23500.734234328775,5.628767251036452,8.821390068071972,1.8286518579540714,0.7789934354485777,Mid,1,1,-1.2385646895423834,-1.2728733377024608,-1.0734003496129112,0.635335268105144,-1.1762790603746711,1.2215021531149255,0.3055883992640874,0.4497726389260374,-1.0978374622751548,-0.6652789110911722,-1.1475366140165175,-0.6241683558478293,0.808539510579746,-0.32047562359295245,0.21812051274380004,0.3581403891754813,0.6125530498969481
College of Saint Benedict,Yes,938,864,511,29,62,1715,103,12247,4221,500,600,70.0,88,13.1,26,8847,72,5.375487779632766,5.380762937505407,3.981371729246918,4.843751032487945,3.665148060848766,5.707058424344525,70.68188840411668,9.442351022087843,8.162552350641706,2725.181328249345,53942.39364317825,6.151859860146799,7.840523349237043,1.8299242085271736,5.375487779632766,5.380762937505407,3.981371729246918,4.843751032487945,3.665148060848766,5.707058424344525,70.68188840411668,9.442351022087843,8.162552350641706,2725.181328249345,53942.39364317825,6.151859860146799,7.840523349237043,1.8299242085271736,0.9211087420042644,Mid,1,1,-0.5180006026735556,-0.3230356697481684,0.14047858151397372,0.32152095127645364,-0.07998010676048815,-0.7091175403545654,0.5489693392804784,-0.22914901677242944,-1.4016694654541817,-0.2921172878935758,0.5120879513281108,-0.19682982022428813,0.3918121831278882,0.129014174132356,1.1848306204739671,0.3581403891754813,0.6125530498969481
College of Saint Catherine,Yes,511,411,186,23,51,1692,562,12224,4440,450,1000,63.0,87,11.5,32,7315,77,5.000956129992391,4.907746627435601,3.5707166634578673,4.417175042264962,3.662517386301463,8.41533803963363,70.63445702119506,9.213393432273651,8.993154813797165,2209.4456195013977,52354.631663757325,5.628767251036452,8.821390068071972,1.8284775004888576,5.000956129992391,4.907746627435601,3.5707166634578673,4.417175042264962,3.662517386301463,8.41533803963363,70.63445702119506,9.213393432273651,8.993154813797165,2209.4456195013977,52354.631663757325,5.628767251036452,8.821390068071972,1.8284775004888576,0.8043052837573386,Mid,1,1,-1.1241878017520646,-1.1150444056244992,-1.0121484588041525,-0.04753313995778422,-0.09411173887878009,0.33664196459395257,0.5438731345802498,-0.6143252338289236,-0.3813083118461038,-0.7242062241732836,0.4255260215207906,-0.6241683558478293,0.808539510579746,-0.38207177753639543,0.39029914851815145,0.3581403891754813,0.6125530498969481
College of Saint Elizabeth,Yes,444,359,122,34,53,493,968,10900,5250,380,1000,68.0,70,11.4,23,9447,78,4.911936821299884,4.819016671134328,3.379896939724738,5.149577531776267,3.386344990170919,9.372882783199444,67.7989000455813,8.852380244376478,8.993154813797165,2572.256540860469,29680.22624897121,5.595139884147383,7.306201546172464,1.8303898147087703,4.911936821299884,4.819016671134328,3.379896939724738,5.149577531776267,3.386344990170919,9.372882783199444,67.7989000455813,8.852380244376478,8.993154813797165,2572.256540860469,29680.22624897121,5.595139884147383,7.306201546172464,1.8303898147087703,0.8085585585585585,Mid,1,1,-1.2682673887563412,-1.2636120110716815,-1.5477414460189312,0.5861080901616065,-1.5776729446332076,0.7063827813635485,0.2392103164884853,-1.2216590817026114,-0.3813083118461038,-0.4202393232555936,-0.8106418143240208,-0.6516401064957508,0.16480224108923644,0.2935012524658389,0.4192311744972265,0.3581403891754813,0.6125530498969481
College of Saint Rose,Yes,983,664,249,23,57,1698,894,9990,5666,800,1500,66.0,71,14.3,28,6084,64,5.4037051117553325,5.215892143079096,3.695814209297397,4.417175042264962,3.66320783346772,9.229986459350883,65.71598902752532,10.50211456361832,9.675230393594894,2423.7905034076744,30798.352141016087,6.52749595239785,8.179318836422599,1.826925815579381,5.4037051117553325,5.215892143079096,3.695814209297397,4.417175042264962,3.66320783346772,9.229986459350883,65.71598902752532,10.50211456361832,9.675230393594894,2423.7905034076744,30798.352141016087,6.52749595239785,8.179318836422599,1.826925815579381,0.6754832146490336,Mid,1,1,-0.47233026869438244,-0.5990919212910347,-0.6610245447839425,-0.04753313995778422,-0.09040274896945634,0.6512056172172674,0.015414587447292122,1.553695186961413,0.4565936404384389,-0.544625769857051,-0.7496836000340958,0.11004466967325688,0.5357515534995189,-0.9302434456588475,-0.48598644888802983,0.3581403891754813,0.6125530498969481
College of Santa Fe,Yes,546,447,189,16,42,873,683,11138,4138,600,1200,40.0,74,14.0,7,8820,80,5.042608183266992,4.962415520403446,3.577722166961789,3.793745093657405,3.5235797352490996,8.753526869494529,68.32467791713958,9.845917647123215,9.297325805521908,898.1098519274773,34308.59715981074,6.434817764376509,3.5140781476818708,1.8299021138981417,5.042608183266992,4.962415520403446,3.577722166961789,3.793745093657405,3.5235797352490996,8.753526869494529,68.32467791713958,9.845917647123215,9.297325805521908,898.1098519274773,34308.59715981074,6.434817764376509,3.5140781476818708,1.8299021138981417,0.8186813186813187,Mid,1,1,-1.0567730945179934,-1.023507940835724,-0.9924854047172674,-0.5868962977653778,-0.8404662334188497,0.46722825313591276,0.29570185216096534,0.4497726389260374,-0.007646689375954711,-1.8228574660896493,-0.558311349746167,0.03433157324728856,-1.4463049754933548,0.12120869147347342,0.4880891657014718,0.3581403891754813,0.6125530498969481
College of St. Joseph,Yes,141,118,55,12,21,201,173,8300,4850,450,1300,53.0,53,9.5,19,6936,76,4.15162677033808,4.058292315845654,2.9858236862962104,3.3372059894156245,3.133445996102095,6.491163720275434,61.48965698974287,9.213393432273651,9.432165418805424,1567.2469311353118,14394.04498133871,4.932205439356674,6.5349533390638825,1.8280452967863787,4.15162677033808,4.058292315845654,2.9858236862962104,3.3372059894156245,3.133445996102095,6.491163720275434,61.48965698974287,9.213393432273651,9.432165418805424,1567.2469311353118,14394.04498133871,4.932205439356674,6.5349533390638825,1.8280452967863787,0.8368794326241135,Low,0,1,-2.498844886455989,-2.5373531530919298,-2.6538266391848824,-0.9818731086748947,-2.9362125446498455,-0.40634763377950645,-0.43867829091697014,-0.6143252338289236,0.1579982604829097,-1.2622472080135945,-1.644016946781447,-1.1932219027537532,-0.16286735762255852,-0.5347585911475866,0.6118780883481089,-1.0987972149572356,0.6125530498969481
College of St. Scholastica,Yes,672,596,278,29,60,1350,275,11844,3696,450,1146,54.0,76,11.6,33,8996,72,5.171877767388787,5.1473675834184744,3.741638016711902,4.843751032487945,3.6173490995707605,7.224106926283889,69.84217654803963,9.213393432273651,9.220121524189473,1626.4694472851354,36780.940288277394,5.662278553171516,8.975326246182142,1.8300442934352215,5.171877767388787,5.1473675834184744,3.741638016711902,4.843751032487945,3.6173490995707605,7.224106926283889,69.84217654803963,9.213393432273651,9.220121524189473,1626.4694472851354,36780.940288277394,5.662278553171516,8.975326246182142,1.8300442934352215,0.8869047619047619,Mid,1,1,-0.8475476066317845,-0.7138280280973349,-0.5324062373126774,0.32152095127645364,-0.33674973913854495,-0.1233331621777771,0.45874756533706307,-0.6143252338289236,-0.10248899126917888,-1.2126299455806546,-0.42352364534226566,-0.5967914238632761,0.8739402534841448,0.1714371840868147,0.9521650893066104,0.3581403891754813,0.6125530498969481
College of the Holy Cross,Yes,2994,1691,659,70,95,2675,22,18000,6300,400,900,92.0,96,11.3,55,12138,95,6.0467733011105675,5.787884571065207,4.075069298597425,6.678306978262003,3.747554411545374,3.59822247412019,81.07302369635694,8.96107520321098,8.819245343756174,4702.342075565505,67728.00439442915,5.561395109609361,11.893206427725763,1.8320232850740636,6.0467733011105675,5.787884571065207,4.075069298597425,6.678306978262003,3.747554411545374,3.59822247412019,81.07302369635694,8.96107520321098,8.819245343756174,4702.342075565505,67728.00439442915,5.561395109609361,11.893206427725763,1.8320232850740636,0.5647962591850367,High,2,1,0.5684888580631084,0.35864038132926274,0.4034690108125002,1.9086950841480654,0.3626957968207413,-1.5234113181736704,1.665431674029183,-1.0388011424180428,-0.5949489827396871,1.3643692994630383,1.263654675854437,-0.6792077728800088,2.1136198006949316,0.8705656870703666,-1.2389116702046843,1.8150779933081982,0.6125530498969481
College of William and Mary,No,7117,3106,1217,68,88,5186,134,11720,4298,600,800,89.0,92,12.1,31,9534,93,6.511692307499432,6.1404277575750905,4.286402479879006,6.612336887273793,3.8563064500119846,6.100190727841851,69.5800338813267,9.845917647123215,8.626435575433408,4400.82631344925,60591.59251052614,5.828139320813687,8.66494745865426,1.830453551979573,6.511692307499432,6.1404277575750905,4.286402479879006,6.612336887273793,3.8563064500119846,6.100190727841851,69.5800338813267,9.845917647123215,8.626435575433408,4400.82631344925,60591.59251052614,5.828139320813687,8.66494745865426,1.830453551979573,0.4364198398201489,Mid,1,0,1.3209698581383755,0.9489314083940597,0.9966391907384701,1.8516207702243794,0.9468972144001897,-0.5573156950931971,0.4305819794328809,0.4497726389260374,-0.8318078970334455,1.1117561437041261,0.8745903245365926,-0.4612920948206636,0.7420738947418721,0.316018044273344,-2.112165827001758,0.3581403891754813,-1.6325116659989423
College of Wooster,Yes,2100,1883,553,29,65,1704,1,16240,4690,500,500,84.0,96,11.1,43,14140,69,5.84764241919988,5.851338150001062,4.0108644824657596,4.843751032487945,3.6638953129491165,0.7141926941847949,78.1608413996573,9.442351022087843,7.873683591318896,3920.713741190657,67728.00439442915,5.493547832248623,10.398062989232335,1.832914713957282,5.84764241919988,5.851338150001062,4.0108644824657596,4.843751032487945,3.6638953129491165,0.7141926941847949,78.1608413996573,9.442351022087843,7.873683591318896,3920.713741190657,67728.00439442915,5.493547832248623,10.398062989232335,1.832914713957282,0.8966666666666666,High,2,1,0.24619141892444224,0.46488574278920775,0.22325887009545795,0.32152095127645364,-0.08670970106661718,-2.6370339802857092,1.352535945627387,-0.22914901677242944,-1.756532921293452,0.7095126551829224,1.263654675854437,-0.7346353504225267,1.4783988095896108,1.1854853301898753,1.0185684362278289,1.8150779933081982,0.6125530498969481
Colorado College,Yes,3207,1577,490,56,87,1892,7,17142,4190,450,1200,85.0,97,11.3,51,14664,84,6.0847640845181425,5.746448719376419,3.9655561854300365,6.180642261153285,3.684052996468624,2.276675341792298,79.67790013935081,9.213393432273651,9.297325805521908,4014.4961141771587,69589.80855298844,5.561395109609361,11.415703917127777,1.833116510898366,6.0847640845181425,5.746448719376419,3.9655561854300365,6.180642261153285,3.684052996468624,2.276675341792298,79.67790013935081,9.213393432273651,9.297325805521908,4014.4961141771587,69589.80855298844,5.561395109609361,11.415703917127777,1.833116510898366,0.49173682569379484,High,2,1,0.6299777245093731,0.28926104743028397,0.0960874976595785,1.4781382686650963,0.02157468103100809,-2.0337059225665857,1.5155343952514595,-0.6143252338289236,-0.007646689375954711,0.7880845382194887,1.3651568927969056,-0.6792077728800088,1.9107498885325442,1.2567751681850219,-1.7358834217545338,1.8150779933081982,0.6125530498969481
Colorado State University,No,9478,6312,2194,29,65,15646,1829,8412,4180,470,1800,87.0,89,19.2,10,7850,59,6.659115952460355,6.533066596207553,4.471291740801508,4.843751032487945,4.005974606086134,10.552369486438996,61.786390099711745,9.307516017653251,9.988659024785472,4205.420538622495,55559.757364651494,7.943876210224716,4.421054272265976,1.8290320211566955,6.659115952460355,6.533066596207553,4.471291740801508,4.843751032487945,4.005974606086134,10.552369486438996,61.786390099711745,9.307516017653251,9.988659024785472,4205.420538622495,55559.757364651494,7.943876210224716,4.421054272265976,1.8290320211566955,0.6659632833931209,Low,0,0,1.5595780678921192,1.6063577668960634,1.5155865491357998,0.32152095127645364,1.7508945479477838,1.1618229892024587,-0.4067961787669635,-0.45598245337987864,0.8416278943466902,0.9480430791331619,0.6002637149158834,1.2671511833654492,-1.060970526681064,-0.186173423662721,-0.550743820863166,-1.0987972149572356,-1.6325116659989423
Columbia College MO,Yes,314,158,132,10,28,690,5346,8294,3700,400,900,87.0,87,15.3,2,5015,37,4.688675351378697,4.263194086964342,3.416457551822798,3.0648578681207974,3.469144096027389,12.693299927349003,61.47368653318033,8.96107520321098,8.819245343756174,4205.420538622495,52354.631663757325,6.830893399583299,1.4356050330977457,1.825123203364637,4.688675351378697,4.263194086964342,3.416457551822798,3.0648578681207974,3.469144096027389,12.693299927349003,61.47368653318033,8.96107520321098,8.819245343756174,4205.420538622495,52354.631663757325,6.830893399583299,1.4356050330977457,1.825123203364637,0.5031847133757962,Low,0,1,-1.6296206822460282,-2.194269861315831,-1.4451230842221887,-1.2174962818199055,-1.1328872128189773,1.9885095489564675,-0.44039421633987685,-1.0388011424180428,-0.5949489827396871,0.9480430791331619,0.4255260215207906,0.3579040707316264,-2.329357208369601,-1.5670614869372932,-1.6580115232056332,-1.0987972149572356,0.6125530498969481
Columbia College,Yes,737,614,242,21,67,968,237,10425,3975,500,1500,61.0,77,14.7,34,8693,76,5.228741045831723,5.166289777793607,3.6838278504413937,4.255852904198828,3.5466135945657973,6.985598937315216,66.72656062754662,9.442351022087843,9.675230393594894,2072.1143548522737,38057.447169980325,6.649854000037834,9.126868146634914,1.8297967709802823,5.228741045831723,5.166289777793607,3.6838278504413937,4.255852904198828,3.5466135945657973,6.985598937315216,66.72656062754662,9.442351022087843,9.675230393594894,2072.1143548522737,38057.447169980325,6.649854000037834,9.126868146634914,1.8297967709802823,0.8331071913161465,Mid,1,1,-0.7555132177547893,-0.6821450968156558,-0.6946678685448215,-0.18710169614595554,-0.7167314192960618,-0.21542926446429086,0.12399416958718174,-0.22914901677242944,0.4565936404384389,-0.8392638380900032,-0.3539307841170397,0.21000461555961872,0.9383237726310382,0.08399365982933069,0.5862181936499963,0.3581403891754813,0.6125530498969481
Columbia University,Yes,6756,1930,871,78,96,3376,55,18624,6664,550,300,97.0,98,5.9,21,30639,99,6.484569993776773,5.8658171728863415,4.173660437458657,6.928124103967555,3.7876006222486858,4.80871400713846,82.06043954383887,9.65214536925229,7.0851504204901765,5227.304128672231,71483.10904926102,3.512456060586505,6.929932557777247,1.8364519416959575,6.484569993776773,5.8658171728863415,4.173660437458657,6.928124103967555,3.7876006222486858,4.80871400713846,82.06043954383887,9.65214536925229,7.0851504204901765,5227.304128672231,71483.10904926102,3.512456060586505,6.929932557777247,1.8364519416959575,0.28567199526346954,High,2,1,1.2770718340225125,0.48912911953535426,0.6801947158001259,2.1248254675149734,0.5778186891492645,-1.0559990837916504,1.771523315745251,0.12378880488361321,-2.7252136699495475,1.8041881665040136,1.4683762334705521,-2.3530808071033067,0.004942020606680277,2.435099873836449,-3.1375969968270514,1.8150779933081982,0.6125530498969481
Concordia College at St. Paul,Yes,281,266,139,13,29,1049,181,10500,3750,450,950,69.0,75,12.8,18,6955,45,4.6159533574306755,4.619447246317555,3.4402072633522027,3.4609232634102094,3.564176963053083,6.561308283264345,66.89798175942522,9.213393432273651,8.90831952942552,2648.1614235052466,35531.398971011564,6.05581660003175,6.329553707860191,1.828067825709528,4.6159533574306755,4.619447246317555,3.4402072633522027,3.4609232634102094,3.564176963053083,6.561308283264345,66.89798175942522,9.213393432273651,8.90831952942552,2648.1614235052466,35531.398971011564,6.05581660003175,6.329553707860191,1.828067825709528,0.9466192170818505,Mid,1,1,-1.7473227292294644,-1.597766932379517,-1.3784623706718802,-0.8748385657786061,-0.6223833508606121,-0.3792624158972743,0.14241229539730088,-0.6143252338289236,-0.48552498885819567,-0.3566453943418077,-0.4916463924532397,-0.27529199961519973,-0.2501326687269887,-0.5267996831835396,1.3583603739410062,0.3581403891754813,0.6125530498969481
Concordia Lutheran College,Yes,232,216,106,16,34,534,172,6900,3800,450,1825,67.0,76,12.1,9,6875,42,4.4891252031238045,4.478494630175622,3.31359431429778,3.793745093657405,3.40657249449107,6.482189295317253,57.5360014765767,9.213393432273651,10.012543120205498,2497.466346891243,36780.940288277394,5.828139320813687,4.135322577728063,1.8279723190550423,4.4891252031238045,4.478494630175622,3.31359431429778,3.793745093657405,3.40657249449107,6.482189295317253,57.5360014765767,9.213393432273651,10.012543120205498,2497.466346891243,36780.940288277394,5.828139320813687,4.135322577728063,1.8279723190550423,0.9310344827586207,Low,0,1,-1.9525967126095087,-1.833775080412634,-1.7338397199178663,-0.5868962977653778,-1.4690134945250166,-0.4098129665865338,-0.8634737863926079,-0.6143252338289236,0.8709685286894783,-0.48289935398096173,-0.42352364534226566,-0.4612920948206636,-1.18236541463741,-0.5605398077323166,1.2523484279958867,-1.0987972149572356,0.6125530498969481
Concordia University CA,Yes,688,497,144,30,75,641,101,10800,4440,570,1515,55.0,60,13.1,13,8415,55,5.186405558666387,5.031006775089277,3.456345598622062,4.908029058750458,3.451516516266201,5.678147512215741,67.57573425547379,9.731428109991333,9.692227364572995,1686.8014102927957,19867.773742812482,6.151859860146799,5.2034945525684675,1.8295576714713295,5.186405558666387,5.031006775089277,3.456345598622062,4.908029058750458,3.451516516266201,5.678147512215741,67.57573425547379,9.731428109991333,9.692227364572995,1686.8014102927957,19867.773742812482,6.151859860146799,5.2034945525684675,1.8295576714713295,0.7223837209302325,Mid,1,1,-0.8240340768357803,-0.9086601612572999,-1.3331652754515455,0.3771313679720627,-1.2275802156369664,-0.7202810335864781,0.21523255159059804,0.25716645871250754,0.47747372409382716,-1.162083176610684,-1.3455990913496088,-0.19682982022428813,-0.7285459060471434,-0.0004742471983236254,-0.16695541290365903,0.3581403891754813,0.6125530498969481
Concordia University,Yes,528,403,186,22,56,1168,145,9216,4191,400,1000,56.0,64,12.1,13,7309,75,5.021556645055387,4.89490335495477,3.5707166634578673,4.337922600177787,3.5871852348380036,6.21996051365297,63.843891623743254,8.96107520321098,8.993154813797165,1748.2432357532678,23500.734234328775,5.828139320813687,5.2034945525684675,1.8284709285460714,5.021556645055387,4.89490335495477,3.5707166634578673,4.337922600177787,3.5871852348380036,6.21996051365297,63.843891623743254,8.96107520321098,8.993154813797165,1748.2432357532678,23500.734234328775,5.828139320813687,5.2034945525684675,1.8284709285460714,0.7632575757575758,Mid,1,1,-1.0908454432688675,-1.1365489156921478,-1.0121484588041525,-0.1160987382636973,-0.4987859895391439,-0.5110684792553097,-0.18573054054121096,-1.0388011424180428,-0.3813083118461038,-1.1106065529137321,-1.1475366140165175,-0.4612920948206636,-0.7285459060471434,-0.3843934813938675,0.11108056760492421,0.3581403891754813,0.6125530498969481
Connecticut College,Yes,3035,1546,438,42,93,1630,232,18740,6300,600,500,75.0,95,10.7,40,14773,91,6.0543070701707595,5.734625435187203,3.9227691155536033,5.572727488079942,3.6552032042206064,6.951660361817361,82.24159181692917,9.845917647123215,7.873683591318896,3127.017536070735,65897.48921732574,5.356382251004348,9.991196421752138,1.8331570952079044,6.0543070701707595,5.734625435187203,3.9227691155536033,5.572727488079942,3.6552032042206064,6.951660361817361,82.24159181692917,9.845917647123215,7.873683591318896,3127.017536070735,65897.48921732574,5.356382251004348,9.991196421752138,1.8331570952079044,0.5093904448105436,High,2,1,0.5806824186593551,0.26946438468259665,-0.024007291919595865,0.9521981331052524,-0.13340254758746053,-0.22853411069616925,1.7909869916643268,0.4497726389260374,-1.756532921293452,0.044545418704219096,1.1638582779526243,-0.8466922550814785,1.3055390172857926,1.2711125948902542,-1.6157983130368996,1.8150779933081982,0.6125530498969481
Converse College,Yes,440,407,149,35,70,643,80,12050,3700,500,900,63.0,76,10.2,31,10965,75,4.906174114452205,4.901358686165376,3.471852749100744,5.206477408178991,3.4522677527501497,5.33858713922954,70.27371447766768,9.442351022087843,8.819245343756174,2209.4456195013977,36780.940288277394,5.182041400569177,8.66494745865426,1.8313875763745109,4.906174114452205,4.901358686165376,3.471852749100744,5.206477408178991,3.4522677527501497,5.33858713922954,70.27371447766768,9.442351022087843,8.819245343756174,2209.4456195013977,36780.940288277394,5.182041400569177,8.66494745865426,1.8313875763745109,0.925,Mid,1,1,-1.2775944486362185,-1.1257402424964587,-1.2896397903204486,0.635335268105144,-1.2235446736365752,-0.8513969218978396,0.5051136101334333,-0.22914901677242944,-0.5949489827396871,-0.7242062241732836,-0.42352364534226566,-0.989119355802782,0.7420738947418721,0.6459856217842067,1.211300101682098,0.3581403891754813,0.6125530498969481
Cornell College,Yes,1538,1329,383,33,68,1140,10,15248,4323,550,800,71.0,76,12.2,31,10340,64,5.668462674061286,5.644016047078223,3.8706121730636545,5.091356782638988,3.5820368670900713,2.662645176880053,76.42706161650764,9.65214536925229,8.626435575433408,2803.316583884286,36780.940288277394,5.860981033586721,8.66494745865426,1.8310042015651968,5.668462674061286,5.644016047078223,3.8706121730636545,5.091356782638988,3.5820368670900713,2.662645176880053,76.42706161650764,9.65214536925229,8.626435575433408,2803.316583884286,36780.940288277394,5.860981033586721,8.66494745865426,1.8310042015651968,0.864109232769831,High,2,1,-0.043814693887275095,0.11774989745036865,-0.1704014491150514,0.5357381533712033,-0.5264423330796446,-1.8846697516380733,1.1662521787245654,0.12378880488361321,-0.8318078970334455,-0.22665472844581655,-0.42352364534226566,-0.43446218134192693,0.7420738947418721,0.5105488411244621,0.7971031965388506,1.8150779933081982,0.6125530498969481
Creighton University,Yes,2967,2836,876,30,60,3450,644,10628,4372,650,2055,85.0,90,6.5,32,22906,85,6.041751314970354,6.088646636967498,4.1756394287189815,4.908029058750458,3.79122834416317,8.650945839141247,67.1886920355682,10.026082431745259,10.219080322336987,4014.4961141771587,57206.93660181433,3.7681432822763865,8.821390068071972,1.835291856614635,6.041751314970354,6.088646636967498,4.1756394287189815,4.908029058750458,3.79122834416317,8.650945839141247,67.1886920355682,10.026082431745259,10.219080322336987,4014.4961141771587,57206.93660181433,3.7681432822763865,8.821390068071972,1.835291856614635,0.9558476575665655,Mid,1,1,0.5603606699244825,0.8622301699766639,0.6857493504052553,0.3771313679720627,0.5973063264837708,0.4276182044120829,0.17364729181587324,0.7528645357434074,1.1246910339530192,0.7880845382194887,0.6900649668386472,-2.144198094957098,0.808539510579746,2.0252706808677288,1.4211349399703495,0.3581403891754813,0.6125530498969481
Culver-Stockton College,Yes,1576,1110,274,24,55,992,112,8000,3700,400,500,51.0,52,14.1,28,5807,51,5.682651819955484,5.534888453903912,3.735653569092159,4.493818501377219,3.551998993149328,5.831174506193828,60.68165182108199,8.96107520321098,7.873683591318896,1452.1285394184367,13699.936096102287,6.465798760875629,8.179318836422599,1.8265082280207,5.682651819955484,5.534888453903912,3.735653569092159,4.493818501377219,3.551998993149328,5.831174506193828,60.68165182108199,8.96107520321098,7.873683591318896,1452.1285394184367,13699.936096102287,6.465798760875629,8.179318836422599,1.8265082280207,0.7043147208121827,Low,0,1,-0.020849268628343895,-0.06497108971063867,-0.5492033907451567,0.018775285270126344,-0.6878017777823088,-0.6611920707767052,-0.5254933800984002,-1.0388011424180428,-1.756532921293452,-1.3586946375389468,-1.6818585158460908,0.05964138157856781,0.5357515534995189,-1.0777667393581154,-0.2898660653452511,-1.0987972149572356,0.6125530498969481
Cumberland College,Yes,995,789,398,26,47,1306,122,6230,3526,400,600,42.0,44,13.0,4,8189,63,5.410996017840169,5.324238596581453,3.8856548882401216,4.639999884647015,3.6105311272287923,5.958898724941941,55.45512234860447,8.96107520321098,8.162552350641706,988.8958068635002,8888.331393745179,6.119944455137463,2.3994070378288304,1.829354131556079,5.410996017840169,5.324238596581453,3.8856548882401216,4.639999884647015,3.6105311272287923,5.958898724941941,55.45512234860447,8.96107520321098,8.162552350641706,988.8958068635002,8888.331393745179,6.119944455137463,2.3994070378288304,1.829354131556079,0.792964824120603,Low,0,1,-0.4605297868324213,-0.41767885825644024,-0.12817954144447471,0.14524475095617614,-0.37337497544083403,-0.6118733759809669,-1.08705120158425,-1.0388011424180428,-1.4016694654541817,-1.746796014396346,-1.9441785574545383,-0.2229029900664657,-1.9198799308640517,-0.0723798345962104,0.3131580071250354,-1.0987972149572356,0.6125530498969481
D'Youville College,Yes,866,619,157,18,47,1074,336,8920,4310,680,1320,68.0,68,14.6,42,6898,46,5.327173597974528,5.171440844830834,3.4954607807750144,3.9902206092359616,3.569266388151081,7.550459323900732,63.10065497822532,10.12845616521549,9.4579757327094,2572.256540860469,27520.52043115919,6.61939203611697,10.264131539363945,1.8279999521224195,5.327173597974528,5.171440844830834,3.4954607807750144,3.9902206092359616,3.569266388151081,7.550459323900732,63.10065497822532,10.12845616521549,9.4579757327094,2572.256540860469,27520.52043115919,6.61939203611697,10.264131539363945,1.8279999521224195,0.7147806004618937,Mid,1,1,-0.5961981020926285,-0.6735202566025005,-1.2233767439261074,-0.41691464264756517,-0.5950436393587655,0.0026826745341645736,-0.2655866580094734,0.9250882537516802,0.18970517544918392,-0.4202393232555936,-0.9283850943804479,0.18511882893705714,1.4214971999277994,-0.5507777326183669,-0.2186740742158603,0.3581403891754813,0.6125530498969481
Dana College,Yes,504,482,185,10,36,550,84,9130,3322,450,1450,46.0,51,12.6,25,8686,54,4.992259156161021,5.01123296589912,3.5683525622007775,3.0648578681207974,3.4139591927690716,5.40903385569568,63.62958778642302,9.213393432273651,9.617414096506403,1183.7172790157958,13027.027457305247,5.991285805830951,7.666103609271758,1.8297908956851425,4.992259156161021,5.01123296589912,3.5683525622007775,3.0648578681207974,3.4139591927690716,5.40903385569568,63.62958778642302,9.213393432273651,9.617414096506403,1183.7172790157958,13027.027457305247,5.991285805830951,7.666103609271758,1.8297908956851425,0.9563492063492064,Mid,1,1,-1.1382640332597602,-0.9417690187887545,-1.018784020524878,-1.2174962818199055,-1.4293331384959658,-0.8241950322107534,-0.20875614417653496,-0.6143252338289236,0.38556868420312496,-1.5835724849046677,-1.7185442855730702,-0.3280101887390996,0.31770887154146105,0.08191806425074992,1.424546622282759,0.3581403891754813,0.6125530498969481
Daniel Webster College,Yes,585,508,153,12,30,460,536,12292,4934,500,500,61.0,61,22.2,10,8643,72,5.085775208884729,5.045106584769573,3.483834093186795,3.3372059894156245,3.368515907610857,8.33405190729318,70.77451995272132,9.442351022087843,7.873683591318896,2072.1143548522737,20740.590958343037,8.737742749554304,4.421054272265976,1.8297546437066756,5.085775208884729,5.045106584769573,3.483834093186795,3.3372059894156245,3.368515907610857,8.33405190729318,70.77451995272132,9.442351022087843,7.873683591318896,2072.1143548522737,20740.590958343037,8.737742749554304,4.421054272265976,1.8297546437066756,0.8683760683760684,Mid,1,1,-0.9869063733025984,-0.8850517312660802,-1.256010542020776,-0.9818731086748947,-1.6734483935589486,0.30525460524019743,0.5589220183783782,-0.22914901677242944,-1.756532921293452,-0.8392638380900032,-1.2980146652677276,1.9156974608106905,-1.060970526681064,0.06911114231216721,0.8261274671015463,0.3581403891754813,0.6125530498969481
Dartmouth College,Yes,8587,2273,1087,87,99,3918,32,19545,6070,550,1100,75.0,99,4.7,49,29619,98,6.608664019660233,5.961258083348114,4.24898156461614,7.18595721628632,3.8121672291069,4.078192796391999,83.47887178079816,9.65214536925229,9.15165023999676,3127.017536070735,73408.11248759447,2.9702907349841956,11.169601799750874,1.8363261300292404,6.608664019660233,5.961258083348114,4.24898156461614,7.18595721628632,3.8121672291069,4.078192796391999,83.47887178079816,9.65214536925229,9.15165023999676,3127.017536070735,73408.11248759447,2.9702907349841956,11.169601799750874,1.8363261300292404,0.2647024572027483,High,2,1,1.4779205741620984,0.6489334079637157,0.8916061291772894,2.347890916902214,0.7097872182365809,-1.3380783400810938,1.9239249660385538,0.12378880488361321,-0.18660316336359328,0.044545418704219096,1.5733239615731247,-2.7960007265852433,1.806191872967965,2.390653742542406,-3.280237961329974,1.8150779933081982,0.6125530498969481
Davidson College,Yes,2373,956,452,77,96,1601,6,17295,5070,600,1011,95.0,97,12.0,46,17581,94,5.916846486075979,5.443330974213872,3.93484370531029,6.898040428346999,3.6516646662948915,2.1179484116141403,79.92998895400295,9.845917647123215,9.011290465159417,5013.952455197691,69589.80855298844,5.795189080826134,10.790398173053111,1.834065288254539,5.916846486075979,5.443330974213872,3.93484370531029,6.898040428346999,3.6516646662948915,2.1179484116141403,79.92998895400295,9.845917647123215,9.011290465159417,5013.952455197691,69589.80855298844,5.795189080826134,10.790398173053111,1.834065288254539,0.4028655710071639,High,2,1,0.35819962839017205,-0.21827304189624153,0.009883678419619842,2.0987984434404905,-0.15241110045238884,-2.094995825938468,1.5426197577893466,0.4497726389260374,-0.3590294059118241,1.6254398345940284,1.3651568927969056,-0.4882106691982931,1.6450848531462385,1.5919545998040217,-2.3404118309344693,1.8150779933081982,0.6125530498969481
Defiance College,Yes,571,461,174,10,26,645,283,10850,3670,400,1159,58.0,60,12.8,19,7505,56,5.070644096542046,4.98241652991467,3.541334686412396,3.0648578681207974,3.453016148944277,7.2704636996911,67.68748605707488,8.96107520321098,9.239010865661557,1874.458100634458,19867.773742812482,6.05581660003175,6.5349533390638825,1.8286814041529824,5.070644096542046,4.98241652991467,3.541334686412396,3.0648578681207974,3.453016148944277,7.2704636996911,67.68748605707488,8.96107520321098,9.239010865661557,1874.458100634458,19867.773742812482,6.05581660003175,6.5349533390638825,1.8286814041529824,0.8073555166374781,Mid,1,1,-1.0113963906850023,-0.9900186637812021,-1.094617820713872,-1.2174962818199055,-1.2195243892935415,-0.10543322446984545,0.22723958198900848,-1.0388011424180428,-0.07928420786156547,-1.0048623785543536,-1.3455990913496088,-0.27529199961519973,-0.16286735762255852,-0.31003768671232024,0.41104772956565694,0.3581403891754813,0.6125530498969481
Delta State University,No,967,945,459,15,48,2806,538,4528,1880,500,1200,49.0,63,17.1,16,5113,58,5.39383399310546,5.436196973458661,3.9407202183917347,3.6884527234691826,3.7559484771581024,8.34043102249211,49.40503095715734,9.442351022087843,9.297325805521908,1341.4427559604715,22556.828963349828,7.357428527211942,5.900711370401069,1.8253123734506485,5.39383399310546,5.436196973458661,3.9407202183917347,3.6884527234691826,3.7559484771581024,8.34043102249211,49.40503095715734,9.442351022087843,9.297325805521908,1341.4427559604715,22556.828963349828,7.357428527211942,5.900711370401069,1.8253123734506485,0.9772492244053774,Low,0,0,-0.48830687780574444,-0.2302180653543997,0.026377881084431832,-0.6779904542213022,0.40778759555255567,0.30771780007236427,-1.737095587531402,-0.22914901677242944,-0.007646689375954711,-1.451428380082673,-1.1989966331316235,0.7880549588848036,-0.4323290036172367,-1.50023240264674,1.5667146912706456,-1.0987972149572356,-1.6325116659989423
Denison University,Yes,2762,2279,533,32,60,1835,14,16900,4720,500,600,88.0,97,11.6,45,12423,81,6.001943058309574,5.96278725788111,3.9971551816361437,5.0317442595355875,3.6782088129592863,3.0488407782247364,79.27613563643655,9.442351022087843,8.162552350641706,4302.5631252927,69589.80855298844,5.662278553171516,10.66114318995264,1.832163604378496,6.001943058309574,5.96278725788111,3.9971551816361437,5.0317442595355875,3.6782088129592863,3.0488407782247364,79.27613563643655,9.442351022087843,8.162552350641706,4302.5631252927,69589.80855298844,5.662278553171516,10.66114318995264,1.832163604378496,0.8251267197682839,High,2,1,0.4959301855353322,0.6514938262051786,0.1847795911178351,0.48416411722208674,-0.009819491794522345,-1.7355464046263582,1.4723673184761457,-0.22914901677242944,-1.4016694654541817,1.029430185416124,1.3651568927969056,-0.5967914238632761,1.590170069482996,0.9201370057773074,0.5319326793254092,1.8150779933081982,0.6125530498969481
DePauw University,Yes,1994,1656,495,50,80,1983,36,14300,5020,550,950,78.0,94,11.1,31,11525,82,5.818127096659739,5.775489051239354,3.9693918264902694,5.936705135542433,3.6929518694325543,4.233433825685417,74.6994856406426,9.65214536925229,8.90831952942552,3381.5199008967597,64098.054902977776,5.493547832248623,8.66494745865426,1.8317035166962612,5.818127096659739,5.775489051239354,3.9693918264902694,5.936705135542433,3.6929518694325543,4.233433825685417,74.6994856406426,9.65214536925229,8.90831952942552,3381.5199008967597,64098.054902977776,5.493547832248623,8.66494745865426,1.8317035166962612,0.8304914744232698,Mid,1,1,0.19842026068538254,0.3378855790554163,0.10685337873907799,1.2670949932019226,0.06937823739361963,-1.2781344624160644,0.9806349720166141,0.12378880488361321,-0.48552498885819567,0.2577702434217395,1.0657563528339236,-0.7346353504225267,0.7420738947418721,0.7575994759522123,0.5684253181280786,0.3581403891754813,0.6125530498969481
Dickinson College,Yes,3014,2539,487,31,68,1889,62,18700,5000,595,1250,87.0,94,11.2,39,13861,87,6.050462051564996,6.025212001086204,3.9632330510351594,4.970662962552278,3.6837507865999894,4.975981186631733,82.17920894724425,9.827187993545914,9.365994585919545,4205.420538622495,64098.054902977776,5.527531557925774,9.85206621604371,1.8328024962379503,6.050462051564996,6.025212001086204,3.9632330510351594,4.970662962552278,3.6837507865999894,4.975981186631733,82.17920894724425,9.827187993545914,9.365994585919545,4205.420538622495,64098.054902977776,5.527531557925774,9.85206621604371,1.8328024962379503,0.8424021234240212,High,2,1,0.57445917674837,0.7560165263758655,0.08956692176778146,0.4313193649006998,0.01995125000247637,-0.991411497696945,1.78428434345718,0.4182636720578147,0.07671009872843897,0.9480430791331619,1.0657563528339236,-0.706872473805698,1.2464286838639715,1.145841602250527,0.6494450552535861,1.8150779933081982,0.6125530498969481
Dickinson State University,No,434,412,319,10,30,1376,237,4486,2146,600,2000,50.0,64,16.5,28,4525,46,4.897423974934641,4.909333241881652,3.797788915830154,3.0648578681207974,3.6212518431206773,6.985598937315216,49.23810656157938,9.845917647123215,10.171715522398618,1396.2317942061482,23500.734234328775,7.184542364269632,8.179318836422599,1.8240842290502406,4.897423974934641,4.909333241881652,3.797788915830154,3.0648578681207974,3.6212518431206773,6.985598937315216,49.23810656157938,9.845917647123215,10.171715522398618,1396.2317942061482,23500.734234328775,7.184542364269632,8.179318836422599,1.8240842290502406,0.9493087557603687,Low,0,0,-1.2917567299034791,-1.1123878111794694,-0.3748018387464146,-1.2174962818199055,-0.3157847223309707,-0.21542926446429086,-1.7550305672205466,0.4497726389260374,1.0665053144911143,-1.4055255332295136,-1.1475366140165175,0.646816259628484,0.5357515534995189,-1.9341052595361825,1.376655406957988,-1.0987972149572356,-1.6325116659989423
Dillard University,Yes,1998,1376,651,41,88,1539,45,6700,3650,500,2307,52.0,52,14.1,12,7566,61,5.819271167376583,5.664921443297876,4.070653784659081,5.523485196294676,3.6438303311537426,4.533104806453966,56.92929330593428,9.442351022087843,10.422101872124019,1509.1334387814354,13699.936096102287,6.465798760875629,4.953607358725779,1.828745187867849,5.819271167376583,5.664921443297876,4.070653784659081,5.523485196294676,3.6438303311537426,4.533104806453966,56.92929330593428,9.442351022087843,10.422101872124019,1509.1334387814354,13699.936096102287,6.465798760875629,4.953607358725779,1.828745187867849,0.6886886886886887,Low,0,1,0.2002719627352822,0.15275346092258402,0.39107554197154487,0.9095959481215096,-0.19449610189037927,-1.1624212344588023,-0.9286607752688268,-0.22914901677242944,1.3740947041046971,-1.3109353183553147,-1.6818585158460908,0.05964138157856781,-0.8347120348951067,-0.28750448737277,-0.3961589310724122,-1.0987972149572356,0.6125530498969481
Doane College,Yes,793,709,244,20,47,1022,411,9570,3000,400,1000,67.0,72,15.1,42,6852,60,5.273575781738402,5.257234044796178,3.687292875453718,4.170730633321285,3.5585116693483614,7.884566603391525,64.71245017709141,8.96107520321098,8.993154813797165,2497.466346891243,31942.302495605825,6.770871990413645,10.264131539363945,1.8279445430406358,5.273575781738402,5.257234044796178,3.687292875453718,4.170730633321285,3.5585116693483614,7.884566603391525,64.71245017709141,8.96107520321098,8.993154813797165,2497.466346891243,31942.302495605825,6.770871990413645,10.264131539363945,1.8279445430406358,0.8940731399747793,Mid,1,1,-0.6829472730427973,-0.5298698952834388,-0.6849422329510908,-0.26074560260699386,-0.6528165515616579,0.13169293670485624,-0.09240936984476261,-1.0388011424180428,-0.3813083118461038,-0.48289935398096173,-0.6873174824544503,0.3088698067143141,1.4214971999277994,-0.5703523824747924,1.0009265049786218,0.3581403891754813,0.6125530498969481
Dominican College of Blauvelt,Yes,360,329,108,4,19,756,863,8310,5500,600,1800,43.0,43,12.7,5,5480,54,4.777434753549592,4.761344868804866,3.322488917772685,1.8937484010414123,3.490614885392711,9.16688951878304,61.51625757184431,9.845917647123215,9.988659024785472,1035.9441923891093,8375.563897491716,6.023602095364745,2.8030175863665034,1.8259738897819813,4.777434753549592,4.761344868804866,3.322488917772685,1.8937484010414123,3.490614885392711,9.16688951878304,61.51625757184431,9.845917647123215,9.988659024785472,1035.9441923891093,8375.563897491716,6.023602095364745,2.8030175863665034,1.8259738897819813,0.9138888888888889,Low,0,1,-1.4859617593071492,-1.3601764852479024,-1.7088743381846982,-2.23068678014793,-1.0175490015943498,0.6268417276988105,-0.43582022515578006,0.4497726389260374,0.8416278943466902,-1.7073783698341902,-1.9721337198740063,-0.3016095177954872,-1.7484034784636024,-1.2665351432209924,1.1357190564059136,-1.0987972149572356,0.6125530498969481
Dordt College,Yes,604,562,328,25,50,1048,56,9800,2650,450,2800,61.0,60,12.5,17,7325,87,5.1057008056494855,5.109899143918453,3.809002153225347,4.568038251472815,3.5639703190015872,4.833741809212306,65.26551046381941,9.213393432273651,10.765919371997514,2072.1143548522737,19867.773742812482,5.958866657838342,6.118308313178587,1.8284884352717976,5.1057008056494855,5.109899143918453,3.809002153225347,4.568038251472815,3.5639703190015872,4.833741809212306,65.26551046381941,9.213393432273651,10.765919371997514,2072.1143548522737,19867.773742812482,5.958866657838342,6.118308313178587,1.8284884352717976,0.9304635761589404,Mid,1,1,-0.9546563840042482,-0.7765644090041405,-0.3433285130579277,0.08298682799864276,-0.6234934150903982,-1.046334992329698,-0.032986509722997624,-0.6143252338289236,1.7964604402581954,-0.8392638380900032,-1.3455990913496088,-0.3544948895129964,-0.3398815888114029,-0.37820879081262593,1.2484649534155852,0.3581403891754813,0.6125530498969481
Dowling College,Yes,1011,829,410,9,33,1059,2458,9000,3100,450,1413,77.0,78,12.4,7,11178,42,5.420571851436392,5.35506612919777,3.8972256038113082,2.91344153033716,3.566230291681493,11.122742683204587,63.30310805628645,9.213393432273651,9.573428896112672,3295.568346309384,39361.14463169006,5.92634355842144,3.5140781476818708,1.8315106209830825,5.420571851436392,5.35506612919777,3.8972256038113082,2.91344153033716,3.566230291681493,11.122742683204587,63.30310805628645,9.213393432273651,9.573428896112672,3295.568346309384,39361.14463169006,5.92634355842144,3.5140781476818708,1.8315106209830825,0.8199802176063303,Mid,1,1,-0.44503110267018814,-0.3660618746179011,-0.09570284566195976,-1.348494791392716,-0.6113531438650709,1.3820636129985415,-0.2438343441522976,-0.6143252338289236,0.3315346645531858,0.18575910445405372,-0.2828555413330692,-0.38106451301120514,-1.4463049754933548,0.6894542202878302,0.4969246581629162,0.3581403891754813,0.6125530498969481
Drake University,Yes,2799,2573,839,34,65,3322,726,13420,4770,560,1675,88.0,93,15.0,24,9473,77,6.0093577900656365,6.032865823048635,4.16067591481838,5.149577531776267,3.7848916139790356,8.860607377148998,73.02712164737005,9.692095459172343,9.864425421132063,4302.5631252927,62329.492559452454,6.74074047959393,7.488071014907595,1.8304089571924624,6.0093577900656365,6.032865823048635,4.16067591481838,5.149577531776267,3.7848916139790356,8.860607377148998,73.02712164737005,9.692095459172343,9.864425421132063,4302.5631252927,62329.492559452454,6.74074047959393,7.488071014907595,1.8304089571924624,0.9192568774562344,Mid,1,1,0.5079310817998853,0.7688319277225818,0.6437497449532439,0.5861080901616065,0.5632662587426385,0.508575704131079,0.8009499466591777,0.19099699186252314,0.6890119935231996,1.029430185416124,0.9693375120855497,0.28425398250735084,0.24207061628816592,0.3002638156340811,1.1722336932314659,0.3581403891754813,0.6125530498969481
Drew University,Yes,2153,1580,321,56,84,1192,87,18432,5616,520,660,93.0,97,10.2,28,14907,83,5.8618060969288885,5.747579690794336,3.800312006599302,6.180642261153285,3.591479827569619,5.459907049886445,81.75896536593783,9.528373048626792,8.315137105099714,4805.090244554321,69589.80855298844,5.182041400569177,8.179318836422599,1.8332063594019923,5.8618060969288885,5.747579690794336,3.800312006599302,6.180642261153285,3.591479827569619,5.459907049886445,81.75896536593783,9.528373048626792,8.315137105099714,4805.090244554321,69589.80855298844,5.182041400569177,8.179318836422599,1.8332063594019923,0.7338597306084533,High,2,1,0.2691156234327732,0.2911547226037361,-0.3677200251077373,1.4781382686650963,-0.47571601129219354,-0.8045511497727116,1.7391318055724219,-0.08443383701929318,-1.2142253354544872,1.4504528230391855,1.3651568927969056,-0.989119355802782,0.5357515534995189,1.2885164088262842,-0.08889222026650136,1.8150779933081982,0.6125530498969481
Drury College,Yes,700,650,314,33,66,1065,48,8730,3523,500,750,82.0,92,13.2,35,9303,67,5.19706566698009,5.202416801347223,3.791400555689951,5.091356782638988,3.567450981105471,4.621117227322525,62.61500096583687,9.442351022087843,8.52150081906591,3736.5073126492257,60591.59251052614,6.183677590318551,9.276119865145814,1.8302823045587122,5.19706566698009,5.202416801347223,3.791400555689951,5.091356782638988,3.567450981105471,4.621117227322525,62.61500096583687,9.442351022087843,8.52150081906591,3736.5073126492257,60591.59251052614,6.183677590318551,9.276119865145814,1.8302823045587122,0.9285714285714286,Low,0,1,-0.8067804716818173,-0.6216547550524916,-0.3927326942363875,0.5357381533712033,-0.6047957634061191,-1.1284366247614759,-0.3177671365906919,-0.22914901677242944,-0.960715953306189,0.5551825236557095,0.8745903245365926,-0.17083644547256602,1.0017342937327451,0.25552059161292134,1.2355940090922997,-1.0987972149572356,0.6125530498969481
Duke University,Yes,13789,3893,1583,90,98,6188,53,18590,5950,625,1162,95.0,96,5.0,44,27206,97,6.847399571517194,6.267603619384797,4.370992818801523,7.267191804483126,3.8827526820514597,4.757408158094371,82.0072027641942,9.937572144384863,9.243342074042731,5013.952455197691,67728.00439442915,3.1101215847940664,10.530382002328931,1.835999990187688,6.847399571517194,6.267603619384797,4.370992818801523,7.267191804483126,3.8827526820514597,4.757408158094371,82.0072027641942,9.937572144384863,9.243342074042731,5013.952455197691,67728.00439442915,3.1101215847940664,10.530382002328931,1.835999990187688,0.2823264921314091,High,2,1,1.8643189883938243,1.161872043635631,1.2340674367639395,2.418171377619397,1.0889628387777952,-1.0758100290848978,1.7658033575669594,0.6039633454237165,-0.07396349551556233,1.6254398345940284,1.263654675854437,-2.6817664408162774,1.5346153654579844,2.2754366518217943,-3.16035409295968,1.8150779933081982,0.6125530498969481
Earlham College,Yes,1358,1006,274,35,63,1028,13,15036,4056,600,600,90.0,94,10.6,46,14634,78,5.595707403758527,5.47468850444683,3.735653569092159,5.206477408178991,3.559786263482398,2.96204115281913,76.04698815538949,9.845917647123215,8.162552350641706,4500.210363367248,64098.054902977776,5.321775689285814,10.790398173053111,1.833105259153446,5.595707403758527,5.47468850444683,3.735653569092159,5.206477408178991,3.559786263482398,2.96204115281913,76.04698815538949,9.845917647123215,8.162552350641706,4500.210363367248,64098.054902977776,5.321775689285814,10.790398173053111,1.833105259153446,0.7407952871870398,Mid,1,1,-0.16157059933712709,-0.1657686411994799,-0.5492033907451567,0.635335268105144,-0.6459696022038188,-1.7690627124630565,1.125415668387444,0.4497726389260374,-1.4016694654541817,1.1950211720584536,1.0657563528339236,-0.8749639552550215,1.6450848531462385,1.2528002066806478,-0.04171452484615041,0.3581403891754813,0.6125530498969481
East Carolina University,No,9274,6362,2435,14,44,13171,1687,7248,3240,500,1700,74.0,78,13.2,18,9002,58,6.648027916763658,6.537326436410367,4.5022557774014125,3.5777357214550345,3.9849559675187107,10.398934728090282,58.56470320145071,9.442351022087843,9.889943873748738,3044.4176772221554,39361.14463169006,6.183677590318551,6.329553707860191,1.830049064771287,6.648027916763658,6.537326436410367,4.5022557774014125,3.5777357214550345,3.9849559675187107,10.398934728090282,58.56470320145071,9.442351022087843,9.889943873748738,3044.4176772221554,39361.14463169006,6.183677590318551,6.329553707860191,1.830049064771287,0.6860038818201424,Low,0,0,1.541631853443441,1.6134903553126603,1.6024964373503132,-0.7737777547234982,1.637985230386358,1.102576574605228,-0.752946236013149,-0.22914901677242944,0.7203603688354095,-0.024657633443134833,-0.2828555413330692,-0.17083644547256602,-0.2501326687269887,0.1731227783941818,-0.414421776926459,-1.0987972149572356,-1.6325116659989423
East Tennessee State University,No,3330,2730,1303,15,36,6706,2640,5800,3000,600,2200,73.0,75,14.0,9,9825,42,6.1054880438937404,6.066858621195082,4.308703692060123,3.6884527234691826,3.8944526177767953,11.262777864165033,54.040964258820644,9.845917647123215,10.338539475874114,2962.9344405957,35531.398971011564,6.434817764376509,4.135322577728063,1.8306603835566175,6.1054880438937404,6.066858621195082,4.308703692060123,3.6884527234691826,3.8944526177767953,11.262777864165033,54.040964258820644,9.845917647123215,10.338539475874114,2962.9344405957,35531.398971011564,6.434817764376509,4.135322577728063,1.8306603835566175,0.8198198198198198,Low,0,0,0.663519880158363,0.8257487665624387,1.0592342549012304,-0.6779904542213022,1.1518133299750521,1.436135991895408,-1.2389936215624453,0.4497726389260374,1.271441718087908,-0.09292516745590934,-0.4916463924532397,0.03433157324728856,-1.18236541463741,0.38908649387702116,0.49583358525011534,-1.0987972149572356,-1.6325116659989423
East Texas Baptist University,Yes,379,341,265,10,36,1050,151,4950,2780,530,1500,75.0,62,15.7,7,5619,38,4.810605742078476,4.78506183284002,3.721812332375164,3.0648578681207974,3.5643833671966973,6.28185383165407,51.02840356208548,9.570307072602095,9.675230393594894,3127.017536070735,21636.86172344196,6.949989369160333,3.5140781476818708,1.826206881093819,4.810605742078476,4.78506183284002,3.721812332375164,3.0648578681207974,3.5643833671966973,6.28185383165407,51.02840356208548,9.570307072602095,9.675230393594894,3127.017536070735,21636.86172344196,6.949989369160333,3.5140781476818708,1.826206881093819,0.899736147757256,Low,0,1,-1.4322738302728557,-1.3204652907194627,-0.5880529875005208,-1.2174962818199055,-0.6212745753839034,-0.4871693496281269,-1.5626743796756422,-0.013888070295108445,0.4565936404384389,0.044545418704219096,-1.2491515938109201,0.4551990742383173,-1.4463049754933548,-1.1842251102445058,1.039447949263229,-1.0987972149572356,0.6125530498969481
Eastern College,Yes,458,369,165,16,42,1057,355,11190,4800,450,1230,60.0,60,13.6,22,8135,54,4.931677019544678,4.837103913714555,3.5177250671418596,3.793745093657405,3.5658215211241386,7.641084429375618,68.43856906055804,9.213393432273651,9.338837729249391,2005.1172269621243,19867.773742812482,6.309991187296932,7.12024725786717,1.8293042112386009,4.931677019544678,4.837103913714555,3.5177250671418596,3.793745093657405,3.5658215211241386,7.641084429375618,68.43856906055804,9.213393432273651,9.338837729249391,2005.1172269621243,19867.773742812482,6.309991187296932,7.12024725786717,1.8293042112386009,0.8056768558951966,Mid,1,1,-1.236317470786107,-1.233327105823193,-1.1608853231749643,-0.5868962977653778,-0.6135490046731843,0.03767613122981197,0.3079387414239821,-0.6143252338289236,0.04334901104871166,-0.8953947540471879,-1.3455990913496088,-0.06764502846155519,0.08579840488433134,-0.09001544059978624,0.39962898554474113,0.3581403891754813,0.6125530498969481
Eastern Connecticut State University,No,2172,1493,564,14,50,2766,1531,5962,4316,650,500,71.0,76,16.9,14,5719,50,5.8667927307865515,5.713811612924262,4.018162790017299,3.5777357214550345,3.7534369391269253,10.216128947399941,54.581576958929475,10.026082431745259,7.873683591318896,2803.316583884286,36780.940288277394,7.3000789141082825,5.444039108195632,1.826369074308748,5.8667927307865515,5.713811612924262,4.018162790017299,3.5777357214550345,3.7534369391269253,10.216128947399941,54.581576958929475,10.026082431745259,7.873683591318896,2803.316583884286,36780.940288277394,7.3000789141082825,5.444039108195632,1.826369074308748,0.6873848987108656,Low,0,0,0.27718659317300554,0.2346141507513531,0.2437437668695879,-0.7737777547234982,0.3942959488780997,1.0319890024663554,-1.1809081765765606,0.7528645357434074,-1.756532921293452,-0.22665472844581655,-0.42352364534226566,0.7412034085943565,-0.6263490551654358,-1.1269262832450644,-0.4050276939134156,-1.0987972149572356,-1.6325116659989423
Eastern Illinois University,No,5597,4253,1565,12,38,9161,845,5710,3066,120,1730,62.0,71,16.2,5,5682,76,6.38564148712725,6.316861797134596,4.36738530631516,3.3372059894156245,3.9379476803880187,9.129296271405922,53.73632746426658,6.591083345889187,9.920111148651584,2140.223695713882,30798.352141016087,7.097139250590258,2.8030175863665034,1.8263095760987094,6.38564148712725,6.316861797134596,4.36738530631516,3.3372059894156245,3.9379476803880187,9.129296271405922,53.73632746426658,6.591083345889187,9.920111148651584,2140.223695713882,30798.352141016087,7.097139250590258,2.8030175863665034,1.8263095760987094,0.7598713596569591,Low,0,0,1.1169540057629346,1.244348918662271,1.2239418671887121,-0.9818731086748947,1.3854629938660417,0.6123256874995026,-1.27172493506504,-5.02584738446981,0.7574196321852205,-0.7822010981159766,-0.7496836000340958,0.5754126153059119,-1.7484034784636024,-1.147945520364639,0.08804652988751521,-1.0987972149572356,-1.6325116659989423
Eastern Mennonite College,Yes,486,440,227,19,48,903,59,9650,3800,600,1300,46.0,65,11.4,29,10188,82,4.969287412621723,4.952162607316917,3.656740990759281,4.08228841706668,3.5311710806195795,4.90648750553438,64.90579960818485,9.845917647123215,9.432165418805424,1183.7172790157958,24468.81775259251,5.595139884147383,8.344048523822103,1.830905518091773,4.969287412621723,4.952162607316917,3.656740990759281,4.08228841706668,3.5311710806195795,4.90648750553438,64.90579960818485,9.845917647123215,9.432165418805424,1183.7172790157958,24468.81775259251,5.595139884147383,8.344048523822103,1.830905518091773,0.9053497942386831,Mid,1,1,-1.175444273934768,-1.0406752066568812,-0.7706952927942133,-0.337261774390416,-0.79968654055699,-1.0182453877912883,-0.07163518577441223,0.4497726389260374,0.1579982604829097,-1.5835724849046677,-1.0947584403093151,-0.6516401064957508,0.605737985971725,0.47568642549325985,1.07763362346218,0.3581403891754813,0.6125530498969481
Eastern Nazarene College,Yes,516,409,200,17,40,1238,30,8770,3500,450,700,58.0,58,17.3,17,6430,70,5.0070904500309386,4.90456099537027,3.602355693875105,3.894175451333956,3.5994239846967546,3.9940025054132655,62.717816732176765,9.213393432273651,8.409880082919223,1874.458100634458,18191.521233243842,7.414504916527184,6.118308313178587,1.8274079884260228,5.0070904500309386,4.90456099537027,3.602355693875105,3.894175451333956,3.5994239846967546,3.9940025054132655,62.717816732176765,9.213393432273651,8.409880082919223,1874.458100634458,18191.521233243842,7.414504916527184,6.118308313178587,1.8274079884260228,0.7926356589147286,Low,0,1,-1.1142592782588188,-1.1203783621315329,-0.9233439972829369,-0.5000085327852752,-0.43304106082152893,-1.3705870945384853,-0.3067202271521691,-0.6143252338289236,-1.0978374622751548,-1.0048623785543536,-1.436985365837391,0.8346833000310062,-0.3398815888114029,-0.7599037767913264,0.31091892859546744,-1.0987972149572356,0.6125530498969481
Eckerd College,Yes,1422,1109,366,33,65,1363,23,15360,4080,600,1000,82.0,89,12.8,26,15003,59,5.62270239429637,5.534338784734266,3.852719698574734,5.091356782638988,3.6193118138179314,3.6540351864371625,76.6264549128598,9.845917647123215,8.993154813797165,3736.5073126492257,55559.757364651494,6.05581660003175,7.840523349237043,1.8332412351850833,5.62270239429637,5.534338784734266,3.852719698574734,5.091356782638988,3.6193118138179314,3.6540351864371625,76.6264549128598,9.845917647123215,8.993154813797165,3736.5073126492257,55559.757364651494,6.05581660003175,7.840523349237043,1.8332412351850833,0.779887482419128,High,2,1,-0.11787865042173203,-0.0658914444107493,-0.22062206401116932,0.5357381533712033,-0.32620630048978155,-1.501860118632481,1.1876757382219392,0.4497726389260374,-0.3813083118461038,0.5551825236557095,0.6002637149158834,-0.27529199961519973,0.3918121831278882,1.3008371551822786,0.22420208315421772,1.8150779933081982,0.6125530498969481
Elizabethtown College,Yes,2417,1843,426,36,70,1476,299,14190,4400,500,750,65.0,68,12.8,25,9815,81,5.92719600408505,5.838707683879395,3.9120594732421563,5.262121851799814,3.6354653489218145,7.359702293985747,74.49420635987335,9.442351022087843,8.52150081906591,2351.2286673140156,27520.52043115919,6.05581660003175,7.666103609271758,1.8306534332046014,5.92719600408505,5.838707683879395,3.9120594732421563,5.262121851799814,3.6354653489218145,7.359702293985747,74.49420635987335,9.442351022087843,8.52150081906591,2351.2286673140156,27520.52043115919,6.05581660003175,7.666103609271758,1.8306534332046014,0.7625155151013653,Mid,1,1,0.37495053673064294,0.4437375512922292,-0.05406712643445857,0.683476302864234,-0.2394316685870866,-0.07097514722219393,0.9585790003987358,-0.22914901677242944,-0.960715953306189,-0.6054188583331771,-0.9283850943804479,-0.27529199961519973,0.31770887154146105,0.3866311074545205,0.10603285279999924,0.3581403891754813,0.6125530498969481
Elmira College,Yes,1457,1045,345,27,50,1109,502,14990,4980,450,550,77.0,98,21.5,21,7502,64,5.636919278123129,5.498011698241249,3.8292456820805647,4.709852044651068,3.5761540268309955,8.222145717338254,75.96405522798375,9.213393432273651,8.024199890786795,3295.568346309384,71483.10904926102,8.556680410095018,6.929932557777247,1.8286782466258997,5.636919278123129,5.498011698241249,3.8292456820805647,4.709852044651068,3.5761540268309955,8.222145717338254,75.96405522798375,9.213393432273651,8.024199890786795,3295.568346309384,71483.10904926102,8.556680410095018,6.929932557777247,1.8286782466258997,0.7172271791352093,Mid,1,1,-0.09486833074689954,-0.12671676742584506,-0.28650895646692215,0.20567765393688317,-0.5580441647988791,0.26204379305253284,1.1165050453270264,-0.6143252338289236,-1.5716298036474603,0.18575910445405372,1.4683762334705521,1.7677792649625408,0.004942020606680277,-0.3111531624622533,-0.2020317266026956,0.3581403891754813,0.6125530498969481
Elms College,Yes,245,208,125,23,46,544,436,11800,4765,450,1700,71.0,71,11.3,21,8952,86,4.52538354968564,4.452739265404968,3.3912160365181045,4.417175042264962,3.4112202084114522,7.98361496338935,69.74936547595105,9.213393432273651,9.889943873748738,2803.316583884286,30798.352141016087,5.561395109609361,6.929932557777247,1.8300091530469476,4.52538354968564,4.452739265404968,3.3912160365181045,4.417175042264962,3.4112202084114522,7.98361496338935,69.74936547595105,9.213393432273651,9.889943873748738,2803.316583884286,30798.352141016087,5.561395109609361,6.929932557777247,1.8300091530469476,0.8489795918367347,Mid,1,1,-1.8939118309269023,-1.876899331014119,-1.5159709940681099,-0.04753313995778422,-1.4440465964413118,0.1699389004275611,0.4487755975664263,-0.6143252338289236,0.7203603688354095,-0.22665472844581655,-0.7496836000340958,-0.6792077728800088,0.004942020606680277,0.15902295930385033,0.6941869296649427,0.3581403891754813,0.6125530498969481
Elon College,Yes,3624,2786,858,11,39,2933,334,9100,3883,490,1777,70.0,74,18.9,34,6329,63,6.151866806988285,6.078479835580841,4.168453020273038,3.2055940737410316,3.763642114218228,7.540649818536752,63.55451873386457,9.398209033684472,9.966412720346549,2725.181328249345,34308.59715981074,7.861769460596532,9.126868146634914,1.8272714477522598,6.151866806988285,6.078479835580841,4.168453020273038,3.2055940737410316,3.763642114218228,7.540649818536752,63.55451873386457,9.398209033684472,9.966412720346549,2725.181328249345,34308.59715981074,7.861769460596532,9.126868146634914,1.8272714477522598,0.7687637969094923,Mid,1,1,0.738584864717086,0.8452070878064869,0.6655785321501598,-1.095737735489672,0.44911678570145736,-0.001105111415008997,-0.2168218431910953,-0.303409250383206,0.8142992192370819,-0.2921172878935758,-0.558311349746167,1.2000743836939878,0.9383237726310382,-0.8081401993060501,0.14853550312145522,0.3581403891754813,0.6125530498969481
Embry Riddle Aeronautical University,Yes,3151,2584,958,14,40,4772,856,7800,3750,570,3020,37.0,43,16.5,4,12878,44,6.0750443657861455,6.035318911064511,4.2063481438900565,3.5777357214550345,3.8434912695639687,9.152355764061173,60.13186099132863,9.731428109991333,10.901531845956539,770.1996687985268,8375.563897491716,7.184542364269632,2.3994070378288304,1.8323776239474718,6.0750443657861455,6.035318911064511,4.2063481438900565,3.5777357214550345,3.8434912695639687,9.152355764061173,60.13186099132863,9.731428109991333,10.901531845956539,770.1996687985268,8375.563897491716,7.184542364269632,2.3994070378288304,1.8323776239474718,0.8200571247223104,Low,0,1,0.6142461592874814,0.772939327609408,0.7719426021836002,-0.7737777547234982,0.8780557775882639,0.6212297472898524,-0.5845649575677309,0.25716645871250754,1.9630548178462348,-1.9300219963520708,-1.9721337198740063,0.646816259628484,-1.9198799308640517,0.9957447940723948,0.49744780298226177,-1.0987972149572356,0.6125530498969481
Emory & Henry College,Yes,765,646,226,30,60,809,32,8578,4408,700,1600,79.0,88,13.9,51,8061,82,5.2515984199035906,5.198509676067816,3.654862342327984,4.908029058750458,3.506266513421495,4.078192796391999,62.22145406772167,10.194537490294326,9.785696442692036,3468.58928429813,53942.39364317825,6.4037473763683845,11.415703917127777,1.829234965815122,5.2515984199035906,5.198509676067816,3.654862342327984,4.908029058750458,3.506266513421495,4.078192796391999,62.22145406772167,10.194537490294326,9.785696442692036,3468.58928429813,53942.39364317825,6.4037473763683845,11.415703917127777,1.829234965815122,0.8444444444444444,Low,0,1,-0.7185180864215104,-0.6281967648893118,-0.7759682850486828,0.3771313679720627,-0.9334705474268055,-1.3380783400810938,-0.3600512832547159,1.0362571162148249,0.5922966635947635,0.3307179114196808,0.5120879513281108,0.008948736859618622,1.9107498885325442,-0.11447812568906604,0.6633375234297659,-1.0987972149572356,0.6125530498969481
Emory University,Yes,8506,4168,1236,76,97,5544,192,17600,6000,600,870,97.0,98,5.0,28,28457,96,6.603801254636225,6.305645043974511,4.2914830158383666,6.86764541431284,3.866420882822822,6.65328961781565,80.42818097925343,9.845917647123215,8.763575693581457,5227.304128672231,71483.10904926102,3.1101215847940664,8.179318836422599,1.8361744017564356,6.603801254636225,6.305645043974511,4.2914830158383666,6.86764541431284,3.866420882822822,6.65328961781565,80.42818097925343,9.845917647123215,8.763575693581457,5227.304128672231,71483.10904926102,3.1101215847940664,8.179318836422599,1.8361744017564356,0.4900070538443452,High,2,1,1.4700500886837398,1.225567818937307,1.0108992440384725,2.072502063570248,1.0012305958192198,-0.34374527271093125,1.5961473672392679,0.4497726389260374,-0.6633368710411951,1.8041881665040136,1.4683762334705521,-2.6817664408162774,0.5357515534995189,2.3370519191975037,-1.747649838556899,1.8150779933081982,0.6125530498969481
Emporia State University,No,1256,1256,853,43,79,3957,588,5401,3144,450,1888,72.0,75,19.3,4,5527,50,5.5497292238073594,5.609924964834682,4.166425845759727,5.621058572488037,3.8137732211565853,8.493262373985386,52.66574626986541,9.213393432273651,10.071412805518127,2882.5675146975664,35531.398971011564,7.971127835179789,2.3994070378288304,1.8260536816225033,5.5497292238073594,5.609924964834682,4.166425845759727,5.621058572488037,3.8137732211565853,8.493262373985386,52.66574626986541,9.213393432273651,10.071412805518127,2882.5675146975664,35531.398971011564,7.971127835179789,2.3994070378288304,1.8260536816225033,1.0,Low,0,0,-0.23598723181688677,0.060668493749134245,0.6598886567434221,0.9940119830251011,0.7184143929109704,0.36673121861894237,-1.3867521718609817,-0.6143252338289236,0.9432875292736318,-0.16025744430696973,-0.4916463924532397,1.2894142956687742,-1.9198799308640517,-1.2383466714156885,1.7214721572963374,-1.0987972149572356,-1.6325116659989423
Erskine College,Yes,659,557,167,47,74,532,35,10485,3840,475,1246,76.0,80,13.5,47,7527,67,5.159798186882931,5.104185411599503,3.5230975613421176,5.805977812818098,3.405630231784097,4.196117709053006,66.86376203920824,9.330500213309353,9.360595562788067,3210.7343245943,42051.00625139571,6.278554485115751,10.918195805799142,1.828704500015683,5.159798186882931,5.104185411599503,3.5230975613421176,5.805977812818098,3.405630231784097,4.196117709053006,66.86376203920824,9.330500213309353,9.360595562788067,3210.7343245943,42051.00625139571,6.278554485115751,10.918195805799142,1.828704500015683,0.8452200303490136,Mid,1,1,-0.8670986568031628,-0.7861313643389346,-1.1458058011988475,1.1539956758627181,-1.474075203867732,-1.2925434929444524,0.13873560101758006,-0.4173160543227945,0.0700776196362595,0.11468424657347391,-0.13620911968157937,-0.09332712383236806,1.6993804724452455,-0.3018784931118882,0.668613286832959,0.3581403891754813,0.6125530498969481
Eureka College,Yes,560,454,113,36,56,484,16,10955,3450,330,670,62.0,87,10.6,31,9552,53,5.058473710879869,4.972498370286135,3.343923809677465,5.262121851799814,3.3816298765634056,3.207626764886808,67.92106831758198,8.557094665623408,8.33931102997269,2140.223695713882,52354.631663757325,5.321775689285814,8.66494745865426,1.83046662710217,5.058473710879869,4.972498370286135,3.343923809677465,5.262121851799814,3.3816298765634056,3.207626764886808,67.92106831758198,8.557094665623408,8.33931102997269,2140.223695713882,52354.631663757325,5.321775689285814,8.66494745865426,1.83046662710217,0.8107142857142857,Mid,1,1,-1.0310944108746025,-1.0066254253291422,-1.6487108626209097,0.683476302864234,-1.6030019048292325,-1.6742336975236374,0.25233653132007816,-1.7184191247645044,-1.1845286574830327,-0.7822010981159766,0.4255260215207906,-0.8749639552550215,0.7420738947418721,0.3206371597400524,0.433895064555637,0.3581403891754813,0.6125530498969481
Evergreen State College,No,1801,1101,438,14,50,3065,363,6297,4600,600,1323,75.0,78,18.1,14,8355,68,5.759788860787952,5.529922256625284,3.9227691155536033,3.5777357214550345,3.7712196212161224,7.677925441537225,55.66963673721895,9.845917647123215,9.46181600511621,3127.017536070735,39361.14463169006,7.640161914235766,5.444039108195632,1.8295044630925956,5.759788860787952,5.529922256625284,3.9227691155536033,3.5777357214550345,3.7712196212161224,7.677925441537225,55.66963673721895,9.845917647123215,9.46181600511621,3127.017536070735,39361.14463169006,7.640161914235766,5.444039108195632,1.8295044630925956,0.6113270405330372,Low,0,0,0.1039986227910783,-0.0732863878198701,-0.024007291919595865,-0.7737777547234982,0.48982214067507607,0.05190170765199078,-1.0640029755325149,0.4497726389260374,0.19442279303039836,0.044545418704219096,-0.2828555413330692,1.0190329338711737,-0.6263490551654358,-0.019271443427096007,-0.922395611942736,-1.0987972149572356,-1.6325116659989423
Fairfield University,Yes,4784,3346,781,30,66,2984,1037,15000,6200,700,1100,86.0,90,15.1,30,11220,94,6.302084821193511,6.182562749031366,4.135614923315258,4.908029058750458,3.766618177863346,9.497404121618628,75.98209833315333,10.194537490294326,9.15165023999676,4109.398290283845,57206.93660181433,6.770871990413645,8.50587730878895,1.8315344571857604,6.302084821193511,6.182562749031366,4.135614923315258,4.908029058750458,3.766618177863346,9.497404121618628,75.98209833315333,10.194537490294326,9.15165023999676,4109.398290283845,57206.93660181433,6.770871990413645,8.50587730878895,1.8315344571857604,0.6994147157190636,Mid,1,1,0.9817158187222749,1.0194813674737364,0.5734085294901458,0.3771313679720627,0.46510380189718914,0.7544647343811183,1.118443663847256,1.0362571162148249,-0.18660316336359328,0.8675946043813189,0.6900649668386472,0.3088698067143141,0.6744919519989533,0.6978749575804567,-0.3231973409569424,0.3581403891754813,0.6125530498969481
Fayetteville State University,No,1455,1064,452,1,16,2632,617,6806,2550,350,766,75.0,75,15.1,10,6972,24,5.636116802521199,5.5090393016053705,3.93484370531029,0.7426885270929179,3.7446892216772807,8.576552014972675,57.252308000128146,8.679599645871866,8.555766928168556,3127.017536070735,35531.398971011564,6.770871990413645,4.421054272265976,1.828087902856575,5.636116802521199,5.5090393016053705,3.93484370531029,0.7426885270929179,3.7446892216772807,8.576552014972675,57.252308000128146,8.679599645871866,8.555766928168556,3127.017536070735,35531.398971011564,6.770871990413645,4.421054272265976,1.828087902856575,0.7312714776632302,Low,0,0,-0.09616715405843977,-0.1082523762109319,0.009883678419619842,-3.226531284931711,0.34730437973858524,0.39889220127172836,-0.8939548716793383,-1.5123285343587667,-0.9186214397878829,0.044545418704219096,-0.4916463924532397,0.3088698067143141,-1.060970526681064,-0.519706926709119,-0.10649827794002265,-1.0987972149572356,-1.6325116659989423
Ferrum College,Yes,1339,1107,336,12,36,1051,82,9400,4200,500,1600,53.0,58,12.5,9,7967,22,5.587429828154977,5.533237854471026,3.818675603625539,3.3372059894156245,3.564589531938825,5.3741984698654015,64.29802871390395,9.442351022087843,9.785696442692036,1567.2469311353118,18191.521233243842,5.958866657838342,4.135322577728063,1.8291455786024775,5.587429828154977,5.533237854471026,3.818675603625539,3.3372059894156245,3.564589531938825,5.3741984698654015,64.29802871390395,9.442351022087843,9.785696442692036,1567.2469311353118,18191.521233243842,5.958866657838342,4.135322577728063,1.8291455786024775,0.8267363704256908,Mid,1,1,-0.17496802616365767,-0.06773481929553485,-0.31617706301307386,-0.9818731086748947,-0.6201670859399885,-0.8376461676233993,-0.13693635764231063,-0.22914901677242944,0.5922966635947635,-1.2622472080135945,-1.436985365837391,-0.3544948895129964,-1.18236541463741,-0.1460564037046884,0.5428819964548772,0.3581403891754813,0.6125530498969481
Flagler College,Yes,1415,714,338,18,52,1345,44,5120,3200,500,2140,52.0,60,18.1,9,3930,69,5.619813979900356,5.261653552816552,3.821052502449932,3.9902206092359616,3.6165880664383767,4.50259850987007,51.65665928582965,9.442351022087843,10.290019554421123,1509.1334387814354,19867.773742812482,7.640161914235766,4.135322577728063,1.8225621104246998,5.619813979900356,5.261653552816552,3.821052502449932,3.9902206092359616,3.6165880664383767,4.50259850987007,51.65665928582965,9.442351022087843,10.290019554421123,1509.1334387814354,19867.773742812482,7.640161914235766,4.135322577728063,1.8225621104246998,0.5045936395759717,Low,0,1,-0.12255360869075672,-0.5224699623722566,-0.3095055810679244,-0.41691464264756517,-0.340837907425156,-1.1742007602630395,-1.4951722413217658,-0.22914901677242944,1.2118369790907868,-1.3109353183553147,-1.3455990913496088,1.0190329338711737,-1.18236541463741,-2.47183189523853,-1.6484275928622691,-1.0987972149572356,0.6125530498969481
Florida Institute of Technology,Yes,1947,1580,523,39,74,1863,233,13900,4140,750,1500,90.0,90,10.6,7,8923,57,5.804496775658683,5.747579690794336,3.990075957827467,5.422106255753956,3.681106878026323,6.958500987828318,73.94795576591089,10.352802615829257,9.675230393594894,4500.210363367248,57206.93660181433,5.321775689285814,3.5140781476818708,1.8299858463410468,5.804496775658683,5.747579690794336,3.990075957827467,5.422106255753956,3.681106878026323,6.958500987828318,73.94795576591089,10.352802615829257,9.675230393594894,4500.210363367248,57206.93660181433,5.321775689285814,3.5140781476818708,1.8299858463410468,0.8115048793014895,Mid,1,1,0.17635930504090022,0.2911547226037361,0.1649096188074582,0.821887512510805,0.005748526463086063,-0.2258927107349647,0.8998877990678651,1.302507133936391,0.4565936404384389,1.1950211720584536,0.6900649668386472,-0.8749639552550215,-1.4463049754933548,0.15078928004716313,0.4392729146294929,0.3581403891754813,0.6125530498969481
Florida International University,No,3306,2079,1071,42,89,10208,9310,6597,2494,800,3028,81.0,96,13.9,20,6722,66,6.101509564761514,5.909341803390122,4.244020429869958,5.572727488079942,3.9523533993182083,13.88063155158667,56.612188460303024,10.50211456361832,10.906288716603703,3646.0827031697963,67728.00439442915,6.4037473763683845,6.734949707633466,1.8277848013571183,6.101509564761514,5.909341803390122,4.244020429869958,5.572727488079942,3.9523533993182083,13.88063155158667,56.612188460303024,10.50211456361832,10.906288716603703,3646.0827031697963,67728.00439442915,6.4037473763683845,6.734949707633466,1.8277848013571183,0.6288566243194192,Low,0,0,0.6570806296328806,0.5620058615227421,0.8776812113192236,0.9521981331052524,1.462848590852821,2.4469789494433734,-0.9627317026850044,1.553695186961413,1.9688984388760413,0.47942381108114585,1.263654675854437,0.008948736859618622,-0.07789765626183243,-0.6267851444277477,-0.8031542280179284,-1.0987972149572356,-1.6325116659989423
Florida Southern College,Yes,1381,1040,374,20,44,1506,970,8025,4865,400,650,65.0,74,17.4,10,6339,68,5.605562942635392,5.4950740431644505,3.8612565175986773,4.170730633321285,3.6395018594351014,9.376604594707366,60.7497382987541,8.96107520321098,8.290621844560157,2351.2286673140156,34308.59715981074,7.4429419900118345,4.421054272265976,1.8272851161424573,5.605562942635392,5.4950740431644505,3.8612565175986773,4.170730633321285,3.6395018594351014,9.376604594707366,60.7497382987541,8.96107520321098,8.290621844560157,2351.2286673140156,34308.59715981074,7.4429419900118345,4.421054272265976,1.8272851161424573,0.7530774800868936,Low,0,1,-0.1456192064096867,-0.13163551638710683,-0.1966609120249091,-0.26074560260699386,-0.21774807352821737,0.707819900240811,-0.5181779149746435,-1.0388011424180428,-1.244341330331405,-0.6054188583331771,-0.558311349746167,0.8579148600429469,-1.060970526681064,-0.8033114971582581,0.04183256314276985,-1.0987972149572356,0.6125530498969481
Florida State University,No,11651,8683,3023,50,90,18906,3242,6680,4060,600,1020,80.0,89,23.1,15,7250,58,6.763427354312221,6.703378211848071,4.564933545839245,5.936705135542433,4.028177515799601,11.670311301905196,56.86797137645798,9.845917647123215,9.025993349833936,3556.7767888093103,55559.757364651494,8.967103676820505,5.67618042622164,1.828405858224246,6.763427354312221,6.703378211848071,4.564933545839245,5.936705135542433,4.028177515799601,11.670311301905196,56.86797137645798,9.845917647123215,9.025993349833936,3556.7767888093103,55559.757364651494,8.967103676820505,5.67618042622164,1.828405858224246,0.7452579177752983,Low,0,0,1.7284082230505715,1.8915240170589713,1.7784204591067003,1.2670949932019226,1.8701656118458452,1.5934986082571703,-0.9352494321026504,0.4497726389260374,-0.34096751345021925,0.4046023533364621,0.6002637149158834,2.1030730059438842,-0.5277223720549751,-0.4073812069575309,-0.01135839923736634,-1.0987972149572356,-1.6325116659989423
Fontbonne College,Yes,291,245,126,16,49,981,337,8390,4100,350,1500,45.0,55,21.5,24,4607,62,4.638916301423868,4.564007595227248,3.394919959024789,3.793745093657405,3.5495506191977935,7.55534413641277,61.728308988378245,8.679599645871866,9.675230393594894,1133.3544180454874,15846.888812540607,8.556680410095018,7.488071014907595,1.8242699113738539,4.638916301423868,4.564007595227248,3.394919959024789,3.793745093657405,3.5495506191977935,7.55534413641277,61.728308988378245,8.679599645871866,9.675230393594894,1133.3544180454874,15846.888812540607,8.556680410095018,7.488071014907595,1.8242699113738539,0.8419243986254296,Low,0,1,-1.710156730801305,-1.6905939386427447,-1.5055748207535435,-0.5868962977653778,-0.700954115461847,0.0045688679262784184,-0.4130366300112682,-1.5123285343587667,0.4565936404384389,-1.6257670327235363,-1.5648105119584117,1.7677792649625408,0.24207061628816592,-1.868508314915335,0.646195430686714,-1.0987972149572356,0.6125530498969481
Fordham University,Yes,4200,2874,942,30,55,4740,1646,14235,6965,600,1735,86.0,97,14.4,14,10864,80,6.232040000518977,6.096245958498484,4.200600631992227,4.908029058750458,3.842444609473225,10.352436161502267,74.57831016954408,9.845917647123215,9.925091860684125,4109.398290283845,69589.80855298844,6.558213800428661,5.444039108195632,1.831327934540981,6.232040000518977,6.096245958498484,4.200600631992227,4.908029058750458,3.842444609473225,10.352436161502267,74.57831016954408,9.845917647123215,9.925091860684125,4109.398290283845,69589.80855298844,6.558213800428661,5.444039108195632,1.831327934540981,0.6842857142857143,Mid,1,1,0.8683468318945331,0.8749543169270843,0.7558104801671356,0.3771313679720627,0.8724332594510621,1.084621885694457,0.9676154274170975,0.4497726389260374,0.7635382332016517,0.8675946043813189,1.3651568927969056,0.13513949985508442,-0.6263490551654358,0.6249156460589147,-0.4261092577655102,0.3581403891754813,0.6125530498969481
Fort Lewis College,No,3440,2823,1123,16,35,3793,486,6198,3320,500,2500,89.0,97,19.1,6,4362,46,6.12333727757346,6.086021828937722,4.259842116347388,3.793745093657405,3.8068854436862054,8.167070862008583,55.35213272242825,9.442351022087843,10.56413657721219,4400.82631344925,69589.80855298844,7.916566217876475,3.1721327255834275,1.8236992552482956,6.12333727757346,6.086021828937722,4.259842116347388,3.793745093657405,3.8068854436862054,8.167070862008583,55.35213272242825,9.442351022087843,10.56413657721219,4400.82631344925,69589.80855298844,7.916566217876475,3.1721327255834275,1.8236992552482956,0.8206395348837209,Low,0,0,0.6924092329818056,0.8578352456467303,0.9220895363992524,-0.5868962977653778,0.6814141727872515,0.2407775053621755,-1.0981167911720846,-0.22914901677242944,1.5485785299599362,1.1117561437041261,1.3651568927969056,1.2448403880402457,-1.5915826153084158,-2.0701069245049,0.5014095281723605,-1.0987972149572356,-1.6325116659989423
Francis Marion University,No,1801,1655,819,13,38,3224,436,5840,3138,400,2430,76.0,76,19.1,8,5039,43,5.759788860787952,5.775130787128329,4.152266554493002,3.4609232634102094,3.7798353494343715,7.98361496338935,54.17536194774565,8.96107520321098,10.513834254255057,3210.7343245943,36780.940288277394,7.916566217876475,3.8339176338051995,1.8251700549561158,5.759788860787952,5.775130787128329,4.152266554493002,3.4609232634102094,3.7798353494343715,7.98361496338935,54.17536194774565,8.96107520321098,10.513834254255057,3210.7343245943,36780.940288277394,7.916566217876475,3.8339176338051995,1.8251700549561158,0.9189339255968906,Low,0,0,0.1039986227910783,0.3372857090305507,0.6201463441667842,-0.8748385657786061,0.5361046813018957,0.1699389004275611,-1.224553432560759,-1.0388011424180428,1.4867841836167806,0.11468424657347391,-0.42352364534226566,1.2448403880402457,-1.310419180097965,-1.5505099854705209,1.1700368797121874,-1.0987972149572356,-1.6325116659989423
Franciscan University of Steubenville,Yes,553,452,228,22,49,1301,242,9650,4400,600,1000,57.0,69,14.9,8,6336,83,5.050594758659935,4.969634591349646,3.6586101330070067,4.337922600177787,3.6097386695616698,7.018891897579407,64.90579960818485,9.845917647123215,8.993154813797165,1810.795332056283,28587.693255152724,6.710527469549969,3.8339176338051995,1.8272810191190179,5.050594758659935,4.969634591349646,3.6586101330070067,4.337922600177787,3.6097386695616698,7.018891897579407,64.90579960818485,9.845917647123215,8.993154813797165,1810.795332056283,28587.693255152724,6.710527469549969,3.8339176338051995,1.8272810191190179,0.8173598553345389,Mid,1,1,-1.0438466575337597,-1.0114204776075368,-0.7654489825050901,-0.1160987382636973,-0.3776319521286488,-0.2025737123833309,-0.07163518577441223,0.4497726389260374,-0.3813083118461038,-1.0581997323364798,-0.870204749794732,0.25957157781628776,-1.310419180097965,-0.8047588735936383,0.4791001834075319,0.3581403891754813,0.6125530498969481
Franklin College,Yes,804,632,281,29,72,840,68,10390,4040,525,1345,54.0,78,12.5,37,11751,60,5.2819829884684335,5.18462823099279,3.746061596541333,4.843751032487945,3.5148532680858997,5.106335916009515,66.6462867664606,9.549427133265993,9.48973409770206,1626.4694472851354,39361.14463169006,5.958866657838342,9.56813346581784,1.8318243997637644,5.2819829884684335,5.18462823099279,3.746061596541333,4.843751032487945,3.5148532680858997,5.106335916009515,66.6462867664606,9.549427133265993,9.48973409770206,1626.4694472851354,39361.14463169006,5.958866657838342,9.56813346581784,1.8318243997637644,0.7860696517412935,Mid,1,1,-0.6693400355646157,-0.6514395696974287,-0.5199901291207311,0.32152095127645364,-0.8873436488593621,-0.941077072664818,0.1153692465304768,-0.04901447100702777,0.22871902789733387,-1.2126299455806546,-0.2828555413330692,-0.3544948895129964,1.1257980885897985,0.8003044557817608,0.2662550169041441,0.3581403891754813,0.6125530498969481
Franklin Pierce College,Yes,5187,4471,446,3,14,1818,1197,13320,4630,500,800,50.0,56,17.6,16,6418,51,6.345262044067587,6.344566897437887,3.929722477087508,1.594012467366829,3.676422843239128,9.759294849572251,72.83256797781567,9.442351022087843,8.626435575433408,1396.2317942061482,16606.132242389616,7.499616508461935,5.900711370401069,1.8273919394105318,6.345262044067587,6.344566897437887,3.929722477087508,1.594012467366829,3.676422843239128,9.759294849572251,72.83256797781567,9.442351022087843,8.626435575433408,1396.2317942061482,16606.132242389616,7.499616508461935,5.900711370401069,1.8273919394105318,0.861962598804704,Mid,1,1,1.0515990444073569,1.290737766153171,-0.004490589965154061,-2.490004639445861,-0.01941348246340344,0.8555897129355032,0.7800463747167723,-0.22914901677242944,-0.8318078970334455,-1.4055255332295136,-1.5234179245724684,0.9042148943004111,-0.4323290036172367,-0.7655734946185112,0.782501161036982,0.3581403891754813,0.6125530498969481
Freed-Hardeman University,Yes,895,548,314,20,54,1174,50,5500,3340,600,1600,68.0,76,16.1,13,6078,62,5.347133762787725,5.093761229297804,3.791400555689951,4.170730633321285,3.588268900542245,4.677094748887274,53.013030823942614,9.845917647123215,9.785696442692036,2572.256540860469,36780.940288277394,7.067858726213781,5.2034945525684675,1.8269170824179637,5.347133762787725,5.093761229297804,3.791400555689951,4.170730633321285,3.588268900542245,4.677094748887274,53.013030823942614,9.845917647123215,9.785696442692036,2572.256540860469,36780.940288277394,7.067858726213781,5.2034945525684675,1.8269170824179637,0.6122905027932961,Low,0,1,-0.5638921636949648,-0.8035853997951222,-0.3927326942363875,-0.26074560260699386,-0.492964682191471,-1.1068217867258,-1.3494386239990128,0.4497726389260374,0.5922966635947635,-0.4202393232555936,-0.42352364534226566,0.5514920012666231,-0.7285459060471434,-0.9333286542813591,-0.915841858318429,-1.0987972149572356,0.6125530498969481
Fresno Pacific College,Yes,346,274,146,51,87,704,63,9900,3670,630,1818,59.0,59,10.5,14,8095,54,4.751770245918616,4.6393491267783435,3.4626216004176213,5.978908263498306,3.473902019052004,4.998474400847244,65.50331261305479,9.955518251301774,10.00588627176054,1939.231936198742,19018.1657525989,5.287039952492017,5.444039108195632,1.8292669025087753,4.751770245918616,4.6393491267783435,3.4626216004176213,5.978908263498306,3.473902019052004,4.998474400847244,65.50331261305479,9.955518251301774,10.00588627176054,1939.231936198742,19018.1657525989,5.287039952492017,5.444039108195632,1.8292669025087753,0.791907514450867,Mid,1,1,-1.5275002941986298,-1.5644436349587898,-1.3155497874732165,1.3036072146864357,-1.107328286155114,-0.9827260974044782,-0.007436159806771041,0.6341541487893395,0.8627908626458604,-0.9505941608742655,-1.391918192175684,-0.9033411845194759,-0.6263490551654358,-0.10319568649835544,0.3059658758233021,0.3581403891754813,0.6125530498969481
Furman University,Yes,2161,1951,685,56,82,2371,175,13440,4048,600,1250,92.0,95,13.5,28,12940,82,5.863911466018187,5.872165043700521,4.089003231417057,6.180642261153285,3.7259788777464236,6.5089720094280725,73.06591799299694,9.845917647123215,9.365994585919545,4702.342075565505,65897.48921732574,6.278554485115751,8.179318836422599,1.8324058853518916,5.863911466018187,5.872165043700521,4.089003231417057,6.180642261153285,3.7259788777464236,6.5089720094280725,73.06591799299694,9.845917647123215,9.365994585919545,4702.342075565505,65897.48921732574,6.278554485115751,8.179318836422599,1.8324058853518916,0.9028227672373901,Mid,1,1,0.2725232067237808,0.49975786326366844,0.4425787870794126,1.4781382686650963,0.24679491249616933,-0.39947124348985197,0.805118370743759,0.4497726389260374,0.07671009872843897,1.3643692994630383,1.1638582779526243,-0.09332712383236806,0.5357515534995189,1.0057288450286639,1.060444042664282,0.3581403891754813,0.6125530498969481
Gannon University,Yes,2464,1908,678,24,57,2693,691,10970,4280,500,1380,47.0,51,13.3,18,7711,65,5.938030148828339,5.859087272548409,4.08531265092642,4.493818501377219,3.7487371672385374,8.773906220303415,67.9543169787261,9.442351022087843,9.533289468567643,1235.1859679309478,13027.027457305247,6.215398629296292,6.329553707860191,1.8288936703992347,5.938030148828339,5.859087272548409,4.08531265092642,4.493818501377219,3.7487371672385374,8.773906220303415,67.9543169787261,9.442351022087843,9.533289468567643,1235.1859679309478,13027.027457305247,6.215398629296292,6.329553707860191,1.8288936703992347,0.7743506493506493,Mid,1,1,0.3924858234351226,0.47786071346615816,0.43222006214853964,0.018775285270126344,0.3690494023470275,0.4750974183774781,0.2559088914909583,-0.22914901677242944,0.2822250195523527,-1.5404514625130847,-1.7185442855730702,-0.1449220622273889,-0.2501326687269887,-0.23504930370778102,0.18653891637903583,0.3581403891754813,0.6125530498969481
Gardner Webb University,Yes,1110,930,332,18,36,1603,374,8180,4270,500,500,65.0,58,15.2,12,5664,29,5.476427051051118,5.426324370230827,3.813872478568028,3.9902206092359616,3.65191120359596,7.727391371236656,61.16879498918182,9.442351022087843,7.873683591318896,2351.2286673140156,18191.521233243842,6.800922726023767,4.953607358725779,1.8262804144957219,5.476427051051118,5.426324370230827,3.813872478568028,3.9902206092359616,3.65191120359596,7.727391371236656,61.16879498918182,9.442351022087843,7.873683591318896,2351.2286673140156,18191.521233243842,6.800922726023767,4.953607358725779,1.8262804144957219,0.8378378378378378,Low,0,1,-0.35462831016671686,-0.24674854820631617,-0.3296584791224298,-0.41691464264756517,-0.15108673501702483,0.07100219707792249,-0.4731529010729984,-0.22914901677242944,-1.756532921293452,-0.6054188583331771,-1.436985365837391,0.3334196419182193,-0.8347120348951067,-1.1582475890753356,0.6183974424547377,-1.0987972149572356,0.6125530498969481
Geneva College,Yes,668,534,237,19,39,1306,258,9476,4820,500,1100,67.0,67,20.1,26,6786,74,5.168187848178469,5.077176672274237,3.6750189760031557,4.08228841706668,3.6105311272287923,7.12137506625326,64.48390292373456,9.442351022087843,9.15165023999676,2497.466346891243,26478.47386189595,8.187087962237431,7.840523349237043,1.8278640332330502,5.168187848178469,5.077176672274237,3.6750189760031557,4.08228841706668,3.6105311272287923,7.12137506625326,64.48390292373456,9.442351022087843,9.15165023999676,2497.466346891243,26478.47386189595,8.187087962237431,7.840523349237043,1.8278640332330502,0.7994011976047904,Mid,1,1,-0.8535198169725553,-0.831354239396796,-0.7193926259340215,-0.337261774390416,-0.37337497544083403,-0.1630014514052179,-0.11696533922702457,-0.22914901677242944,-0.18660316336359328,-0.48289935398096173,-0.9851956007117693,1.4658421075754382,0.3918121831278882,-0.5987944941785676,0.35694011234008743,0.3581403891754813,0.6125530498969481
George Fox College,Yes,809,726,294,27,52,1271,43,12500,4130,400,1050,53.0,53,13.5,22,7136,52,5.285763758209736,5.272126800142944,3.764620683605919,4.709852044651068,3.6049046591180502,4.471466100405743,71.19981316052976,8.96107520321098,9.07415018729466,1567.2469311353118,14394.04498133871,6.278554485115751,7.12024725786717,1.8282777857371384,5.285763758209736,5.272126800142944,3.764620683605919,4.709852044651068,3.6049046591180502,4.471466100405743,71.19981316052976,8.96107520321098,9.07415018729466,1567.2469311353118,14394.04498133871,6.278554485115751,7.12024725786717,1.8282777857371384,0.8974042027194067,Mid,1,1,-0.6632207817657936,-0.5049337734525298,-0.46789846539522173,0.20567765393688317,-0.40359961023947516,-1.1862220496917506,0.6046171069696272,-1.0388011424180428,-0.2818088082871408,-1.2622472080135945,-1.644016946781447,-0.09332712383236806,0.08579840488433134,-0.4526260298397896,1.0235853733493756,0.3581403891754813,0.6125530498969481
George Mason University,No,5653,4326,1727,17,29,9528,3822,10800,4840,580,1050,93.0,96,19.3,7,6751,46,6.390909082341396,6.326305169791322,4.398247580715081,3.894175451333956,3.9432161707425273,12.002087505031854,67.57573425547379,9.770163430874696,9.07415018729466,4805.090244554321,67728.00439442915,7.971127835179789,3.5140781476818708,1.8278208468256631,6.390909082341396,6.326305169791322,4.398247580715081,3.894175451333956,3.9432161707425273,12.002087505031854,67.57573425547379,9.770163430874696,9.07415018729466,4805.090244554321,67728.00439442915,7.971127835179789,3.5140781476818708,1.8278208468256631,0.7652573854590483,Mid,1,0,1.1254797172530269,1.2601607067149045,1.310566129160777,-0.5000085327852752,1.413764619996503,1.7216087620155722,0.21523255159059804,0.32233103515844,-0.2818088082871408,1.4504528230391855,1.263654675854437,1.2894142956687742,-1.4463049754933548,-0.6140511773060634,0.12468386128809128,0.3581403891754813,-1.6325116659989423
George Washington University,Yes,7875,5062,1492,38,71,5471,1470,17450,6328,700,950,92.0,93,7.6,15,14745,72,6.564127754295662,6.412956787302515,4.352246895151903,5.369882157677974,3.8644242968847493,10.139982740076121,80.18388346574356,10.194537490294326,8.90831952942552,4702.342075565505,62329.492559452454,4.214968138258781,5.67618042622164,1.8331467140602937,6.564127754295662,6.412956787302515,4.352246895151903,5.369882157677974,3.8644242968847493,10.139982740076121,80.18388346574356,10.194537490294326,8.90831952942552,4702.342075565505,62329.492559452454,4.214968138258781,5.67618042622164,1.8331467140602937,0.6427936507936508,High,2,1,1.405837710178003,1.4052483846356751,1.1814513599288121,0.7767056047201572,0.9905052029733703,1.0025863441791072,1.569899131157672,1.0362571162148249,-0.48552498885819567,1.3643692994630383,0.9693375120855497,-1.7791662128196926,-0.5277223720549751,1.2674451937523035,-0.7083504754111445,1.8150779933081982,0.6125530498969481
Georgetown College,Yes,727,693,286,30,55,1063,48,8100,3950,550,550,73.0,76,13.3,28,7508,55,5.220351221525442,5.242864454357053,3.753314615478136,4.908029058750458,3.56704501776051,4.621117227322525,60.953165395593885,9.65214536925229,8.024199890786795,2962.9344405957,36780.940288277394,6.215398629296292,8.179318836422599,1.8286845597339987,5.220351221525442,5.242864454357053,3.753314615478136,4.908029058750458,3.56704501776051,4.621117227322525,60.953165395593885,9.65214536925229,8.024199890786795,2962.9344405957,36780.940288277394,6.215398629296292,8.179318836422599,1.8286845597339987,0.953232462173315,Low,0,1,-0.7690923214216443,-0.5539300406028932,-0.49963234847473936,0.3771313679720627,-0.6069765442443952,-1.1284366247614759,-0.4963209489067974,0.12378880488361321,-1.5716298036474603,-0.09292516745590934,-0.42352364534226566,-0.1449220622273889,0.5357515534995189,-0.30892289845922927,1.4033456118422496,-1.0987972149572356,0.6125530498969481
Georgetown University,Yes,11115,2881,1390,71,93,5881,406,18300,7131,670,1700,91.0,92,7.2,27,19635,95,6.73976701685237,6.097634102345595,4.32959668639184,6.710733946385493,3.875239515295534,7.864099602596651,81.55050311252798,10.094777228773262,9.889943873748738,4600.715532505121,60591.59251052614,4.0555152379089465,8.01153343199436,1.8345990150109375,6.73976701685237,6.097634102345595,4.32959668639184,6.710733946385493,3.875239515295534,7.864099602596651,81.55050311252798,10.094777228773262,9.889943873748738,4600.715532505121,60591.59251052614,4.0555152379089465,8.01153343199436,1.8345990150109375,0.25919928025191186,High,2,1,1.6901134789139638,0.8772785963021507,1.1178767318269145,1.9367494180219447,1.0486031109859317,0.12378992680211287,1.7167338435015462,0.86843005192561,0.7203603688354095,1.279225486180553,0.8745903245365926,-1.9094306588272838,0.464466880638092,1.7805069821786468,-3.3176721892955356,1.8150779933081982,0.6125530498969481
Georgia Institute of Technology,No,7837,4527,2276,89,99,8528,654,6489,4438,795,1164,92.0,92,19.3,33,11271,70,6.561630529914473,6.35145064364728,4.482250845007564,7.2403557702711865,3.928226329764628,8.677778245536022,56.2761774610599,10.487555725396442,9.246223797687936,4702.342075565505,60591.59251052614,7.971127835179789,8.975326246182142,1.8315632167866145,6.561630529914473,6.35145064364728,4.482250845007564,7.2403557702711865,3.928226329764628,8.677778245536022,56.2761774610599,10.487555725396442,9.246223797687936,4702.342075565505,60591.59251052614,7.971127835179789,8.975326246182142,1.8315632167866145,0.5776445068265919,Low,0,0,1.4017959010156609,1.3022637685706993,1.5463465735404496,2.3949540647714773,1.3332411974284943,0.43797911540132045,-0.9988339777652226,1.5292027984994643,-0.0704234158824849,1.3643692994630383,0.8745903245365926,1.2894142956687742,0.8739402534841448,0.70803500894041,-1.1515141114002445,-1.0987972149572356,-1.6325116659989423
Georgia State University,No,3793,2341,1238,9,24,7732,9054,6744,2655,720,3450,87.0,89,19.0,10,7762,34,6.176732798492388,5.978341041799806,4.292012553296673,2.91344153033716,3.914672229109712,13.819592114432416,57.06377951952697,10.258991557025972,11.142041766366793,4205.420538622495,55559.757364651494,7.889197441801203,4.421054272265976,1.8289448758347817,6.176732798492388,5.978341041799806,4.292012553296673,2.91344153033716,3.914672229109712,13.819592114432416,57.06377951952697,10.258991557025972,11.142041766366793,4205.420538622495,55559.757364651494,7.889197441801203,4.421054272265976,1.8289448758347817,0.617189559715265,Low,0,0,0.7788309847890629,0.6775367606184168,1.0123855502943875,-1.348494791392716,1.2604303800105976,2.4234095324524483,-0.9142110748466477,1.1446884358218732,2.2585114180008894,0.9480430791331619,0.6002637149158834,1.2224815695707842,-1.060970526681064,-0.21695969746792432,-0.8825170324457351,-1.0987972149572356,-1.6325116659989423
Georgian Court College,Yes,348,281,127,12,52,1095,785,9150,3950,500,800,56.0,59,12.2,27,7348,76,4.75550398830147,4.65626140376531,3.398590301311324,3.3372059894156245,3.573431193119181,8.998474342088153,63.679543837964125,9.442351022087843,8.626435575433408,1748.2432357532678,19018.1657525989,5.860981033586721,8.01153343199436,1.8285134981204187,4.75550398830147,4.65626140376531,3.398590301311324,3.3372059894156245,3.573431193119181,8.998474342088153,63.679543837964125,9.442351022087843,8.626435575433408,1748.2432357532678,19018.1657525989,5.860981033586721,8.01153343199436,1.8285134981204187,0.8074712643678161,Mid,1,1,-1.5214571551493228,-1.536126067821917,-1.4952729004337388,-0.9818731086748947,-0.5726708636332515,0.5618108605712071,-0.2033886796628109,-0.22914901677242944,-0.8318078970334455,-1.1106065529137321,-1.391918192175684,-0.43446218134192693,0.464466880638092,-0.3693547100307329,0.41183507966591365,0.3581403891754813,0.6125530498969481
Gettysburg College,Yes,3596,2466,575,42,78,1944,46,19964,4328,500,500,94.0,95,12.1,32,14720,83,6.1476270092547365,6.008401569636715,4.025298571503179,5.572727488079942,3.6892003092820986,4.5630107904642045,84.10965610757037,9.442351022087843,7.873683591318896,4908.960288837765,65897.48921732574,5.828139320813687,8.821390068071972,1.8331374194513084,6.1476270092547365,6.008401569636715,4.025298571503179,5.572727488079942,3.6892003092820986,4.5630107904642045,84.10965610757037,9.442351022087843,7.873683591318896,4908.960288837765,65897.48921732574,5.828139320813687,8.821390068071972,1.8331374194513084,0.685761957730812,High,2,1,0.7317226646460717,0.7278694873025602,0.2637724853236595,0.9521981331052524,0.049225357604578794,-1.1508735098970577,1.9916987869334568,-0.22914901677242944,-1.756532921293452,1.5374762658306833,1.1638582779526243,-0.4612920948206636,0.808539510579746,1.2641616396744546,-0.41606741572587574,1.8150779933081982,0.6125530498969481
Goldey Beacom College,Yes,633,468,284,10,27,823,963,6120,2985,531,1830,75.0,25,27.6,4,6081,36,5.134853511310689,4.992175124275766,3.7504310780047967,3.0648578681207974,3.510193174196197,9.363547442874644,55.09962358029397,9.574462433771915,10.017283547908875,3127.017536070735,2083.7928331108246,10.062346038333203,2.3994070378288304,1.8269214506598574,5.134853511310689,4.992175124275766,3.7504310780047967,3.0648578681207974,3.510193174196197,9.363547442874644,55.09962358029397,9.574462433771915,10.017283547908875,3127.017536070735,2083.7928331108246,10.062346038333203,2.3994070378288304,1.8269214506598574,0.7393364928909952,Low,0,1,-0.9074721286621603,-0.9736790750200429,-0.5077258642752942,-1.2174962818199055,-0.9123770504838605,0.702778086773863,-1.125247315262475,-0.006897490523572179,0.8767919502353735,0.044545418704219096,-2.315149771585548,2.9978271255207716,-1.9198799308640517,-0.9317854631147502,-0.05163767264256884,-1.0987972149572356,0.6125530498969481
Gonzaga University,Yes,1886,1524,526,31,67,2523,296,13000,4450,600,2400,78.0,90,14.7,32,9553,69,5.7862701512901245,5.726079820724435,3.9922160217531295,4.970662962552278,3.73716305634779,7.343306904957955,72.20347194703729,9.845917647123215,10.4918640185218,3381.5199008967597,57206.93660181433,6.649854000037834,8.821390068071972,1.8304673523835426,5.7862701512901245,5.726079820724435,3.9922160217531295,4.970662962552278,3.73716305634779,7.343306904957955,72.20347194703729,9.845917647123215,10.4918640185218,3381.5199008967597,57206.93660181433,6.649854000037834,8.821390068071972,1.8304673523835426,0.8080593849416755,Mid,1,1,0.14685913760447178,0.25515578439998865,0.1709163523272022,0.4313193649006998,0.3068748253465929,-0.07730596838864585,0.7124539506407931,0.4497726389260374,1.4597946476206283,0.2577702434217395,0.6900649668386472,0.21000461555961872,0.808539510579746,0.32089338360194836,0.4158356487607785,0.3581403891754813,0.6125530498969481
Gordon College,Yes,674,565,282,25,54,1151,39,12200,4070,400,1200,73.0,82,14.2,32,9226,66,5.173713906700336,5.11330137148541,3.7475240401700054,4.568038251472815,3.584077630816303,4.340095410558931,70.58490085333895,8.96107520321098,9.297325805521908,2962.9344405957,44852.305090025206,6.496691212510575,8.821390068071972,1.8302237571186446,5.173713906700336,5.11330137148541,3.7475240401700054,4.568038251472815,3.584077630816303,4.340095410558931,70.58490085333895,8.96107520321098,9.297325805521908,2962.9344405957,44852.305090025206,6.496691212510575,8.821390068071972,1.8302237571186446,0.8382789317507419,Mid,1,1,-0.8445757772885099,-0.77086778946459,-0.5158853409133579,0.08298682799864276,-0.5154796230594985,-1.2369487718527052,0.538548635061208,-1.0388011424180428,-0.007646689375954711,-0.09292516745590934,0.01651265888576715,0.0848788535167615,0.808539510579746,0.23483723786619343,0.6213978929649402,0.3581403891754813,0.6125530498969481
Goshen College,Yes,440,396,221,26,51,910,166,9420,3730,600,1230,51.0,56,9.9,46,10270,72,4.906174114452205,4.883440166873126,3.6453232934594375,4.639999884647015,3.532898239692979,6.427325383330498,64.34703841374741,9.845917647123215,9.338837729249391,1452.1285394184367,16606.132242389616,5.075820123969052,10.790398173053111,1.830959035089986,4.906174114452205,4.883440166873126,3.6453232934594375,4.639999884647015,3.532898239692979,6.427325383330498,64.34703841374741,9.845917647123215,9.338837729249391,1452.1285394184367,16606.132242389616,5.075820123969052,10.790398173053111,1.830959035089986,0.9,Mid,1,1,-1.2775944486362185,-1.155742640957806,-0.8027424967430552,0.14524475095617614,-0.7904084728233444,-0.43099780182840153,-0.13167057268487378,0.4497726389260374,0.04334901104871166,-1.3586946375389468,-1.5234179245724684,-1.0758964274030898,1.6450848531462385,0.49459264930464975,1.0412427498106844,0.3581403891754813,0.6125530498969481
Goucher College,Yes,1151,813,248,40,64,850,80,15588,6174,500,1200,78.0,90,9.2,34,16623,77,5.498011246465429,5.3429300122758745,3.6941258026416595,5.473292195405891,3.517541154995303,5.33858713922954,77.02943044143993,9.442351022087843,9.297325805521908,3381.5199008967597,57206.93660181433,4.822936683771344,9.126868146634914,1.833782165002813,5.498011246465429,5.3429300122758745,3.6941258026416595,5.473292195405891,3.517541154995303,5.33858713922954,77.02943044143993,9.442351022087843,9.297325805521908,3381.5199008967597,57206.93660181433,4.822936683771344,9.126868146634914,1.833782165002813,0.7063423110338836,High,2,1,-0.3196938447480324,-0.386382338029277,-0.6657635662366962,0.8661712529818544,-0.8729046795774331,-0.8513969218978396,1.2309729321119214,-0.22914901677242944,-0.007646689375954711,0.2577702434217395,0.6900649668386472,-1.2824886008259322,0.9383237726310382,1.491934199892268,-0.27607380039393836,1.8150779933081982,0.6125530498969481
Grace College and Seminary,Yes,548,428,167,18,46,618,113,8958,3670,300,1000,53.0,59,15.3,26,9798,64,5.044901209486266,4.9341741459287585,3.5230975613421176,3.9902206092359616,3.442666613454021,5.844402200559573,63.196968275915815,8.360621760581918,8.993154813797165,1567.2469311353118,19018.1657525989,6.830893399583299,7.840523349237043,1.830641592505181,5.044901209486266,4.9341741459287585,3.5230975613421176,3.9902206092359616,3.442666613454021,5.844402200559573,63.196968275915815,8.360621760581918,8.993154813797165,1567.2469311353118,19018.1657525989,6.830893399583299,7.840523349237043,1.830641592505181,0.781021897810219,Mid,1,1,-1.0530617842919823,-1.0707947147184387,-1.1458058011988475,-0.41691464264756517,-1.2751207108884957,-0.6560844049974996,-0.25523839805686027,-2.0489462340837274,-0.3813083118461038,-1.2622472080135945,-1.391918192175684,0.3579040707316264,0.3918121831278882,0.38244808298008415,0.23191871024746238,0.3581403891754813,0.6125530498969481
Graceland College,Yes,555,414,242,14,41,996,2281,9100,3100,550,880,51.0,61,23.6,24,5609,47,5.05285674684043,4.912494170924005,3.6838278504413937,3.5777357214550345,3.5528811214821,10.977152470552346,63.55451873386457,9.65214536925229,8.782327060363757,1452.1285394184367,20740.590958343037,9.09292686357463,7.488071014907595,1.826190416887765,5.05285674684043,4.912494170924005,3.6838278504413937,3.5777357214550345,3.5528811214821,10.977152470552346,63.55451873386457,9.65214536925229,8.782327060363757,1452.1285394184367,20740.590958343037,9.09292686357463,7.488071014907595,1.826190416887765,0.745945945945946,Mid,1,1,-1.0401855830136242,-1.1070952169036825,-0.6946678685448215,-0.7737777547234982,-0.6830631022617506,1.3258462461324898,-0.2168218431910953,0.12378880488361321,-0.6403015838966934,-1.3586946375389468,-1.2980146652677276,2.205863784170408,0.24207061628816592,-1.1900415045664745,-0.00667822928883494,0.3581403891754813,0.6125530498969481
Grand Valley State University,No,5165,3887,1561,20,60,8234,2619,6108,3800,500,1000,64.0,66,20.6,9,5063,57,6.342999341803966,6.266741874755155,4.366577122237539,4.170730633321285,3.9234069596380996,11.247078330196551,55.06058870688506,9.442351022087843,8.993154813797165,2279.780490462643,25461.318422189914,8.320268241661891,4.135322577728063,1.8252165636648408,6.342999341803966,6.266741874755155,4.366577122237539,4.170730633321285,3.9234069596380996,11.247078330196551,55.06058870688506,9.442351022087843,8.993154813797165,2279.780490462643,25461.318422189914,8.320268241661891,4.135322577728063,1.8252165636648408,0.7525653436592449,Low,0,0,1.0479368141289551,1.160429156233566,1.2216734553291593,-0.26074560260699386,1.3073521851446246,1.430073864197028,-1.1294413676616653,-0.22914901677242944,-0.3813083118461038,-0.6652789110911722,-1.0406490873905974,1.5746432349321753,-1.18236541463741,-1.5340796159488135,0.03834886055545697,-1.0987972149572356,-1.6325116659989423
Green Mountain College,Yes,780,628,198,7,20,545,42,11750,2700,400,850,77.0,83,14.0,24,6475,76,5.263477262672937,5.1806016853688375,3.5979946121568647,2.569862268252232,3.411679252853344,4.439680050749519,69.64362195449068,8.96107520321098,8.725466682985342,3295.568346309384,46295.29542396985,6.434817764376509,7.488071014907595,1.8274677631880714,5.263477262672937,5.1806016853688375,3.5979946121568647,2.569862268252232,3.411679252853344,4.439680050749519,69.64362195449068,8.96107520321098,8.725466682985342,3295.568346309384,46295.29542396985,6.434817764376509,7.488071014907595,1.8274677631880714,0.8051282051282052,Mid,1,1,-0.699291934416578,-0.6581815344916332,-0.935584685715265,-1.6457438988012263,-1.4415806710438082,-1.1984957319825702,0.4374141191972288,-1.0388011424180428,-0.7101522318661437,0.18575910445405372,0.09518189874570733,0.03433157324728856,0.24207061628816592,-0.7387868407280448,0.3958969016832701,0.3581403891754813,0.6125530498969481
Greensboro College,Yes,608,494,176,10,31,649,314,8330,3770,550,1300,64.0,80,13.0,31,7949,39,5.109810025085745,5.027103471206351,3.546390703645799,3.0648578681207974,3.4545044981992703,7.4394964331601745,61.56939571636017,9.65214536925229,9.432165418805424,2279.780490462643,42051.00625139571,6.119944455137463,8.66494745865426,1.8291282761499985,5.109810025085745,5.027103471206351,3.546390703645799,3.0648578681207974,3.4545044981992703,7.4394964331601745,61.56939571636017,9.65214536925229,9.432165418805424,2279.780490462643,42051.00625139571,6.119944455137463,8.66494745865426,1.8291282761499985,0.8125,Low,0,1,-0.948005527600371,-0.9151957726268133,-1.0804265865978688,-1.2174962818199055,-1.2115291759910594,-0.0401638975233941,-0.4301108647036361,0.12378880488361321,0.1579982604829097,-0.6652789110911722,-0.13620911968157937,-0.2229029900664657,0.7420738947418721,-0.1521689296305995,0.4460420182607379,-1.0987972149572356,0.6125530498969481
Greenville College,Yes,510,387,194,20,46,771,53,10310,4530,400,800,57.0,61,14.3,16,8222,60,4.999721548710944,4.868379700625861,3.5891183490041336,4.170730633321285,3.495177077940273,4.757408158094371,66.46213422080483,8.96107520321098,8.626435575433408,1810.795332056283,20740.590958343037,6.52749595239785,5.900711370401069,1.8293843892024766,4.999721548710944,4.868379700625861,3.5891183490041336,4.170730633321285,3.495177077940273,4.757408158094371,66.46213422080483,8.96107520321098,8.626435575433408,1810.795332056283,20740.590958343037,6.52749595239785,5.900711370401069,1.8293843892024766,0.7588235294117647,Mid,1,1,-1.1261859970174133,-1.1809595744551817,-0.960498589814217,-0.26074560260699386,-0.9930415128967993,-1.0758100290848978,0.09558321013594527,-1.0388011424180428,-0.8318078970334455,-1.0581997323364798,-1.2980146652677276,0.11004466967325688,-0.4323290036172367,-0.06169056102147049,0.08091888041917393,0.3581403891754813,0.6125530498969481
Grinnell College,Yes,2039,1389,432,56,91,1333,30,15688,4618,400,400,88.0,92,9.5,54,18979,83,5.830858108281412,5.670569095938579,3.9174572070558695,6.180642261153285,3.614747431670669,3.9940025054132655,77.2049527483036,8.96107520321098,7.525479560116736,4302.5631252927,60591.59251052614,4.932205439356674,11.775581759874868,1.8344382705305764,5.830858108281412,5.670569095938579,3.9174572070558695,6.180642261153285,3.614747431670669,3.9940025054132655,77.2049527483036,8.96107520321098,7.525479560116736,4302.5631252927,60591.59251052614,4.932205439356674,11.775581759874868,1.8344382705305764,0.6812162824914174,High,2,1,0.2190256655524695,0.16220977380949417,-0.03891676188660882,1.4781382686650963,-0.35072555142431705,-1.3705870945384853,1.249831703459825,-1.0388011424180428,-2.184287331771188,1.029430185416124,0.8745903245365926,-1.1932219027537532,2.063646228817461,1.7237199570533381,-0.44698843547303196,1.8150779933081982,0.6125530498969481
Grove City College,Yes,2491,1110,573,57,88,2213,35,5224,3048,525,350,65.0,65,18.4,18,4957,100,5.944154171494175,5.534888453903912,4.024012941588454,6.219270798359038,3.713386416589769,4.196117709053006,52.03427294055524,9.549427133265993,7.319898913630452,2351.2286673140156,24468.81775259251,7.723726362558781,6.329553707860191,1.82500853750211,5.944154171494175,5.534888453903912,4.024012941588454,6.219270798359038,3.713386416589769,4.196117709053006,52.03427294055524,9.549427133265993,7.319898913630452,2351.2286673140156,24468.81775259251,7.723726362558781,6.329553707860191,1.82500853750211,0.4456041750301084,Low,0,1,0.40239768041826546,-0.06497108971063867,0.2601639780215356,1.5115579172644587,0.17914989395437683,-1.2925434929444524,-1.4546000217585429,-0.04901447100702777,-2.436834747548569,-0.6054188583331771,-1.0947584403093151,1.0873005949977204,-0.2501326687269887,-1.6075700829507482,-2.0496912780215544,-1.0987972149572356,0.6125530498969481
Guilford College,Yes,1202,1054,326,18,44,1410,299,13404,5160,450,1050,78.0,86,15.6,30,9114,65,5.523736702520287,5.503261795346554,3.8065412385697557,3.9902206092359616,3.626221912437034,7.359702293985747,72.99605721272522,9.213393432273651,9.07415018729466,3381.5199008967597,50796.25679590814,6.9203320214644535,8.50587730878895,1.830137238721923,5.523736702520287,5.503261795346554,3.8065412385697557,3.9902206092359616,3.626221912437034,7.359702293985747,72.99605721272522,9.213393432273651,9.07415018729466,3381.5199008967597,50796.25679590814,6.9203320214644535,8.50587730878895,1.830137238721923,0.8768718801996672,Mid,1,1,-0.27805666357553327,-0.11792611331290927,-0.35023581072026044,-0.41691464264756517,-0.2890861741380078,-0.07097514722219393,0.7976122679305485,-0.6143252338289236,-0.2818088082871408,0.2577702434217395,0.3405662242258264,0.4309706158083841,0.6744919519989533,0.20427244113168902,0.8839184775303086,0.3581403891754813,0.6125530498969481
Gustavus Adolphus College,Yes,1709,1385,634,36,72,2281,50,14125,3600,400,700,79.0,89,12.5,58,9907,80,5.729571190079125,5.668837399227233,4.061059138500928,5.262121851799814,3.718936169513618,4.677094748887274,74.37241316928029,8.96107520321098,8.409880082919223,3468.58928429813,55559.757364651494,5.958866657838342,12.239514081658662,1.8307169677407091,5.729571190079125,5.668837399227233,4.061059138500928,5.262121851799814,3.718936169513618,4.677094748887274,74.37241316928029,8.96107520321098,8.409880082919223,3468.58928429813,55559.757364651494,5.958866657838342,12.239514081658662,1.8307169677407091,0.8104154476301931,Mid,1,1,0.0550906995561545,0.15931025661721843,0.3641452797503257,0.683476302864234,0.20896242502085063,-1.1068217867258,0.9454930857126325,-1.0388011424180428,-1.0978374622751548,0.3307179114196808,0.6002637149158834,-0.3544948895129964,2.2607507618422296,0.4090762781388948,0.4318622800268725,0.3581403891754813,0.6125530498969481
Gwynedd Mercy College,Yes,380,237,104,30,56,716,1108,11000,5550,500,500,36.0,41,7.8,22,7483,96,4.812301954493618,4.541542050163881,3.304505304392071,4.908029058750458,3.477889418547371,9.61787221910216,68.02072480679259,9.442351022087843,7.873683591318896,729.7656344596887,7406.169570221859,4.293491081377974,7.12024725786717,1.8286582036344896,4.812301954493618,4.541542050163881,3.304505304392071,4.908029058750458,3.477889418547371,9.61787221910216,68.02072480679259,9.442351022087843,7.873683591318896,729.7656344596887,7406.169570221859,4.293491081377974,7.12024725786717,1.8286582036344896,0.6236842105263158,Mid,1,1,-1.4295284754971922,-1.7282097831022822,-1.7593507618111646,0.3771313679720627,-1.0859085089215643,0.8009815922695239,0.26304399623972125,-0.22914901677242944,-1.756532921293452,-1.9638980661890433,-2.0249833565326143,-1.715017190369391,0.08579840488433134,-0.31823385260001785,-0.8383385077154618,0.3581403891754813,0.6125530498969481
Hamilton College,Yes,3140,1783,454,40,82,1646,24,19700,5050,300,800,91.0,96,9.6,60,17761,91,6.073113355000474,5.81920133868547,3.936533369522079,5.473292195405891,3.6571228116126155,3.707761191258194,83.71324278401323,8.360621760581918,8.626435575433408,4600.715532505121,67728.00439442915,4.968327625700188,12.465196378141519,1.8341158407540838,6.073113355000474,5.81920133868547,3.936533369522079,5.473292195405891,3.6571228116126155,3.707761191258194,83.71324278401323,8.360621760581918,8.626435575433408,4600.715532505121,67728.00439442915,4.968327625700188,12.465196378141519,1.8341158407540838,0.5678343949044586,High,2,1,0.611120778506763,0.4110765299495872,0.014626229581928404,0.8661712529818544,-0.12309067320404811,-1.4811146683151193,1.949106660828179,-2.0489462340837274,-0.8318078970334455,1.279225486180553,1.263654675854437,-1.1637120187547967,2.356633289468622,1.6098135400012479,-1.2182453776018507,1.8150779933081982,0.6125530498969481
Hamline University,Yes,1006,825,328,34,73,1362,102,13252,4194,450,550,89.0,93,13.0,33,10296,65,5.417596968351053,5.352055726126431,3.809002153225347,5.149577531776267,3.6191616473015986,5.692667115250329,72.6997227433059,9.213393432273651,8.024199890786795,4400.82631344925,62329.492559452454,6.119944455137463,8.975326246182142,1.8309758664905968,5.417596968351053,5.352055726126431,3.809002153225347,5.149577531776267,3.6191616473015986,5.692667115250329,72.6997227433059,9.213393432273651,8.024199890786795,4400.82631344925,62329.492559452454,6.119944455137463,8.975326246182142,1.8309758664905968,0.820079522862823,Mid,1,1,-0.4498460122961685,-0.37110243131806503,-0.3433285130579277,0.5861080901616065,-0.3270129749480404,-0.7146745176286052,0.765772987208116,-0.6143252338289236,-1.5716298036474603,1.1117561437041261,0.9693375120855497,-0.2229029900664657,0.8739402534841448,0.5005387643266624,0.49760016172075866,0.3581403891754813,0.6125530498969481
Hampden - Sydney College,Yes,817,644,307,20,40,945,1,13218,4773,660,600,95.0,97,13.3,53,12263,69,5.291761172901634,5.196546406104433,3.782257055207864,4.170730633321285,3.541297687226188,0.7141926941847949,72.63313214250448,10.060656850163479,8.162552350641706,5013.952455197691,69589.80855298844,6.215398629296292,11.656811830378665,1.8320854477608057,5.291761172901634,5.196546406104433,3.782257055207864,4.170730633321285,3.541297687226188,0.7141926941847949,72.63313214250448,10.060656850163479,8.162552350641706,5013.952455197691,69589.80855298844,6.215398629296292,11.656811830378665,1.8320854477608057,0.7882496940024479,Mid,1,1,-0.6535138423995625,-0.6314840235499138,-0.41839668033275984,-0.26074560260699386,-0.7452877631339215,-2.6370339802857092,0.7586182446749695,0.8110292102757778,-1.4016694654541817,1.6254398345940284,1.3651568927969056,-0.1449220622273889,2.0131860854053287,0.8925262175094214,0.2810843054601317,0.3581403891754813,0.6125530498969481
Hampton University,Yes,7178,3755,1433,25,63,4623,740,7161,3518,600,2000,60.0,64,14.0,9,6791,70,6.516129132540121,6.247414781440302,4.339372191259039,4.568038251472815,3.8385431095463547,8.894223050735004,58.31062378630177,9.845917647123215,10.171715522398618,2005.1172269621243,23500.734234328775,6.434817764376509,4.135322577728063,1.8278701746827275,6.516129132540121,6.247414781440302,4.339372191259039,4.568038251472815,3.8385431095463547,8.894223050735004,58.31062378630177,9.845917647123215,10.171715522398618,2005.1172269621243,23500.734234328775,6.434817764376509,4.135322577728063,1.8278701746827275,0.5231262190025077,Low,0,1,1.32815095096938,1.1280682705334475,1.1453146284495828,0.08298682799864276,0.8514749232203013,0.5215558668769629,-0.7802454760933557,0.4497726389260374,1.0665053144911143,-0.8953947540471879,-1.1475366140165175,0.03433157324728856,-1.18236541463741,-0.5966248728245733,-1.5223635376373355,-1.0987972149572356,0.6125530498969481
Hanover College,Yes,1006,837,317,33,65,1024,15,8200,3485,500,1200,84.0,84,10.6,26,9248,64,5.417596968351053,5.361040620801742,3.7952475195226185,5.091356782638988,3.558937544964335,3.13050327559237,61.222485738634354,9.442351022087843,9.297325805521908,3920.713741190657,47766.80550904597,5.321775689285814,7.840523349237043,1.8302405616580981,5.417596968351053,5.361040620801742,3.7952475195226185,5.091356782638988,3.558937544964335,3.13050327559237,61.222485738634354,9.442351022087843,9.297325805521908,3920.713741190657,47766.80550904597,5.321775689285814,7.840523349237043,1.8302405616580981,0.8320079522862823,Low,0,1,-0.4498460122961685,-0.356058309324207,-0.38193503238814336,0.5357381533712033,-0.650528804664476,-1.7040137178469246,-0.4673841666852411,-0.22914901677242944,-0.007646689375954711,0.7095126551829224,0.17540598418550252,-0.8749639552550215,0.3918121831278882,0.24077386350971566,0.5787408465103001,-1.0987972149572356,0.6125530498969481
Hardin-Simmons University,Yes,467,424,350,16,40,1365,334,6300,2980,700,2140,75.0,79,13.7,10,7054,38,4.944028729367655,4.928058045599497,3.8349814468839503,3.793745093657405,3.619611744399105,7.540649818536752,55.67920671363826,10.194537490294326,10.290019554421123,3127.017536070735,40692.25666426344,6.341334969722225,4.421054272265976,1.828183695395855,4.944028729367655,4.928058045599497,3.8349814468839503,3.793745093657405,3.619611744399105,7.540649818536752,55.67920671363826,10.194537490294326,10.290019554421123,3127.017536070735,40692.25666426344,6.341334969722225,4.421054272265976,1.828183695395855,0.9079229122055674,Low,0,1,-1.2163259737027234,-1.0810353867357665,-0.27040980620663224,-0.5868962977653778,-0.324595113488898,-0.001105111415008997,-1.062974741569998,1.0362571162148249,1.2118369790907868,0.044545418704219096,-0.21028570541136532,-0.042038843535126456,-1.060970526681064,-0.4858658061761603,1.095136728562224,-1.0987972149572356,0.6125530498969481
Harding University,Yes,1721,1068,806,35,75,3128,213,5504,3528,700,910,71.0,77,17.7,37,6466,73,5.733610344728074,5.511334063538655,4.14667222466937,5.206477408178991,3.7746971942867797,6.816311455497394,53.02697589878516,10.194537490294326,8.837420566832437,2803.316583884286,38057.447169980325,7.527854978439318,9.56813346581784,1.8274558595794699,5.733610344728074,5.511334063538655,4.14667222466937,5.206477408178991,3.7746971942867797,6.816311455497394,53.02697589878516,10.194537490294326,8.837420566832437,2803.316583884286,38057.447169980325,7.527854978439318,9.56813346581784,1.8274558595794699,0.620569436374201,Low,0,1,0.06162815465679168,-0.10441007424538329,0.6044441737460043,0.635335268105144,0.5085031984856648,-0.2807969584720931,-1.3479403131427794,1.0362571162148249,-0.5726214645732638,-0.22665472844581655,-0.3539307841170397,0.9272842059255697,1.1257980885897985,-0.7429920894508364,-0.8595261174749087,-1.0987972149572356,0.6125530498969481
Hartwick College,Yes,2083,1725,430,22,49,1464,67,17480,4780,500,700,75.0,87,12.3,32,11625,73,5.843017951320388,5.799665881586068,3.9156676257201957,4.337922600177787,3.6338226485313183,5.0853484319456586,80.23285302410845,9.442351022087843,8.409880082919223,3127.017536070735,52354.631663757325,5.893715394744267,8.821390068071972,1.8317574518012734,5.843017951320388,5.799665881586068,3.9156676257201957,4.337922600177787,3.6338226485313183,5.0853484319456586,80.23285302410845,9.442351022087843,8.409880082919223,3127.017536070735,52354.631663757325,5.893715394744267,8.821390068071972,1.8317574518012734,0.828132501200192,High,2,1,0.23870662228899342,0.3783667642339389,-0.043939760529966405,-0.1160987382636973,-0.2482560355627992,-0.9491810589817518,1.5751606031649226,-0.22914901677242944,-1.0978374622751548,0.044545418704219096,0.4255260215207906,-0.40771996836088487,0.808539510579746,0.7766534064920505,0.5523788885499915,1.8150779933081982,0.6125530498969481
Harvard University,Yes,13865,2165,1606,90,100,6862,320,18485,6410,500,1920,97.0,97,9.9,52,37219,100,6.850121597830487,5.932969624131551,4.375534019906482,7.267191804483126,3.8977616540456346,7.4704447589061225,81.84239015005012,9.442351022087843,10.100621367735323,5227.304128672231,69589.80855298844,5.075820123969052,11.536863964324251,1.8371317332156274,6.850121597830487,5.932969624131551,4.375534019906482,7.267191804483126,3.8977616540456346,7.4704447589061225,81.84239015005012,9.442351022087843,10.100621367735323,5227.304128672231,69589.80855298844,5.075820123969052,11.536863964324251,1.8371317332156274,0.1561485755499459,High,2,1,1.8687246441194687,0.6015677963620925,1.2468136844670838,2.418171377619397,1.1695890306086658,-0.028213689122326493,1.7480952755520183,-0.22914901677242944,0.9791690533013222,1.8041881665040136,1.3651568927969056,-1.0758964274030898,1.9622254883185175,2.6752533025622958,-4.0186533872995085,1.8150779933081982,0.6125530498969481
Harvey Mudd College,Yes,1377,572,178,95,100,654,5,17230,6690,700,900,100.0,100,8.2,46,21569,100,5.603861644682822,5.121165411280109,3.5513810701810606,7.397925182085458,3.456349301097733,1.936960832026999,79.82307213099354,10.194537490294326,8.819245343756174,5555.753581215777,75365.02473070551,4.448258560593803,10.790398173053111,1.8350282984623147,5.603861644682822,5.121165411280109,3.5513810701810606,7.397925182085458,3.456349301097733,1.936960832026999,79.82307213099354,10.194537490294326,8.819245343756174,5555.753581215777,75365.02473070551,4.448258560593803,10.790398173053111,1.8350282984623147,0.4153957879448075,High,2,1,-0.14837279223255803,-0.7577004037231526,-1.066419620925623,2.53127593336289,-1.2016191413504913,-2.1648813283667963,1.531132215525303,1.0362571162148249,-0.5949489827396871,2.0793666584407675,1.6800113003699915,-1.588580481499189,1.6450848531462385,1.9321621437399117,-2.255177610502869,1.8150779933081982,0.6125530498969481
Hastings College,Yes,817,708,262,22,52,935,37,9376,3272,500,1902,57.0,63,13.0,17,7335,52,5.291761172901634,5.2563461459597995,3.7170778021599507,4.337922600177787,3.538937020113839,4.269839145484286,64.23912656440991,9.442351022087843,10.084247539815946,1810.795332056283,22556.828963349828,6.119944455137463,6.118308313178587,1.8284993470552535,5.291761172901634,5.2563461459597995,3.7170778021599507,4.337922600177787,3.538937020113839,4.269839145484286,64.23912656440991,9.442351022087843,10.084247539815946,1810.795332056283,22556.828963349828,6.119944455137463,6.118308313178587,1.8284993470552535,0.8665850673194615,Mid,1,1,-0.6535138423995625,-0.5313565747488515,-0.6013418715394226,-0.1160987382636973,-0.7579689513940482,-1.2640771217354958,-0.14326502428905635,-0.22914901677242944,0.9590544754064708,-1.0581997323364798,-1.1989966331316235,-0.2229029900664657,-0.3398815888114029,-0.3743539292342936,0.8139445512261274,0.3581403891754813,0.6125530498969481
Hendrix College,Yes,823,721,274,52,87,954,6,8800,3195,500,1200,82.0,99,13.1,26,8588,63,5.296218051334397,5.267785600579781,3.735653569092159,6.020464589265005,3.5433964099151964,2.1179484116141403,62.79472656169884,9.442351022087843,9.297325805521908,3736.5073126492257,73408.11248759447,6.151859860146799,7.840523349237043,1.8297078674012737,5.296218051334397,5.267785600579781,3.735653569092159,6.020464589265005,3.5433964099151964,2.1179484116141403,62.79472656169884,9.442351022087843,9.297325805521908,3736.5073126492257,73408.11248759447,6.151859860146799,7.840523349237043,1.8297078674012737,0.8760631834750912,Mid,1,1,-0.646300292739916,-0.512202588301007,-0.5492033907451567,1.3395598524165766,-0.7340137053110766,-2.094995825938468,-0.29845674819453677,-0.22914901677242944,-0.007646689375954711,0.5551825236557095,1.5733239615731247,-0.19682982022428813,0.3918121831278882,0.05258623754303894,0.878417484592369,0.3581403891754813,0.6125530498969481
Hillsdale College,Yes,920,745,347,35,66,1133,42,11090,4700,400,750,80.0,80,12.0,31,12639,79,5.363791836914356,5.288336746022347,3.8315514216768425,5.206477408178991,3.5807256634888036,4.439680050749519,68.21923716748084,8.96107520321098,8.52150081906591,3556.7767888093103,42051.00625139571,5.795189080826134,8.66494745865426,1.8322666863776333,5.363791836914356,5.288336746022347,3.8315514216768425,5.206477408178991,3.5807256634888036,4.439680050749519,68.21923716748084,8.96107520321098,8.52150081906591,3556.7767888093103,42051.00625139571,5.795189080826134,8.66494745865426,1.8322666863776333,0.8097826086956522,Mid,1,1,-0.5369307271740181,-0.47779217501023674,-0.2800372043128475,0.635335268105144,-0.5334859436031479,-1.1984957319825702,0.28437290472347404,-1.0388011424180428,-0.960715953306189,0.4046023533364621,-0.13620911968157937,-0.4882106691982931,0.7420738947418721,0.9565533110951391,0.4275575234921063,0.3581403891754813,0.6125530498969481
Hiram College,Yes,922,729,244,37,66,1000,275,14067,4560,400,1000,75.0,95,10.6,34,12165,79,5.365103451873221,5.274716206953013,3.687292875453718,5.316571396825102,3.55375894356424,7.224106926283889,74.2634249180263,8.96107520321098,8.993154813797165,3127.017536070735,65897.48921732574,5.321775689285814,9.126868146634914,1.8320367955962555,5.365103451873221,5.274716206953013,3.687292875453718,5.316571396825102,3.55375894356424,7.224106926283889,74.2634249180263,8.96107520321098,8.993154813797165,3127.017536070735,65897.48921732574,5.321775689285814,9.126868146634914,1.8320367955962555,0.7906724511930586,Mid,1,1,-0.5348078513130661,-0.5005981241933966,-0.6849422329510908,0.7305835658560428,-0.678347559344125,-0.1233331621777771,0.9337829814715611,-1.0388011424180428,-0.3813083118461038,0.044545418704219096,1.1638582779526243,-0.8749639552550215,0.9383237726310382,0.8753386183800066,0.29756461234263887,0.3581403891754813,0.6125530498969481
Hobart and William Smith Colleges,Yes,2688,2081,500,25,53,1792,5,19029,5841,600,600,99.0,99,12.1,37,13040,79,5.986788394566889,5.909903081623516,3.973183004127827,4.568038251472815,3.6736516079814536,1.936960832026999,82.68972945698107,9.845917647123215,8.162552350641706,5445.147189539932,73408.11248759447,5.828139320813687,9.56813346581784,1.8324510308656998,5.986788394566889,5.909903081623516,3.973183004127827,4.568038251472815,3.6736516079814536,1.936960832026999,82.68972945698107,9.845917647123215,8.162552350641706,5445.147189539932,73408.11248759447,5.828139320813687,9.56813346581784,1.8324510308656998,0.7741815476190477,High,2,1,0.4714020497263142,0.5629456541993193,0.11749445984032286,0.08298682799864276,-0.03430018793400053,-2.1648813283667963,1.8391365712655803,0.4497726389260374,-1.4016694654541817,1.9866994311879236,1.5733239615731247,-0.4612920948206636,1.1257980885897985,1.021677631706513,0.18538863667211378,1.8150779933081982,0.6125530498969481
Hofstra University,Yes,7428,5860,1349,25,63,6534,1350,11600,5920,1000,1000,81.0,90,13.9,10,10093,60,6.533899325510228,6.492835233818692,4.319944717637646,4.568038251472815,3.8906936059359793,9.981363309666273,69.32460679379864,11.027920112452334,8.993154813797165,3646.0827031697963,57206.93660181433,6.4037473763683845,4.421054272265976,1.8308426798849202,6.533899325510228,6.492835233818692,4.319944717637646,4.568038251472815,3.8906936059359793,9.981363309666273,69.32460679379864,11.027920112452334,8.993154813797165,3646.0827031697963,57206.93660181433,6.4037473763683845,4.421054272265976,1.8308426798849202,0.7889068389876144,Mid,1,1,1.3569123747742216,1.5389952049931082,1.090785576487059,0.08298682799864276,1.1316204207012013,0.9413379501491166,0.40313794040544176,2.438259845296428,-0.3813083118461038,0.47942381108114585,0.6900649668386472,0.008948736859618622,-1.060970526681064,0.45348725060796985,0.2855543988990511,0.3581403891754813,0.6125530498969481
Hollins College,Yes,602,498,215,26,58,795,74,13470,5515,500,850,78.0,91,11.1,48,13957,72,5.103635243051365,5.032302285771343,3.6335429677730935,4.639999884647015,3.5022561863613166,5.2267123709420895,73.12404145930583,9.442351022087843,8.725466682985342,3381.5199008967597,58884.14428434742,5.493547832248623,11.044582378144527,1.8328414990483715,5.103635243051365,5.032302285771343,3.6335429677730935,4.639999884647015,3.5022561863613166,5.2267123709420895,73.12404145930583,9.442351022087843,8.725466682985342,3381.5199008967597,58884.14428434742,5.493547832248623,11.044582378144527,1.8328414990483715,0.8272425249169435,Mid,1,1,-0.9579995396683371,-0.9064909849397514,-0.8358075264018134,0.14524475095617614,-0.9550134884745987,-0.8945956011036518,0.8113633727646032,-0.22914901677242944,-0.7101522318661437,0.2577702434217395,0.781503315639944,-0.7346353504225267,1.753076593954856,1.1596203246699044,0.5463250081516874,0.3581403891754813,0.6125530498969481
Hood College,Yes,699,565,176,36,64,710,399,13960,6040,450,690,82.0,88,14.4,34,12434,72,5.196184835523663,5.11330137148541,3.546390703645799,5.262121851799814,3.4759059795447307,7.835056238925316,74.06158313168784,9.213393432273651,8.386673395839342,3736.5073126492257,53942.39364317825,6.558213800428661,9.126868146634914,1.8321689205930314,5.196184835523663,5.11330137148541,3.546390703645799,5.262121851799814,3.4759059795447307,7.835056238925316,74.06158313168784,9.213393432273651,8.386673395839342,3736.5073126492257,53942.39364317825,6.558213800428661,9.126868146634914,1.8321689205930314,0.8082975679542204,Mid,1,1,-0.8082061155598296,-0.77086778946459,-1.0804265865978688,0.683476302864234,-1.0965632781871604,0.1125752894937959,0.9120963470771873,-0.6143252338289236,-1.1263459281786772,0.5551825236557095,0.5120879513281108,0.13513949985508442,0.9383237726310382,0.9220150920899421,0.4174558396557439,0.3581403891754813,0.6125530498969481
Hope College,Yes,1712,1483,624,37,69,2505,208,12275,4341,465,1100,72.0,81,12.5,40,9284,72,5.730583825388755,5.709795917542181,4.055275379869217,5.316571396825102,3.7358820734910365,6.778868616300926,70.73955203806034,9.284317636564486,9.15165023999676,2882.5675146975664,43437.61538665517,5.958866657838342,9.991196421752138,1.8302679274117126,5.730583825388755,5.709795917542181,4.055275379869217,5.316571396825102,3.7358820734910365,6.778868616300926,70.73955203806034,9.284317636564486,9.15165023999676,2882.5675146975664,43437.61538665517,5.958866657838342,9.991196421752138,1.8302679274117126,0.8662383177570093,Mid,1,1,0.05672967068882657,0.2278903533779444,0.34791142036574824,0.7305835658560428,0.2999935566240761,-0.29525492092209876,0.5551649351968275,-0.49500917739831735,-0.18660316336359328,-0.16025744430696973,-0.06061368145330422,-0.3544948895129964,1.3055390172857926,0.2504415033228476,0.8115858587319998,0.3581403891754813,0.6125530498969481
Houghton College,Yes,949,786,302,30,70,1210,26,9990,3550,500,1500,85.0,90,15.0,24,8187,67,5.382517395545513,5.321859519454886,3.775577560399927,4.908029058750458,3.59463219990292,3.809563645942399,65.71598902752532,9.442351022087843,9.675230393594894,4014.4961141771587,57206.93660181433,6.74074047959393,7.488071014907595,1.8293522917157545,5.382517395545513,5.321859519454886,3.775577560399927,4.908029058750458,3.59463219990292,3.809563645942399,65.71598902752532,9.442351022087843,9.675230393594894,4014.4961141771587,57206.93660181433,6.74074047959393,7.488071014907595,1.8293522917157545,0.8282402528977871,Mid,1,1,-0.5066230243438274,-0.4216623358394572,-0.4371446928928862,0.3771313679720627,-0.45878188838453043,-1.441805254319573,0.015414587447292122,-0.22914901677242944,0.4565936404384389,0.7880845382194887,0.6900649668386472,0.28425398250735084,0.24207061628816592,-0.07302980440233547,0.5531118472840987,0.3581403891754813,0.6125530498969481
Huntingdon College,Yes,608,520,127,26,47,538,126,8080,3920,500,1100,63.0,72,11.4,9,7703,44,5.109810025085745,5.060120926720639,3.398590301311324,4.639999884647015,3.4084441951630358,6.00734489341738,60.89903957715892,9.442351022087843,9.15165023999676,2209.4456195013977,31942.302495605825,5.595139884147383,4.135322577728063,1.828885590762278,5.109810025085745,5.060120926720639,3.398590301311324,4.639999884647015,3.4084441951630358,6.00734489341738,60.89903957715892,9.442351022087843,9.15165023999676,2209.4456195013977,31942.302495605825,5.595139884147383,4.135322577728063,1.828885590762278,0.8552631578947368,Low,0,1,-0.948005527600371,-0.8599120273372153,-1.4952729004337388,0.14524475095617614,-1.4589589686396698,-0.5931666512855114,-0.5021364287288346,-0.22914901677242944,-0.18660316336359328,-0.7242062241732836,-0.6873174824544503,-0.6516401064957508,-1.18236541463741,-0.23790363839987605,0.7369295938302606,-1.0987972149572356,0.6125530498969481
Huntington College,Yes,450,430,125,20,46,488,43,9950,3920,300,1300,76.0,76,11.8,25,9466,47,4.920477418081641,4.9372093461186,3.3912160365181045,4.170730633321285,3.3837385471371904,4.471466100405743,65.6216222347626,8.360621760581918,9.432165418805424,3210.7343245943,36780.940288277394,5.728958206066383,7.666103609271758,1.8304038114251098,4.920477418081641,4.9372093461186,3.3912160365181045,4.170730633321285,3.3837385471371904,4.471466100405743,65.6216222347626,8.360621760581918,9.432165418805424,3210.7343245943,36780.940288277394,5.728958206066383,7.666103609271758,1.8304038114251098,0.9555555555555556,Mid,1,1,-1.2544442567284777,-1.0657126382354247,-1.5159709940681099,-0.26074560260699386,-1.591674408298753,-1.1862220496917506,0.005275467244584463,-2.0489462340837274,0.1579982604829097,0.11468424657347391,-0.42352364534226566,-0.5423177327277025,0.31770887154146105,0.2984459440699165,1.419147976191603,0.3581403891754813,0.6125530498969481
Huron University,Yes,600,197,124,3,9,392,69,7260,3090,600,1840,31.0,35,12.9,4,9249,21,5.101562311467859,4.41554799149126,3.3874779563702115,1.594012467366829,3.326312429370216,5.127047174329461,58.59959112726029,9.845917647123215,10.026728521369996,544.0878059310863,4926.913045410603,6.0879303745316315,2.3994070378288304,1.8302413240356652,5.101562311467859,4.41554799149126,3.3874779563702115,1.594012467366829,3.326312429370216,5.127047174329461,58.59959112726029,9.845917647123215,10.026728521369996,544.0878059310863,4926.913045410603,6.0879303745316315,2.3994070378288304,1.8302413240356652,0.3283333333333333,Low,0,1,-0.9613546221872475,-1.9391716315901373,-1.5264630410834295,-2.490004639445861,-1.9001598388118637,-0.9330797465670045,-0.7491977471321518,0.4497726389260374,0.8883947138245588,-2.1194609524867998,-2.160147966881404,-0.24905677256531966,-1.9198799308640517,0.2410431925340111,-2.8474020296489657,-1.0987972149572356,0.6125530498969481
Husson College,Yes,723,652,361,10,30,951,706,7800,4000,350,1500,36.0,44,22.0,4,4923,84,5.216960586385355,5.2043607388940885,3.847274141374854,3.0648578681207974,3.5426995257370804,8.811543729194634,60.13186099132863,8.679599645871866,9.675230393594894,729.7656344596887,8888.331393745179,8.686254510907828,2.3994070378288304,1.8249403528335566,5.216960586385355,5.2043607388940885,3.847274141374854,3.0648578681207974,3.5426995257370804,8.811543729194634,60.13186099132863,8.679599645871866,9.675230393594894,729.7656344596887,8888.331393745179,8.686254510907828,2.3994070378288304,1.8249403528335566,0.9017980636237898,Low,0,1,-0.7745801343224777,-0.6183998661906499,-0.23590665928608784,-1.2174962818199055,-0.7377572739878981,0.48963054946312307,-0.5845649575677309,-1.5123285343587667,0.4565936404384389,-1.9638980661890433,-1.9441785574545383,1.8736343382931653,-1.9198799308640517,-1.631658029719429,1.0534737073450047,-1.0987972149572356,0.6125530498969481
Illinois Benedictine College,Yes,607,558,269,22,47,1222,519,10500,4348,650,1500,81.0,91,11.6,29,8324,75,5.108785442867437,5.105332530781726,3.7280298430721417,4.337922600177787,3.5967022003261118,8.278935040126296,66.89798175942522,10.026082431745259,9.675230393594894,3646.0827031697963,58884.14428434742,5.662278553171516,8.344048523822103,1.8294767405890995,5.108785442867437,5.105332530781726,3.7280298430721417,4.337922600177787,3.5967022003261118,8.278935040126296,66.89798175942522,10.026082431745259,9.675230393594894,3646.0827031697963,58884.14428434742,5.662278553171516,8.344048523822103,1.8294767405890995,0.9192751235584844,Mid,1,1,-0.9496638350511255,-0.7842106516825832,-0.5706016723949017,-0.1160987382636973,-0.4476621227353553,0.28397209534078993,0.14241229539730088,0.7528645357434074,0.4565936404384389,0.47942381108114585,0.781503315639944,-0.5967914238632761,0.605737985971725,-0.029065114096444016,1.1723578085846902,0.3581403891754813,0.6125530498969481
Illinois College,Yes,894,787,262,28,63,909,28,8050,3850,600,1000,75.0,75,15.6,30,7348,52,5.346457095847615,5.322653622171364,3.7170778021599507,4.777728697775314,3.5326524955440703,3.9046923679129257,60.817685577708566,9.845917647123215,8.993154813797165,3127.017536070735,35531.398971011564,6.9203320214644535,8.50587730878895,1.8285134981204187,5.346457095847615,5.322653622171364,3.7170778021599507,4.777728697775314,3.5326524955440703,3.9046923679129257,60.817685577708566,9.845917647123215,8.993154813797165,3127.017536070735,35531.398971011564,6.9203320214644535,8.50587730878895,1.8285134981204187,0.8803131991051454,Low,0,1,-0.5649873630927407,-0.4203327066591424,-0.6013418715394226,0.26440143846515807,-0.7917285775512979,-1.4050727970678636,-0.5108774058803224,0.4497726389260374,-0.3813083118461038,0.044545418704219096,-0.4916463924532397,0.4309706158083841,0.6744919519989533,-0.3693547100307329,0.9073273407307345,-1.0987972149572356,0.6125530498969481
Illinois Institute of Technology,Yes,1756,1360,478,42,77,1911,626,14550,4620,500,700,75.0,88,12.3,26,12851,56,5.7452207968124105,5.657891620886301,3.9561632906164648,5.572727488079942,3.6859535236539225,8.60167452316445,75.16220159576348,9.442351022087843,8.409880082919223,3127.017536070735,53942.39364317825,5.893715394744267,7.840523349237043,1.8323652508732884,5.7452207968124105,5.657891620886301,3.9561632906164648,5.572727488079942,3.6859535236539225,8.60167452316445,75.16220159576348,9.442351022087843,8.409880082919223,3127.017536070735,53942.39364317825,5.893715394744267,7.840523349237043,1.8323652508732884,0.7744874715261959,Mid,1,1,0.0804199108028932,0.14098287153042266,0.06972351130966178,0.9521981331052524,0.03178405909375189,0.40859286200903955,1.0303509001660152,-0.22914901677242944,-1.0978374622751548,0.044545418704219096,0.5120879513281108,-0.40771996836088487,0.3918121831278882,0.9913736948411526,0.18746962105306514,0.3581403891754813,0.6125530498969481
Illinois State University,No,8681,6695,2408,10,35,15701,1823,7799,3403,537,2605,77.0,84,21.0,16,5569,54,6.614245868384454,6.564813710756029,4.498967045991316,3.0648578681207974,4.006394720624118,10.546110234416455,60.12908889932516,9.59925223422751,10.637195673753952,3295.568346309384,47766.80550904597,8.42585576535617,5.900711370401069,1.8261241046734695,6.614245868384454,6.564813710756029,4.498967045991316,3.0648578681207974,4.006394720624118,10.546110234416455,60.12908889932516,9.59925223422751,10.637195673753952,3295.568346309384,47766.80550904597,8.42585576535617,5.900711370401069,1.8261241046734695,0.7712245133049188,Low,0,0,1.4869549114392402,1.659514479520938,1.5932656228117485,-1.2174962818199055,1.7531513471038853,1.15940607764743,-0.5848628014724908,0.034806484299103525,1.6383286418795582,0.18575910445405372,0.17540598418550252,1.660902564484489,-0.4323290036172367,-1.2134679598379128,0.1652740196779676,-1.0987972149572356,-1.6325116659989423
Illinois Wesleyan University,Yes,3050,1342,471,55,86,1818,23,14360,4090,400,650,77.0,92,12.9,34,9605,83,6.057036069590454,5.649876551920548,3.950557520805812,6.141465611282132,3.676422843239128,3.6540351864371625,74.81101916147955,8.96107520321098,8.290621844560157,3295.568346309384,60591.59251052614,6.0879303745316315,9.126868146634914,1.8305049063920338,6.057036069590454,5.649876551920548,3.950557520805812,6.141465611282132,3.676422843239128,3.6540351864371625,74.81101916147955,8.96107520321098,8.290621844560157,3295.568346309384,60591.59251052614,6.0879303745316315,9.126868146634914,1.8305049063920338,0.44,Mid,1,1,0.5850993605015202,0.12756260566561461,0.05398923112212263,1.4442444179862461,-0.01941348246340344,-1.501860118632481,0.9926185495155372,-1.0388011424180428,-1.244341330331405,0.18575910445405372,0.8745903245365926,-0.24905677256531966,0.9383237726310382,0.33416028034983364,-2.0878125246233195,0.3581403891754813,0.6125530498969481
Immaculata College,Yes,268,253,103,16,44,494,1305,10000,5364,500,1000,56.0,64,11.2,33,7305,69,4.584758650401072,4.585704375716,3.299885392504521,3.793745093657405,3.386862418136884,9.918541095970733,65.73954192704598,9.442351022087843,8.993154813797165,1748.2432357532678,23500.734234328775,5.527531557925774,8.975326246182142,1.8284665426264193,4.584758650401072,4.585704375716,3.299885392504521,3.793745093657405,3.386862418136884,9.918541095970733,65.73954192704598,9.442351022087843,8.993154813797165,1748.2432357532678,23500.734234328775,5.527531557925774,8.975326246182142,1.8284665426264193,0.9440298507462687,Mid,1,1,-1.7978120058994251,-1.6542652977023362,-1.7723179350158718,-0.5868962977653778,-1.574893390746455,0.9170801420841229,0.01794519882414195,-0.22914901677242944,-0.3813083118461038,-1.1106065529137321,-1.1475366140165175,-0.706872473805698,0.8739402534841448,-0.38594291767263433,1.340746742658845,0.3581403891754813,0.6125530498969481
Incarnate Word College,Yes,1163,927,386,16,49,1685,556,8840,4689,750,2775,67.0,69,11.4,21,6095,95,5.504172792783469,5.4243294234372605,3.8736744936276266,3.793745093657405,3.661708082555173,8.396888994000504,62.89700553013714,10.352802615829257,10.749889177260911,2497.466346891243,28587.693255152724,5.595139884147383,6.929932557777247,1.8269417919267714,5.504172792783469,5.4243294234372605,3.8736744936276266,3.793745093657405,3.661708082555173,8.396888994000504,62.89700553013714,10.352802615829257,10.749889177260911,2497.466346891243,28587.693255152724,5.595139884147383,6.929932557777247,1.8269417919267714,0.7970765262252795,Mid,1,1,-0.30972125495993,-0.25008884589685376,-0.16180612476084086,-0.5868962977653778,-0.09845921045265997,0.32951815628436965,-0.2874675143248177,1.302507133936391,1.7767680016734804,-0.48289935398096173,-0.870204749794732,-0.6516401064957508,0.004942020606680277,-0.9245993996634296,0.3411270139892513,0.3581403891754813,0.6125530498969481
Indiana State University,No,5659,4761,3147,10,31,8596,1949,6892,3706,600,2500,72.0,76,16.6,8,6996,40,6.391470142390135,6.379260935275438,4.576350614955308,3.0648578681207974,3.92931219938311,10.673770111866785,57.51195656072633,9.845917647123215,10.56413657721219,2882.5675146975664,36780.940288277394,7.213532579413107,3.8339176338051995,1.8281161188765362,6.391470142390135,6.379260935275438,4.576350614955308,3.0648578681207974,3.92931219938311,10.673770111866785,57.51195656072633,9.845917647123215,10.56413657721219,2882.5675146975664,36780.940288277394,7.213532579413107,3.8339176338051995,1.8281161188765362,0.8413147199151794,Low,0,0,1.126387804512907,1.348828746242439,1.8104658998686924,-1.2174962818199055,1.339074343908947,1.2086999280647162,-0.866057261839144,0.4497726389260374,1.5485785299599362,-0.16025744430696973,-0.42352364534226566,0.6704997066339655,-1.310419180097965,-0.5097389089527896,0.642048216808413,-1.0987972149572356,-1.6325116659989423
Indiana University at Bloomington,No,16587,13243,5873,25,72,24763,2717,9766,3990,600,2000,77.0,88,21.3,24,8686,68,6.938291042863625,6.923005804943833,4.744650402737577,4.568038251472815,4.058281929347351,11.31938291870689,65.1842947215536,9.845917647123215,10.171715522398618,3295.568346309384,53942.39364317825,8.50450285853366,7.488071014907595,1.8297908956851425,6.938291042863625,6.923005804943833,4.744650402737577,4.568038251472815,4.058281929347351,11.31938291870689,65.1842947215536,9.845917647123215,10.171715522398618,3295.568346309384,53942.39364317825,8.50450285853366,7.488071014907595,1.8297908956851425,0.7983963344788088,Mid,1,0,2.0114287092639347,2.2592639208810295,2.2828499088298635,0.08298682799864276,2.03188249842534,1.4579931419035164,-0.04171263200687835,0.4497726389260374,1.0665053144911143,0.18575910445405372,0.5120879513281108,1.7251530108570303,0.24207061628816592,0.08191806425074992,0.3501047378521804,0.3581403891754813,-1.6325116659989423
Indiana Wesleyan University,Yes,735,423,366,20,48,2448,707,9210,3782,700,1000,49.0,51,39.8,15,6562,34,5.227072884839012,4.926519391473387,3.852719698574734,4.170730633321285,3.7317503904508036,8.814026865238862,63.82898292951329,10.194537490294326,8.993154813797165,1341.4427559604715,13027.027457305247,12.705144692949967,5.67618042622164,1.8275815304772682,5.227072884839012,4.926519391473387,3.852719698574734,4.170730633321285,3.7317503904508036,8.814026865238862,63.82898292951329,10.194537490294326,8.993154813797165,1341.4427559604715,13027.027457305247,12.705144692949967,5.67618042622164,1.8275815304772682,0.5755102040816327,Mid,1,1,-0.7582131707247308,-1.0836116774120672,-0.22062206401116932,-0.26074560260699386,0.27779870746881996,0.4905893733252059,-0.18733238625873064,1.0362571162148249,-0.3813083118461038,-1.451428380082673,-1.7185442855730702,5.156851526443917,-0.5277223720549751,-0.6985956883130491,-1.1660322663162306,0.3581403891754813,0.6125530498969481
Iona College,Yes,4892,3530,913,13,33,3906,1446,10690,6790,570,1150,66.0,83,16.0,14,8107,66,6.31402831438927,6.212731963959743,4.189889965479913,3.4609232634102094,3.811669152044419,10.10922990675168,67.328678353123,9.731428109991333,9.225954671852792,2423.7905034076744,46295.29542396985,7.038504105436441,5.444039108195632,1.8292781249343393,6.31402831438927,6.212731963959743,4.189889965479913,3.4609232634102094,3.811669152044419,10.10922990675168,67.328678353123,9.731428109991333,9.225954671852792,2423.7905034076744,46295.29542396985,7.038504105436441,5.444039108195632,1.8292781249343393,0.7215862632869992,Mid,1,1,1.0010466087756706,1.069996077578086,0.7257477709242769,-0.8748385657786061,0.7071116148173894,0.9907116220966542,0.18868794392313795,0.25716645871250754,-0.0953232079457115,-0.544625769857051,0.09518189874570733,0.5275108544518977,-0.6263490551654358,-0.09923108279292532,-0.17237995430517436,0.3581403891754813,0.6125530498969481
Iowa State University,No,8427,7424,3441,26,59,18676,1715,7550,3224,640,2055,81.0,88,19.2,22,8420,65,6.599010431670134,6.620198808856599,4.601460802443503,4.639999884647015,4.026769361456743,10.430100165121441,59.431439536158976,9.991040815968633,10.219080322336987,3646.0827031697963,53942.39364317825,7.943876210224716,7.12024725786717,1.8295620790893674,6.599010431670134,6.620198808856599,4.601460802443503,4.639999884647015,4.026769361456743,10.430100165121441,59.431439536158976,9.991040815968633,10.219080322336987,3646.0827031697963,53942.39364317825,7.943876210224716,7.12024725786717,1.8295620790893674,0.8809778094220957,Low,0,0,1.4622960429098137,1.7522501433853515,1.8809451986708152,0.14524475095617614,1.8626011948945165,1.1146106171085277,-0.6598208512842492,0.6939138933325513,1.1246910339530192,0.47942381108114585,0.5120879513281108,1.2671511833654492,0.08579840488433134,0.001082854580211965,0.9118482155518141,-1.0987972149572356,-1.6325116659989423
Ithaca College,Yes,7259,5526,1368,23,52,5612,166,14424,6192,634,1000,58.0,79,11.5,25,9812,75,6.521958495567214,6.460911347388152,4.324459138795764,4.417175042264962,3.868252084457049,6.427325383330498,74.92965130680685,9.96978589692332,8.993154813797165,1874.458100634458,40692.25666426344,5.628767251036452,7.666103609271758,1.8306513459688112,6.521958495567214,6.460911347388152,4.324459138795764,4.417175042264962,3.868252084457049,6.427325383330498,74.92965130680685,9.96978589692332,8.993154813797165,1874.458100634458,40692.25666426344,5.628767251036452,7.666103609271758,1.8306513459688112,0.7612618818019011,Mid,1,1,1.3375858952503183,1.4855425091814567,1.1034566582092182,-0.04753313995778422,1.0110675662859163,-0.43099780182840153,1.0053648297075841,0.658156662841263,-0.3813083118461038,-1.0048623785543536,-0.21028570541136532,-0.6241683558478293,0.31770887154146105,0.38589373898628726,0.0975052704350114,0.3581403891754813,0.6125530498969481
James Madison University,No,11223,5285,2082,32,72,9652,742,7994,4544,500,732,77.0,81,17.9,29,5212,98,6.74463157538667,6.43656615773849,4.455533048676887,5.0317442595355875,3.944940573257932,8.898977814457488,60.6652902736421,9.442351022087843,8.482133191998704,3295.568346309384,43437.61538665517,7.584136852632175,8.344048523822103,1.8254978795984231,6.74463157538667,6.43656615773849,4.455533048676887,5.0317442595355875,3.944940573257932,8.898977814457488,60.6652902736421,9.442351022087843,8.482133191998704,3295.568346309384,43437.61538665517,7.584136852632175,8.344048523822103,1.8254978795984231,0.47090795687427606,Low,0,0,1.6979868672257188,1.4447794266648026,1.4713550366668495,0.48416411722208674,1.423027879868973,0.5233918439778878,-0.527251325783939,-0.22914901677242944,-1.0090774729873415,0.18575910445405372,-0.06061368145330422,0.9732634709368446,0.605737985971725,-1.4346976965659015,-1.8775675127115103,-1.0987972149572356,-1.6325116659989423
Jamestown College,Yes,472,410,262,14,41,9950,71,7620,3050,400,400,51.0,53,17.0,21,3186,54,4.950781069064465,4.90615588553813,3.7170778021599507,3.5777357214550345,3.948976496614331,5.1676707264256745,59.629074408510476,8.96107520321098,7.525479560116736,1452.1285394184367,14394.04498133871,7.328788144787452,6.929932557777247,1.8200693277186508,4.950781069064465,4.90615588553813,3.7170778021599507,3.5777357214550345,3.948976496614331,5.1676707264256745,59.629074408510476,8.96107520321098,7.525479560116736,1452.1285394184367,14394.04498133871,7.328788144787452,6.929932557777247,1.8200693277186508,0.8686440677966102,Low,0,1,-1.2053971726468804,-1.1177079109889028,-0.6013418715394226,-0.7737777547234982,1.4447083207995046,-0.9173936019423656,-0.6385862234204303,-1.0388011424180428,-2.184287331771188,-1.3586946375389468,-1.644016946781447,0.764657306400675,0.004942020606680277,-3.35246999766273,0.8279504779719628,-1.0987972149572356,0.6125530498969481
Jersey City State College,No,2957,1423,691,10,30,3817,1394,3946,4800,400,1500,63.0,67,14.9,10,8367,26,6.039878860447597,5.685076629158401,4.092132084872761,3.0648578681207974,3.807915865037146,10.04096648873127,46.9940866613654,8.96107520321098,9.675230393594894,2209.4456195013977,26478.47386189595,6.710527469549969,4.421054272265976,1.8295151518324144,6.039878860447597,5.685076629158401,4.092132084872761,3.0648578681207974,3.807915865037146,10.04096648873127,46.9940866613654,8.96107520321098,9.675230393594894,2209.4456195013977,26478.47386189595,6.710527469549969,4.421054272265976,1.8295151518324144,0.48123097734190057,Low,0,0,0.5573300636629228,0.1865008876707044,0.451360856019211,-1.2174962818199055,0.686949458584293,0.9643527787068817,-1.99613643549717,-1.0388011424180428,0.4565936404384389,-0.7242062241732836,-0.9851956007117693,0.25957157781628776,-1.060970526681064,-0.015495377615787636,-1.8073472917499656,-1.0987972149572356,-1.6325116659989423
John Brown University,Yes,605,405,284,24,53,961,99,6398,3672,400,1350,68.0,68,13.3,19,8118,75,5.1067308393573,4.89813953011878,3.7504310780047967,4.493818501377219,3.5450121407132826,5.648713680425285,55.990193597912246,8.96107520321098,9.496020108486013,2572.256540860469,27520.52043115919,6.215398629296292,6.5349533390638825,1.8292883896742702,5.1067308393573,4.89813953011878,3.7504310780047967,4.493818501377219,3.5450121407132826,5.648713680425285,55.990193597912246,8.96107520321098,9.496020108486013,2572.256540860469,27520.52043115919,6.215398629296292,6.5349533390638825,1.8292883896742702,0.6694214876033058,Low,0,1,-0.9529892532052998,-1.1311303308650338,-0.5077258642752942,0.018775285270126344,-0.7253342153817128,-0.7316464440072331,-1.0295611507420503,-1.0388011424180428,0.236441135041996,-0.4202393232555936,-0.9283850943804479,-0.1449220622273889,-0.16286735762255852,-0.0956048055916601,-0.5272200988545818,-1.0987972149572356,0.6125530498969481
John Carroll University,Yes,2421,2109,820,27,57,3168,392,11700,5550,600,450,89.0,90,14.5,28,7738,89,5.928126825586116,5.9177009264932074,4.15269263277911,4.709852044651068,3.776861150400517,7.805544493066428,69.53758240366852,9.845917647123215,7.708544607869356,4400.82631344925,57206.93660181433,6.588845563563279,8.179318836422599,1.8289208440004363,5.928126825586116,5.9177009264932074,4.15269263277911,4.709852044651068,3.776861150400517,7.805544493066428,69.53758240366852,9.845917647123215,7.708544607869356,4400.82631344925,57206.93660181433,6.588845563563279,8.179318836422599,1.8289208440004363,0.8711276332094176,Mid,1,1,0.3764570905268705,0.5760022045260782,0.6213422611169798,0.20567765393688317,0.5201276815486949,0.10117979378303912,0.4260208343292104,0.4497726389260374,-1.9593994081301285,1.1117561437041261,0.6900649668386472,0.16016400330539635,0.5357515534995189,-0.22544954656080984,0.8448444202640208,0.3581403891754813,0.6125530498969481
Johns Hopkins University,Yes,8474,3446,911,75,94,3566,1569,18800,6740,500,1040,96.0,97,3.3,38,56233,90,6.601866447259102,6.199173083987768,4.18913685108805,6.836931732934785,3.7967282063646013,10.2621749596378,82.33500230738812,9.442351022087843,9.058241065140852,5120.066987885137,69589.80855298844,2.2705563699705986,9.71106985349749,1.8383567616257974,6.601866447259102,6.199173083987768,4.18913685108805,6.836931732934785,3.7967282063646013,10.2621749596378,82.33500230738812,9.442351022087843,9.058241065140852,5120.066987885137,69589.80855298844,2.2705563699705986,9.71106985349749,1.8383567616257974,0.40665565258437575,High,2,1,1.4669185630414592,1.047293369113513,0.7236339287125761,2.045929987248018,0.6268508512565583,1.0497689446447322,1.8010233631805077,-0.22914901677242944,-0.3013525141558685,1.7143437339653733,1.3651568927969056,-3.3676460789807687,1.186525502100285,3.108025357635535,-2.314630581478578,1.8150779933081982,0.6125530498969481
Johnson State College,No,833,669,279,3,13,1224,345,7656,4690,500,624,80.0,91,14.4,15,6564,36,5.303569306678217,5.220631312760487,3.7431186312989397,1.594012467366829,3.5970447916846617,7.59395385179957,59.73025103468005,9.442351022087843,8.225210343392975,3556.7767888093103,58884.14428434742,6.558213800428661,5.67618042622164,1.8275841184427017,5.303569306678217,5.220631312760487,3.7431186312989397,1.594012467366829,3.5970447916846617,7.59395385179957,59.73025103468005,9.442351022087843,8.225210343392975,3556.7767888093103,58884.14428434742,6.558213800428661,5.67618042622164,1.8275841184427017,0.8031212484993998,Low,0,0,-0.6344021343576808,-0.5911567534996586,-0.5282504468415923,-2.490004639445861,-0.4458217677393723,0.01947740123324038,-0.6277154293158018,-0.22914901677242944,-1.3246966841267978,0.4046023533364621,0.781503315639944,0.13513949985508442,-0.5277223720549751,-0.697681424521434,0.38224499249865346,-1.0987972149572356,-1.6325116659989423
Judson College,Yes,313,228,137,10,30,552,67,9414,4554,500,1700,34.0,55,10.6,30,7840,56,4.686594161726293,4.515281319762788,3.4335642646344304,3.0648578681207974,3.414864113489292,5.0853484319456586,64.33234268736922,9.442351022087843,9.889943873748738,652.1979670218767,15846.888812540607,5.321775689285814,8.50587730878895,1.8290221943074847,4.686594161726293,4.515281319762788,3.4335642646344304,3.0648578681207974,3.414864113489292,5.0853484319456586,64.33234268736922,9.442351022087843,9.889943873748738,652.1979670218767,15846.888812540607,5.321775689285814,8.50587730878895,1.8290221943074847,0.7284345047923323,Mid,1,1,-1.6329891306197586,-1.7721802074732504,-1.3971079459704356,-1.2174962818199055,-1.4244720253158938,-0.9491810589817518,-0.13324953634202852,-0.22914901677242944,0.7203603688354095,-2.0288850941268013,-1.5648105119584117,-0.8749639552550215,0.6744919519989533,-0.18964500496854877,-0.12579620169026018,0.3581403891754813,0.6125530498969481
Juniata College,Yes,1005,859,298,36,55,1075,43,14850,4460,450,420,97.0,97,12.7,37,12067,80,5.417000088730929,5.377160816124495,3.770141507942795,5.262121851799814,3.569466955239612,4.471466100405743,75.71061724809708,9.213393432273651,7.601114705195868,5227.304128672231,69589.80855298844,6.023602095364745,9.56813346581784,1.8319875351265849,5.417000088730929,5.377160816124495,3.770141507942795,5.262121851799814,3.569466955239612,4.471466100405743,75.71061724809708,9.213393432273651,7.601114705195868,5227.304128672231,69589.80855298844,6.023602095364745,9.56813346581784,1.8319875351265849,0.854726368159204,Mid,1,1,-0.4508120742710577,-0.3290669873594965,-0.45240261024656314,0.683476302864234,-0.5939662197619301,-1.1862220496917506,1.089274723443953,-0.6143252338289236,-2.09137264958608,1.8041881665040136,1.3651568927969056,-0.3016095177954872,1.1257980885897985,0.8579361201879058,0.7332781921928017,0.3581403891754813,0.6125530498969481
Kansas State University,No,5880,4075,2833,25,55,14914,2246,6995,3120,600,2000,76.0,86,18.5,22,6122,54,6.411702493590902,6.293088666425594,4.546345571670925,4.568038251472815,4.000205665164916,10.947145693956998,57.820145038507725,9.845917647123215,10.171715522398618,3210.7343245943,50796.25679590814,7.751456874081783,7.12024725786717,1.8269808187430763,6.411702493590902,6.293088666425594,4.546345571670925,4.568038251472815,4.000205665164916,10.947145693956998,57.820145038507725,9.845917647123215,10.171715522398618,3210.7343245943,50796.25679590814,7.751456874081783,7.12024725786717,1.8269808187430763,0.6930272108843537,Low,0,0,1.1591342821922757,1.2045436798156846,1.7262477150301772,0.08298682799864276,1.7199045682505993,1.314259602101976,-0.8329443422428213,0.4497726389260374,1.0665053144911143,0.11468424657347391,0.3405662242258264,1.1099549318779256,0.08579840488433134,-0.9108121965626677,-0.36664702724720666,-1.0987972149572356,-1.6325116659989423
Kansas Wesleyan University,Yes,589,575,148,16,40,474,258,8400,3250,500,1400,63.0,55,12.4,14,6535,68,5.09002716403517,5.124504288260644,3.4687996084353387,3.793745093657405,3.376264057552444,7.12137506625326,61.75472188110785,9.442351022087843,9.557721089085858,2209.4456195013977,15846.888812540607,5.92634355842144,5.444039108195632,1.8275464734635392,5.09002716403517,5.124504288260644,3.4687996084353387,3.793745093657405,3.376264057552444,7.12137506625326,61.75472188110785,9.442351022087843,9.557721089085858,2209.4456195013977,15846.888812540607,5.92634355842144,5.444039108195632,1.8275464734635392,0.9762308998302207,Low,0,1,-0.9800244962016154,-0.7521098570965266,-1.2982093485263821,-0.5868962977653778,-1.6318263674956581,-0.1630014514052179,-0.41019873029626974,-0.22914901677242944,0.3122382660840021,-0.7242062241732836,-1.5648105119584117,-0.38106451301120514,-0.6263490551654358,-0.7109804589439264,1.5597877480467763,-1.0987972149572356,0.6125530498969481
Keene State College,No,3121,2446,822,5,19,3480,776,7870,4157,500,1150,73.0,73,16.1,13,6195,61,6.069760808025091,6.003702951464525,4.153542991405825,2.1486200566855134,3.792672109494073,8.978068489736648,60.3253300963226,9.442351022087843,9.225954671852792,2962.9344405957,33112.30773484874,7.067858726213781,5.2034945525684675,1.8270850194327424,6.069760808025091,6.003702951464525,4.153542991405825,2.1486200566855134,3.792672109494073,8.978068489736648,60.3253300963226,9.442351022087843,9.225954671852792,2962.9344405957,33112.30773484874,7.067858726213781,5.2034945525684675,1.8270850194327424,0.7837231656520346,Low,0,0,0.6056946120860138,0.7200022181202931,0.6237290485421779,-2.0101834480079033,0.6050620409040082,0.5539314621764868,-0.5637779152871232,-0.22914901677242944,-0.0953232079457115,-0.09292516745590934,-0.6235308993858222,0.5514920012666231,-0.7285459060471434,-0.8740006857173083,0.2502935284824449,-1.0987972149572356,-1.6325116659989423
Kentucky Wesleyan College,Yes,584,497,175,20,49,662,121,8000,4150,500,1300,57.0,65,11.3,32,7058,62,5.084707350320899,5.031006775089277,3.543871001804299,4.170730633321285,3.4592655426425227,5.946562292895499,60.68165182108199,9.442351022087843,9.432165418805424,1810.795332056283,24468.81775259251,5.561395109609361,8.821390068071972,1.8281883242526134,5.084707350320899,5.031006775089277,3.543871001804299,4.170730633321285,3.4592655426425227,5.946562292895499,60.68165182108199,9.442351022087843,9.432165418805424,1810.795332056283,24468.81775259251,5.561395109609361,8.821390068071972,1.8281883242526134,0.851027397260274,Low,0,1,-0.9886347244110868,-0.9086601612572999,-1.0874988881911094,-0.26074560260699386,-1.185953481483404,-0.6166368948572631,-0.5254933800984002,-0.22914901677242944,0.1579982604829097,-1.0581997323364798,-1.0947584403093151,-0.6792077728800088,0.808539510579746,-0.4842305462627455,0.7081167043639434,-1.0987972149572356,0.6125530498969481
Kenyon College,Yes,2212,1538,408,44,75,1445,1,19240,3690,750,480,95.0,95,11.1,46,14067,88,5.877139600219463,5.73153307738264,3.8953244952318107,5.668515457022506,3.63118785179037,0.7141926941847949,83.01409997590956,10.352802615829257,7.809545102814846,5013.952455197691,65897.48921732574,5.493547832248623,10.790398173053111,1.8328856841760843,5.877139600219463,5.73153307738264,3.8953244952318107,5.668515457022506,3.63118785179037,0.7141926941847949,83.01409997590956,10.352802615829257,7.809545102814846,5013.952455197691,65897.48921732574,5.493547832248623,10.790398173053111,1.8328856841760843,0.6952983725135624,High,2,1,0.29393321473833983,0.2642866046705118,-0.10103887908236638,1.0350695150852658,-0.2624098115544862,-2.6370339802857092,1.873988149721785,1.302507133936391,-1.8353244310995354,1.6254398345940284,1.1638582779526243,-0.7346353504225267,1.6450848531462385,1.175229830837454,-0.35119791795379873,1.8150779933081982,0.6125530498969481
Keuka College,Yes,461,381,174,10,43,738,55,9600,4550,600,750,55.0,94,13.3,43,7863,51,4.935822933477791,4.858130156416085,3.541334686412396,3.0648578681207974,3.4849924771103775,4.80871400713846,64.78508020001863,9.845917647123215,8.52150081906591,1686.8014102927957,64098.054902977776,6.215398629296292,10.398062989232335,1.829044767233937,4.935822933477791,4.858130156416085,3.541334686412396,3.0648578681207974,3.4849924771103775,4.80871400713846,64.78508020001863,9.845917647123215,8.52150081906591,1686.8014102927957,64098.054902977776,6.215398629296292,10.398062989232335,1.829044767233937,0.8264642082429501,Mid,1,1,-1.2296072235823068,-1.1981211994987153,-1.094617820713872,-1.2174962818199055,-1.0477518275373146,-1.0559990837916504,-0.08460572927136699,0.4497726389260374,-0.960715953306189,-1.162083176610684,1.0657563528339236,-0.1449220622273889,1.4783988095896108,-0.18167055173248053,0.54103066925182,0.3581403891754813,0.6125530498969481
King's College,Yes,1456,1053,381,20,45,500,541,10910,5160,400,1795,66.0,72,15.6,37,7649,87,5.636518188162935,5.50268082333851,3.8685552119937228,4.170730633321285,3.3899404419503814,8.349959241407316,67.82114253186087,8.96107520321098,9.983845360421077,2423.7905034076744,31942.302495605825,6.9203320214644535,9.56813346581784,1.8288307127053762,5.636518188162935,5.50268082333851,3.8685552119937228,4.170730633321285,3.3899404419503814,8.349959241407316,67.82114253186087,8.96107520321098,9.983845360421077,2423.7905034076744,31942.302495605825,6.9203320214644535,9.56813346581784,1.8288307127053762,0.7232142857142857,Mid,1,1,-0.09551750311933323,-0.11889888083883796,-0.1761749294580478,-0.26074560260699386,-1.5583586581516218,0.3113969716909649,0.24160013217886947,-1.0388011424180428,0.8357145045581784,-0.544625769857051,-0.6873174824544503,0.4309706158083841,1.1257980885897985,-0.25729069037897634,-0.16130566699430954,0.3581403891754813,0.6125530498969481
King College,Yes,355,300,142,34,65,509,44,8664,3350,600,3000,65.0,68,10.7,25,8954,65,4.768393481820623,4.6999929363909985,3.44996866450167,5.149577531776267,3.394474148450927,4.50259850987007,62.44467620800418,9.845917647123215,10.889588401166522,2351.2286673140156,27520.52043115919,5.356382251004348,7.666103609271758,1.8300107561132515,4.768393481820623,4.6999929363909985,3.44996866450167,5.149577531776267,3.394474148450927,4.50259850987007,62.44467620800418,9.845917647123215,10.889588401166522,2351.2286673140156,27520.52043115919,5.356382251004348,7.666103609271758,1.8300107561132515,0.8450704225352113,Low,0,1,-1.5005952440627206,-1.4629028931967236,-1.3510640603779365,0.5861080901616065,-1.5340041926919143,-1.1742007602630395,-0.3360674638838411,0.4497726389260374,1.9483827844191979,-0.6054188583331771,-0.9283850943804479,-0.8466922550814785,0.31770887154146105,0.1595892827401136,0.667595610487579,-1.0987972149572356,0.6125530498969481
Knox College,Yes,1040,845,286,48,77,967,24,15747,4062,400,800,88.0,95,12.7,33,13224,79,5.437520767826286,5.366954371283831,3.753314615478136,5.850264966480015,3.5463856808464103,3.707761191258194,77.30816635890542,8.96107520321098,8.626435575433408,4302.5631252927,65897.48921732574,6.023602095364745,8.975326246182142,1.8325327190680432,5.437520767826286,5.366954371283831,3.753314615478136,5.850264966480015,3.5463856808464103,3.707761191258194,77.30816635890542,8.96107520321098,8.626435575433408,4302.5631252927,65897.48921732574,6.023602095364745,8.975326246182142,1.8325327190680432,0.8125,High,2,1,-0.41759893194797837,-0.3461564477099289,-0.49963234847473936,1.192310901338738,-0.7179557413393914,-1.4811146683151193,1.2609213587698096,-1.0388011424180428,-0.8318078970334455,1.029430185416124,1.1638582779526243,-0.3016095177954872,0.8739402534841448,1.0505360409563491,0.4460420182607379,1.8150779933081982,0.6125530498969481
La Roche College,Yes,361,321,185,10,41,650,819,8842,4782,600,1100,57.0,73,14.2,14,7022,52,4.779226869583927,4.745014869450281,3.5683525622007775,3.0648578681207974,3.4548748405396816,9.073683263217506,62.9021114905703,9.845917647123215,9.15165023999676,1810.795332056283,33112.30773484874,6.496691212510575,5.444039108195632,1.828146518248252,4.779226869583927,4.745014869450281,3.5683525622007775,3.0648578681207974,3.4548748405396816,9.073683263217506,62.9021114905703,9.845917647123215,9.15165023999676,1810.795332056283,33112.30773484874,6.496691212510575,5.444039108195632,1.828146518248252,0.889196675900277,Mid,1,1,-1.4830611825459588,-1.3875190987484332,-1.018784020524878,-1.2174962818199055,-1.2095397464290156,0.5908516005612497,-0.2869189108906393,0.4497726389260374,-0.18660316336359328,-1.0581997323364798,-0.6235308993858222,0.0848788535167615,-0.6263490551654358,-0.49899956734968265,0.9677553622983834,0.3581403891754813,0.6125530498969481
La Salle University,Yes,2929,1834,622,20,56,2738,1662,12600,5610,450,3160,90.0,90,15.1,9,9084,84,6.034599610303046,5.835825411733524,4.054105783114138,4.170730633321285,3.7516523639445207,10.370706505232022,71.40262722442834,9.213393432273651,10.983140917887837,4500.210363367248,57206.93660181433,6.770871990413645,4.135322577728063,1.8301137851841243,6.034599610303046,5.835825411733524,4.054105783114138,4.170730633321285,3.7516523639445207,10.370706505232022,71.40262722442834,9.213393432273651,10.983140917887837,4500.210363367248,57206.93660181433,6.770871990413645,4.135322577728063,1.8301137851841243,0.6261522703994538,Mid,1,1,0.5487854884276054,0.43891153436616215,0.3446285950496105,-0.26074560260699386,0.3847094494796727,1.091676691079472,0.6264082064916575,-0.6143252338289236,2.063308224830316,1.1950211720584536,0.6900649668386472,0.3088698067143141,-1.18236541463741,0.19598688981904883,-0.8215500386640247,0.3581403891754813,0.6125530498969481
Lafayette College,Yes,4010,2402,572,36,59,2018,226,18730,5740,600,1000,93.0,96,10.5,38,15365,92,6.206971899452935,5.993219662314559,4.02336818220434,5.262121851799814,3.696242861855405,6.910044025813589,82.22600430711323,9.845917647123215,8.993154813797165,4805.090244554321,67728.00439442915,5.287039952492017,9.71106985349749,1.8333697103196744,6.206971899452935,5.993219662314559,4.02336818220434,5.262121851799814,3.696242861855405,6.910044025813589,82.22600430711323,9.845917647123215,8.993154813797165,4805.090244554321,67728.00439442915,5.287039952492017,9.71106985349749,1.8333697103196744,0.599002493765586,High,2,1,0.8277735933283596,0.7024492153786639,0.2583542667515654,0.683476302864234,0.08705700889787003,-0.24460360318556668,1.7893122114682667,0.4497726389260374,-0.3813083118461038,1.4504528230391855,1.263654675854437,-0.9033411845194759,1.186525502100285,1.3462242234014545,-1.0062308033942615,1.8150779933081982,0.6125530498969481
LaGrange College,Yes,544,399,177,15,35,600,363,6987,3585,750,1500,77.0,83,12.5,12,9067,75,5.04030613743642,4.888379244990573,3.5488939937044037,3.6884527234691826,3.4354560344831695,7.677925441537225,57.7963152716757,10.352802615829257,9.675230393594894,3295.568346309384,46295.29542396985,5.958866657838342,4.953607358725779,1.8301004417464979,5.04030613743642,4.888379244990573,3.5488939937044037,3.6884527234691826,3.4354560344831695,7.677925441537225,57.7963152716757,10.352802615829257,9.675230393594894,3295.568346309384,46295.29542396985,5.958866657838342,4.953607358725779,1.8301004417464979,0.7334558823529411,Low,0,1,-1.060499003170907,-1.147472750611707,-1.0734003496129112,-0.6779904542213022,-1.3138549775352149,0.05190170765199078,-0.8355047012763203,1.302507133936391,0.4565936404384389,0.18575910445405372,0.09518189874570733,-0.3544948895129964,-0.8347120348951067,0.19127298532885992,-0.09163931486211319,-1.0987972149572356,0.6125530498969481
Lake Forest College,Yes,979,638,271,31,70,968,20,16880,3970,920,1320,91.0,94,10.7,19,15687,77,5.4012535750902835,5.190617265261041,3.7310987747809166,4.970662962552278,3.5466135945657973,3.4796038469400528,79.24276329493173,10.829694552010155,9.4579757327094,4600.715532505121,64098.054902977776,5.356382251004348,6.5349533390638825,1.8334801273639179,5.4012535750902835,5.190617265261041,3.7310987747809166,4.970662962552278,3.5466135945657973,3.4796038469400528,79.24276329493173,10.829694552010155,9.4579757327094,4600.715532505121,64098.054902977776,5.356382251004348,6.5349533390638825,1.8334801273639179,0.651685393258427,High,2,1,-0.4762981313459134,-0.6414116544671538,-0.5619877918729925,0.4313193649006998,-0.7167314192960618,-1.5692140322425172,1.4687816696259837,2.1047842371849677,0.18970517544918392,1.279225486180553,1.0657563528339236,-0.8466922550814785,-0.16286735762255852,1.3852318176381495,-0.6478662283278471,1.8150779933081982,0.6125530498969481
Lakeland College,Yes,497,452,231,24,47,887,1957,9400,4005,500,1000,49.0,65,17.2,25,4054,57,4.9834317713823,4.969634591349646,3.664161409560808,4.493818501377219,3.5271612816049847,10.681618523429343,64.29802871390395,9.442351022087843,8.993154813797165,1341.4427559604715,24468.81775259251,7.386000605505056,7.666103609271758,1.822907573769344,4.9834317713823,4.969634591349646,3.664161409560808,4.493818501377219,3.5271612816049847,10.681618523429343,64.29802871390395,9.442351022087843,8.993154813797165,1341.4427559604715,24468.81775259251,7.386000605505056,7.666103609271758,1.822907573769344,0.9094567404426559,Mid,1,1,-1.152551337575268,-1.0114204776075368,-0.7498676540441811,0.018775285270126344,-0.8212266450144728,1.2117304685391774,-0.13693635764231063,-0.22914901677242944,-0.3813083118461038,-1.451428380082673,-1.0947584403093151,0.8113968105662229,0.31770887154146105,-2.349788291700049,1.1055702792912185,0.3581403891754813,0.6125530498969481
Lamar University,No,2336,1725,1043,10,27,5438,4058,4752,3040,508,1463,48.0,82,18.4,12,5879,26,5.907982789828908,5.799665881586068,4.235128851886713,3.0648578681207974,3.863511038511884,12.124042678991929,50.27853745610588,9.477113729566128,9.632621871009855,1287.7609688263303,44852.305090025206,7.723726362558781,4.953607358725779,1.8266196844031335,5.907982789828908,5.799665881586068,4.235128851886713,3.0648578681207974,3.863511038511884,12.124042678991929,50.27853745610588,9.477113729566128,9.632621871009855,1287.7609688263303,44852.305090025206,7.723726362558781,4.953607358725779,1.8266196844031335,0.7384417808219178,Low,0,0,0.3438535532142714,0.3783667642339389,0.8527243215390043,-1.2174962818199055,0.9855993010374895,1.7686998310567517,-1.6432427911038037,-0.17066758284401723,0.4042508131691322,-1.4964035600187222,0.01651265888576715,1.0873005949977204,-0.8347120348951067,-1.038391972800562,-0.05772376724875687,-1.0987972149572356,-1.6325116659989423
Lambuth University,Yes,831,538,224,15,35,840,325,5170,3430,600,1590,61.0,61,16.1,10,5531,60,5.302106653563778,5.081962087499551,3.6510761634657274,3.6884527234691826,3.5148532680858997,7.495833699687483,51.83882701869997,9.845917647123215,9.774942085844714,2072.1143548522737,20740.590958343037,7.067858726213781,4.421054272265976,1.8260604240958955,5.302106653563778,5.081962087499551,3.6510761634657274,3.6884527234691826,3.5148532680858997,7.495833699687483,51.83882701869997,9.845917647123215,9.774942085844714,2072.1143548522737,20740.590958343037,7.067858726213781,4.421054272265976,1.8260604240958955,0.6474127557160048,Low,0,1,-0.6367694685883555,-0.8233416390222238,-0.7865953355825228,-0.6779904542213022,-0.8873436488593621,-0.01841014963814778,-1.475599460616258,0.4497726389260374,0.5790853760705746,-0.8392638380900032,-1.2980146652677276,0.5514920012666231,-1.060970526681064,-1.2359647233383817,-0.6769299653666755,-1.0987972149572356,0.6125530498969481
Lander University,No,1166,1009,510,9,33,2074,341,4938,2987,528,1702,67.0,77,17.0,11,6119,51,5.505702524676692,5.476516650982362,3.980635745729911,2.91344153033716,3.701366297255258,7.574752195429178,50.98352389326248,9.5619757966002,9.891970306151988,2497.466346891243,38057.447169980325,7.328788144787452,4.693250809609002,1.8269764955490124,5.505702524676692,5.476516650982362,3.980635745729911,2.91344153033716,3.701366297255258,7.574752195429178,50.98352389326248,9.5619757966002,9.891970306151988,2497.466346891243,38057.447169980325,7.328788144787452,4.693250809609002,1.8269764955490124,0.8653516295025729,Low,0,0,-0.307245352342396,-0.16270763041448114,0.13841282225857326,-1.348494791392716,0.11457941919631885,0.012062984144719157,-1.5674964186952183,-0.02790380734172826,0.7228497581599171,-0.48289935398096173,-0.3539307841170397,0.764657306400675,-0.9453261344609437,-0.912339473451889,0.8055543444726024,-1.0987972149572356,-1.6325116659989423
Lawrence University,Yes,1243,947,324,50,77,1129,74,17163,3891,525,975,76.0,92,10.1,57,13965,77,5.543582877098518,5.437500647500728,3.804062853042361,5.936705135542433,3.579971963788785,5.2267123709420895,79.71258785347585,9.549427133265993,8.951240694621537,3210.7343245943,60591.59251052614,5.146772495880893,12.125143413434488,1.8328447306039846,5.543582877098518,5.437500647500728,3.804062853042361,5.936705135542433,3.579971963788785,5.2267123709420895,79.71258785347585,9.549427133265993,8.951240694621537,3210.7343245943,60591.59251052614,5.146772495880893,12.125143413434488,1.8328447306039846,0.7618664521319388,High,2,1,-0.24593522072403393,-0.2280352204755421,-0.35719214564265944,1.2670949932019226,-0.537534717671097,-0.8945956011036518,1.5192613726422803,-0.04901447100702777,-0.4327980929286642,0.11468424657347391,0.8745903245365926,-1.0179321545692772,2.212159671949247,1.1607619528575905,0.10161773560886084,1.8150779933081982,0.6125530498969481
Le Moyne College,Yes,1470,1199,425,21,76,1820,558,11040,4840,400,900,89.0,92,13.3,28,8118,94,5.642106730661525,5.581798263440471,3.9111513243894356,4.255852904198828,3.67663401187616,8.403058775895865,68.10908375075591,8.96107520321098,8.819245343756174,4400.82631344925,60591.59251052614,6.215398629296292,8.179318836422599,1.8292883896742702,5.642106730661525,5.581798263440471,3.9111513243894356,4.255852904198828,3.67663401187616,8.403058775895865,68.10908375075591,8.96107520321098,8.819245343756174,4400.82631344925,60591.59251052614,6.215398629296292,8.179318836422599,1.8292883896742702,0.8156462585034013,Mid,1,1,-0.08647233183032574,0.013573726102935677,-0.056616119522534834,-0.18710169614595554,-0.01827911276475788,0.3319005203593745,0.2725376107581363,-1.0388011424180428,-0.5949489827396871,1.1117561437041261,0.8745903245365926,-0.1449220622273889,0.5357515534995189,-0.0956048055916601,0.4674437938363918,0.3581403891754813,0.6125530498969481
Lebanon Valley College,Yes,1386,1060,320,28,56,965,502,13850,4755,400,1125,84.0,84,12.3,30,8196,85,5.607682145375703,5.506735295549032,3.799052734023705,4.777728697775314,3.5459289906564875,8.222145717338254,73.85301989484749,8.96107520321098,9.18918471405435,3920.713741190657,47766.80550904597,5.893715394744267,8.50587730878895,1.8293605655433782,5.607682145375703,5.506735295549032,3.799052734023705,4.777728697775314,3.5459289906564875,8.222145717338254,73.85301989484749,8.96107520321098,9.18918471405435,3920.713741190657,47766.80550904597,5.893715394744267,8.50587730878895,1.8293605655433782,0.7647907647907648,Mid,1,1,-0.14218923306921671,-0.11211015634511483,-0.3712545526046162,0.26440143846515807,-0.720409020009928,0.26204379305253284,0.8896875349698704,-1.0388011424180428,-0.14049359717716683,0.7095126551829224,0.17540598418550252,-0.40771996836088487,0.6744919519989533,-0.07010686697957709,0.12150977028102074,0.3581403891754813,0.6125530498969481
Lehigh University,Yes,6397,4304,1092,40,84,4298,132,18700,5580,750,1130,96.0,99,12.5,43,14665,91,6.456009048906349,6.323477285106334,4.250514634760477,5.473292195405891,3.8270412212860414,6.0774605764085745,82.17920894724425,10.352802615829257,9.196598823689586,5120.066987885137,73408.11248759447,5.958866657838342,10.398062989232335,1.833116885344993,6.456009048906349,6.323477285106334,4.250514634760477,5.473292195405891,3.8270412212860414,6.0774605764085745,82.17920894724425,10.352802615829257,9.196598823689586,5120.066987885137,73408.11248759447,5.958866657838342,10.398062989232335,1.833116885344993,0.6728153822104112,High,2,1,1.2308453557244505,1.2554257550295578,0.8959091519579087,0.8661712529818544,0.7896883165390992,-0.5660925849593976,1.78428434345718,1.302507133936391,-0.13138566673394933,1.7143437339653733,1.5733239615731247,-0.3544948895129964,1.4783988095896108,1.2569074508610425,-0.5041338296779814,1.8150779933081982,0.6125530498969481
Lenoir-Rhyne College,Yes,979,743,259,25,46,1188,166,10100,4000,400,1000,88.0,92,12.0,20,8539,66,5.4012535750902835,5.286651368349719,3.7122803908794877,4.568038251472815,3.59077141774612,6.427325383330498,65.97422438079604,8.96107520321098,8.993154813797165,4302.5631252927,60591.59251052614,5.795189080826134,6.734949707633466,1.8296658030839532,5.4012535750902835,5.286651368349719,3.7122803908794877,4.568038251472815,3.59077141774612,6.427325383330498,65.97422438079604,8.96107520321098,8.993154813797165,4302.5631252927,60591.59251052614,5.795189080826134,6.734949707633466,1.8296658030839532,0.7589376915219612,Mid,1,1,-0.4762981313459134,-0.4806141365611517,-0.6148072502137705,0.08298682799864276,-0.47952149419578455,-0.43099780182840153,0.043160357020957926,-1.0388011424180428,-0.3813083118461038,1.029430185416124,0.8745903245365926,-0.4882106691982931,-0.07789765626183243,0.0377259609152504,0.08169544466493703,0.3581403891754813,0.6125530498969481
Lesley College,Yes,244,198,82,12,33,1134,336,11700,5300,550,805,71.0,88,27.8,18,8694,58,4.522668307095147,4.41901932697527,3.1889654991928937,3.3372059894156245,3.5809135818379034,7.550459323900732,69.53758240366852,9.65214536925229,8.636592683195401,2803.316583884286,53942.39364317825,10.109223747055754,6.329553707860191,1.8297976097125135,4.522668307095147,4.41901932697527,3.1889654991928937,3.3372059894156245,3.5809135818379034,7.550459323900732,69.53758240366852,9.65214536925229,8.636592683195401,2803.316583884286,53942.39364317825,10.109223747055754,6.329553707860191,1.8297976097125135,0.8114754098360656,Mid,1,1,-1.8983065070572906,-1.933359299182218,-2.0836480000536137,-0.9818731086748947,-0.5324764713442256,0.0026826745341645736,0.4260208343292104,0.12378880488361321,-0.8193303055825656,-0.22665472844581655,0.5120879513281108,3.0361236929927387,-0.2501326687269887,0.08428996305654499,0.43907245465945055,0.3581403891754813,0.6125530498969481
LeTourneau University,Yes,477,417,204,29,54,1532,77,8840,4240,600,1400,58.0,70,20.8,23,6863,56,4.957457201713225,4.9172051202687035,3.61092919905037,4.843751032487945,3.642921682918872,5.283633346275289,62.89700553013714,9.845917647123215,9.557721089085858,1874.458100634458,29680.22624897121,8.3731666670421,7.306201546172464,1.8279578451330967,4.957457201713225,4.9172051202687035,3.61092919905037,4.843751032487945,3.642921682918872,5.283633346275289,62.89700553013714,9.845917647123215,9.557721089085858,1874.458100634458,29680.22624897121,8.3731666670421,7.306201546172464,1.8279578451330967,0.8742138364779874,Mid,1,1,-1.1945917142699614,-1.099207300660961,-0.8992798745712642,0.32152095127645364,-0.19937723878102648,-0.8726164632592459,-0.2874675143248177,0.4497726389260374,0.3122382660840021,-1.0048623785543536,-0.8106418143240208,1.6178584041872253,0.16480224108923644,-0.5656530842027924,0.8658376824716167,0.3581403891754813,0.6125530498969481
Lewis and Clark College,Yes,2774,2092,482,35,64,1763,59,15800,4790,450,950,75.0,98,12.3,21,12999,69,6.004359458503802,5.912979831722811,3.9593242120303085,5.206477408178991,3.670502199191177,4.90648750553438,77.40066726951464,9.213393432273651,8.90831952942552,3127.017536070735,71483.10904926102,5.893715394744267,6.929932557777247,1.8324325860021042,6.004359458503802,5.912979831722811,3.9593242120303085,5.206477408178991,3.670502199191177,4.90648750553438,77.40066726951464,9.213393432273651,8.90831952942552,3127.017536070735,71483.10904926102,5.893715394744267,6.929932557777247,1.8324325860021042,0.7541456380677721,High,2,1,0.49984117908420433,0.5680973009921968,0.07859558862573325,0.635335268105144,-0.05121839108457204,-1.0182453877912883,1.2708600016342009,-0.6143252338289236,-0.48552498885819567,0.044545418704219096,1.4683762334705521,-0.40771996836088487,0.004942020606680277,1.0151615203595923,0.04909848784711079,1.8150779933081982,0.6125530498969481
Lewis University,Yes,1154,1050,395,12,31,2192,1423,10560,4520,500,1200,36.0,48,14.3,10,7701,61,5.499558071712642,5.500934360822756,3.8826992412559913,3.3372059894156245,3.7116303747746393,10.079317747155208,67.03454039326918,9.442351022087843,9.297325805521908,729.7656344596887,11132.909264168271,6.52749595239785,4.421054272265976,1.8288835688305856,5.499558071712642,5.500934360822756,3.8826992412559913,3.3372059894156245,3.7116303747746393,10.079317747155208,67.03454039326918,9.442351022087843,9.297325805521908,729.7656344596887,11132.909264168271,6.52749595239785,4.421054272265976,1.8288835688305856,0.9098786828422877,Mid,1,1,-0.3171902761845416,-0.12182312158891674,-0.13647545429044783,-0.9818731086748947,0.1697166719918971,0.9791615129295811,0.15708466438140758,-0.22914901677242944,-0.007646689375954711,-1.9638980661890433,-1.8218082056103093,0.11004466967325688,-1.060970526681064,-0.23861793655535146,1.1084404555761647,0.3581403891754813,0.6125530498969481
Lincoln Memorial University,Yes,787,562,363,21,55,925,605,5950,2890,600,1300,67.0,72,14.6,35,5177,53,5.268937158816519,5.109899143918453,3.849462742456408,4.255852904198828,3.5365453882147238,8.542529942454983,54.54186490774358,9.845917647123215,9.432165418805424,2497.466346891243,31942.302495605825,6.61939203611697,9.276119865145814,1.8254329220779735,5.268937158816519,5.109899143918453,3.849462742456408,4.255852904198828,3.5365453882147238,8.542529942454983,54.54186490774358,9.845917647123215,9.432165418805424,2497.466346891243,31942.302495605825,6.61939203611697,9.276119865145814,1.8254329220779735,0.7141041931385006,Low,0,1,-0.6904549799062827,-0.7765644090041405,-0.22976369162971375,-0.18710169614595554,-0.7708164783507059,0.3857551139811216,-1.1851749874819841,0.4497726389260374,0.1579982604829097,-0.48289935398096173,-0.6873174824544503,0.18511882893705714,1.0017342937327451,-1.4576455722103199,-0.223275195743967,-1.0987972149572356,0.6125530498969481
Lincoln University,No,1660,1091,326,15,41,1196,33,4818,3400,350,1400,71.0,72,12.6,8,10912,45,5.712756072035492,5.524353085902178,3.8065412385697557,3.6884527234691826,3.59218534617599,4.118552705876455,50.53073532213084,8.679599645871866,9.557721089085858,2803.316583884286,31942.302495605825,5.991285805830951,3.8339176338051995,1.831356385341858,5.712756072035492,5.524353085902178,3.8065412385697557,3.6884527234691826,3.59218534617599,4.118552705876455,50.53073532213084,8.679599645871866,9.557721089085858,2803.316583884286,31942.302495605825,5.991285805830951,3.8339176338051995,1.831356385341858,0.6572289156626506,Low,0,0,0.027875084216752014,-0.08261129220558824,-0.35023581072026044,-0.6779904542213022,-0.4719260596206487,-1.3224939968973393,-1.6161457116796594,-1.5123285343587667,0.3122382660840021,-0.22665472844581655,-0.6873174824544503,-0.3280101887390996,-1.310419180097965,0.6349666060707768,-0.6101575587237623,-1.0987972149572356,-1.6325116659989423
Lindenwood College,Yes,810,484,356,6,33,2155,191,9200,4800,1000,4200,65.0,85,24.1,9,3480,100,5.286516904885965,5.01390716494523,3.8417408853366646,2.3713672987497,3.7084859232964917,6.645128475900019,63.8041209202631,11.027920112452334,11.501784717480946,2351.2286673140156,49267.05353907696,9.217649555070158,4.135322577728063,1.8211523643108385,5.286516904885965,5.01390716494523,3.8417408853366646,2.3713672987497,3.7084859232964917,6.645128475900019,63.8041209202631,11.027920112452334,11.501784717480946,2351.2286673140156,49267.05353907696,9.217649555070158,4.135322577728063,1.8211523643108385,0.5975308641975309,Mid,1,1,-0.6620017983378326,-0.9372913951616155,-0.2514374077461519,-1.8174726933497243,0.15282509885961418,-0.34689656908421745,-0.19000365326790278,2.438259845296428,2.7004409196384374,-0.6054188583331771,0.25719681074029643,2.307755516942878,-1.18236541463741,-2.969860118716721,-1.0162412604854265,0.3581403891754813,0.6125530498969481
Linfield College,Yes,1561,1188,458,48,72,1548,840,13380,4210,500,900,89.0,91,17.8,34,8747,81,5.677095152831587,5.576205831644197,3.939887072680988,5.850264966480015,3.644991218271903,9.118723948936932,72.94941485104066,9.442351022087843,8.819245343756174,4400.82631344925,58884.14428434742,7.556028261153151,9.126868146634914,1.8298418506887244,5.677095152831587,5.576205831644197,3.939887072680988,5.850264966480015,3.644991218271903,9.118723948936932,72.94941485104066,9.442351022087843,8.819245343756174,4400.82631344925,58884.14428434742,7.556028261153151,9.126868146634914,1.8298418506887244,0.7610506085842409,Mid,1,1,-0.029842848966029675,0.004209873856935589,0.02403940688860889,1.192310901338738,-0.18825997142660691,0.608243351743286,0.7926008386150794,-0.22914901677242944,-0.5949489827396871,1.1117561437041261,0.781503315639944,0.9503002630614447,0.9383237726310382,0.09991919910878327,0.09606812787834532,0.3581403891754813,0.6125530498969481
Livingstone College,Yes,900,473,217,22,47,621,11,4400,3400,800,900,53.0,93,10.4,16,9268,92,5.350504979136697,4.99905057444251,3.637511358695893,4.337922600177787,3.4438435059768406,2.7699530690981207,48.89307833520322,10.50211456361832,8.819245343756174,1567.2469311353118,62329.492559452454,5.252173428845612,5.900711370401069,1.8302557850958412,5.350504979136697,4.99905057444251,3.637511358695893,4.337922600177787,3.4438435059768406,2.7699530690981207,48.89307833520322,10.50211456361832,8.819245343756174,1567.2469311353118,62329.492559452454,5.252173428845612,5.900711370401069,1.8302557850958412,0.5255555555555556,Low,0,1,-0.5584357805080343,-0.9621669633249095,-0.8246690428782197,-0.1160987382636973,-1.268798601529773,-1.8432344996760794,-1.7921016868182091,1.553695186961413,-0.5949489827396871,-1.2622472080135945,0.9693375120855497,-0.9318252596102692,-0.4323290036172367,0.24615192526130775,-1.5058384759967054,-1.0987972149572356,0.6125530498969481
Lock Haven University of Pennsylvania,No,3570,2215,651,17,41,3390,325,7352,3620,225,500,47.0,55,16.1,14,6374,63,6.143658203388169,5.946249501689247,4.070653784659081,3.894175451333956,3.7882943411688514,7.495833699687483,58.86581496258584,7.782072682876364,7.873683591318896,1235.1859679309478,15846.888812540607,7.067858726213781,5.444039108195632,1.82733269481129,6.143658203388169,5.946249501689247,4.070653784659081,3.894175451333956,3.7882943411688514,7.495833699687483,58.86581496258584,7.782072682876364,7.873683591318896,1235.1859679309478,15846.888812540607,7.067858726213781,5.444039108195632,1.82733269481129,0.6204481792717087,Low,0,0,0.725299070500554,0.6238033489490878,0.39107554197154487,-0.5000085327852752,0.5815452544833654,-0.01841014963814778,-0.7205936652494651,-3.0222415300072885,-1.756532921293452,-1.5404514625130847,-1.5648105119584117,0.5514920012666231,-0.6263490551654358,-0.7865031373541418,-0.8603509439447266,-1.0987972149572356,-1.6325116659989423
Longwood College,No,2747,1870,724,12,47,2874,118,7920,3962,550,2200,74.0,80,18.4,23,5553,62,5.998906663234968,5.847264989297652,4.108797776837829,3.3372059894156245,3.7601194860972553,5.908990368191804,60.462831235077886,9.65214536925229,10.338539475874114,3044.4176772221554,42051.00625139571,7.723726362558781,7.306201546172464,1.8260973737202586,5.998906663234968,5.847264989297652,4.108797776837829,3.3372059894156245,3.7601194860972553,5.908990368191804,60.462831235077886,9.65214536925229,10.338539475874114,3044.4176772221554,42051.00625139571,7.723726362558781,7.306201546172464,1.8260973737202586,0.6807426283218057,Low,0,0,0.49101571748613426,0.4580657266691436,0.4981381365274651,-0.9818731086748947,0.43019369818149905,-0.6311447016421636,-0.5490042800597993,0.12378880488361321,1.271441718087908,-0.024657633443134833,-0.13620911968157937,1.0873005949977204,0.16480224108923644,-1.222911340464126,-0.4502103704245131,-1.0987972149572356,-1.6325116659989423
Loras College,Yes,1641,1283,527,20,39,1663,170,11200,4000,500,1200,61.0,62,14.2,24,7578,70,5.706092131187281,5.622775235475858,3.9929262468910656,4.170730633321285,3.6591376292786486,6.464097276055984,68.460431319916,9.442351022087843,9.297325805521908,2072.1143548522737,21636.86172344196,6.496691212510575,7.488071014907595,1.8287576421914211,5.706092131187281,5.622775235475858,3.9929262468910656,4.170730633321285,3.6591376292786486,6.464097276055984,68.460431319916,9.442351022087843,9.297325805521908,2072.1143548522737,21636.86172344196,6.496691212510575,7.488071014907595,1.8287576421914211,0.7818403412553321,Mid,1,1,0.017089358520457936,0.08218472139186576,0.17290981293903185,-0.26074560260699386,-0.11226734195199056,-0.4167989147875154,0.31028770411566187,-0.22914901677242944,-0.007646689375954711,-0.8392638380900032,-1.2491515938109201,0.0848788535167615,0.24207061628816592,-0.2831046847541936,0.23748600324476013,0.3581403891754813,0.6125530498969481
Louisiana College,Yes,2013,1053,212,33,61,912,158,5150,3036,500,1655,64.0,74,10.5,11,7547,59,5.823539647178102,5.50268082333851,3.6275099949380714,5.091356782638988,3.5333887423781376,6.351300557448836,51.76609940131359,9.442351022087843,9.843755385948933,2279.780490462643,34308.59715981074,5.287039952492017,4.693250809609002,1.828725406090526,5.823539647178102,5.50268082333851,3.6275099949380714,5.091356782638988,3.5333887423781376,6.351300557448836,51.76609940131359,9.442351022087843,9.843755385948933,2279.780490462643,34308.59715981074,5.287039952492017,4.693250809609002,1.828725406090526,0.5230998509687034,Low,0,1,0.20718058532482847,-0.11889888083883796,-0.8527408804559998,0.5357381533712033,-0.7877735579469295,-0.46035359058410474,-1.4834135871023741,-0.22914901677242944,0.6636197007235204,-0.6652789110911722,-0.558311349746167,-0.9033411845194759,-0.9453261344609437,-0.2944928970732692,-1.522542900757448,-1.0987972149572356,0.6125530498969481
Louisiana State University at Baton Rouge,No,5996,4993,3079,29,57,16269,3757,5925,2980,600,2242,83.0,87,15.9,11,6741,37,6.42199798896818,6.405425545454271,4.570155442573727,4.843751032487945,4.0106310593795165,11.967289442607102,54.45896216930024,9.845917647123215,10.37177935314479,3828.050899130615,52354.631663757325,7.0090747632262,4.693250809609002,1.8278084443724032,6.42199798896818,6.405425545454271,4.570155442573727,4.843751032487945,4.0106310593795165,11.967289442607102,54.45896216930024,9.845917647123215,10.37177935314479,3828.050899130615,52354.631663757325,7.0090747632262,4.693250809609002,1.8278084443724032,0.8327218145430287,Low,0,0,1.1757977537890567,1.3926382288993406,1.7930772839685774,0.32152095127645364,1.7759083927753594,1.7081720384479462,-1.1940823669276766,0.4497726389260374,1.3122755477744323,0.6318787272247831,0.4255260215207906,0.5034686642441683,-0.9453261344609437,-0.6184326554339986,0.5835967475096299,-1.0987972149572356,-1.6325116659989423
Louisiana Tech University,No,2397,2144,1525,22,45,6720,1822,3957,2325,618,1656,66.0,77,20.0,13,4546,45,5.922516960748124,5.927293916476384,4.359193967456887,4.337922600177787,3.894753399624659,10.545065196329556,47.04175008663484,9.9122360242563,9.84479436840988,2423.7905034076744,38057.447169980325,8.160288869218032,5.2034945525684675,1.8241322735346484,5.922516960748124,5.927293916476384,4.359193967456887,4.337922600177787,3.894753399624659,10.545065196329556,47.04175008663484,9.9122360242563,9.84479436840988,2423.7905034076744,38057.447169980325,8.160288869218032,5.2034945525684675,1.8241322735346484,0.8944513975803087,Low,0,0,0.3673774085918011,0.5920645087386516,1.2009504092693688,-0.1160987382636973,1.1534290898668356,1.1590025526545757,-1.9910152993015726,0.5613402949542899,0.6648960481814892,-0.544625769857051,-0.3539307841170397,1.4439486895314966,-0.7285459060471434,-1.917132338680253,1.0034995244474834,-1.0987972149572356,-1.6325116659989423
Loyola College,Yes,4076,3137,738,25,54,3010,184,12990,6300,600,900,86.0,88,14.7,27,9448,80,6.21582164913502,6.146062554155925,4.115604924073337,4.568038251472815,3.7681116180768512,6.586887584019639,72.18364959192127,9.845917647123215,8.819245343756174,4109.398290283845,53942.39364317825,6.649854000037834,8.01153343199436,1.8303905524602362,6.21582164913502,6.146062554155925,4.115604924073337,4.568038251472815,3.7681116180768512,6.586887584019639,72.18364959192127,9.845917647123215,8.819245343756174,4109.398290283845,53942.39364317825,6.649854000037834,8.01153343199436,1.8303905524602362,0.7696270853778214,Mid,1,1,0.8420970957012048,0.9583661953599649,0.517244444046156,0.08298682799864276,0.4731263631484685,-0.369385371908251,0.7103241628697132,0.4497726389260374,-0.5949489827396871,0.8675946043813189,0.5120879513281108,0.21000461555961872,0.464466880638092,0.2937618817013635,0.1544078451544627,0.3581403891754813,0.6125530498969481
Loyola Marymount University,Yes,3768,2662,753,42,64,3558,436,13592,5916,545,1328,84.0,88,14.2,10,11677,84,6.173130222158432,6.0523993318738745,4.122734719384956,5.572727488079942,3.796355951214295,7.98361496338935,73.35953799028947,9.631932213449932,9.46819857488585,3920.713741190657,53942.39364317825,6.496691212510575,4.421054272265976,1.8317852161316373,6.173130222158432,6.0523993318738745,4.122734719384956,5.572727488079942,3.796355951214295,7.98361496338935,73.35953799028947,9.631932213449932,9.46819857488585,3920.713741190657,53942.39364317825,6.496691212510575,4.421054272265976,1.8317852161316373,0.7064755838641189,Mid,1,1,0.7730001406949937,0.8015384312882288,0.5372563605004562,0.9521981331052524,0.6248511463353771,0.1699389004275611,0.8366659984559034,0.08978413662586285,0.2022635189396289,0.7095126551829224,0.5120879513281108,0.0848788535167615,-1.060970526681064,0.7864618535530005,-0.27516723941048915,0.3581403891754813,0.6125530498969481
Loyola University,Yes,1891,1698,719,24,80,2740,761,11100,5870,600,750,77.0,88,11.7,14,9456,53,5.787787778854689,5.790330727649551,4.106329723219984,4.493818501377219,3.7517805701668725,8.943573616462368,68.24122867861296,9.845917647123215,8.52150081906591,3295.568346309384,53942.39364317825,5.695675107569281,5.444039108195632,1.8303964501393442,5.787787778854689,5.790330727649551,4.106329723219984,4.493818501377219,3.7517805701668725,8.943573616462368,68.24122867861296,9.845917647123215,8.52150081906591,3295.568346309384,53942.39364317825,5.695675107569281,5.444039108195632,1.8303964501393442,0.8979375991538868,Mid,1,1,0.14931544911643896,0.36273617537035274,0.49121080121889704,0.018775285270126344,0.3853981561733262,0.5406118103226208,0.2867357547078783,0.4497726389260374,-0.960715953306189,0.18575910445405372,0.5120879513281108,-0.5695082346102578,-0.6263490551654358,0.29584538497894386,1.0272136927551896,0.3581403891754813,0.6125530498969481
Loyola University Chicago,Yes,3579,2959,868,25,55,5244,3417,11500,5330,700,2000,75.0,95,6.2,15,13009,65,6.145035521850607,6.1128622123217875,4.172466732269388,4.568038251472815,3.858001931266197,11.77577907020015,69.11042156409971,10.194537490294326,10.171715522398618,3127.017536070735,65897.48921732574,3.641451111657593,5.67618042622164,1.8324370930158744,6.145035521850607,6.1128622123217875,4.172466732269388,4.568038251472815,3.858001931266197,11.77577907020015,69.11042156409971,10.194537490294326,10.171715522398618,3127.017536070735,65897.48921732574,3.641451111657593,5.67618042622164,1.8324370930158744,0.8267672534227438,Mid,1,1,0.7275282888370719,0.902776228995302,0.6768442229073248,0.08298682799864276,0.9560051131224219,1.6342233253571001,0.3801250804153572,1.0362571162148249,1.0665053144911143,0.044545418704219096,1.1638582779526243,-2.2476987862769064,-0.5277223720549751,1.016753736177101,0.5430920716827448,0.3581403891754813,0.6125530498969481
Luther College,Yes,1549,1392,587,38,72,2269,85,13240,3560,600,400,73.0,85,13.8,38,8949,77,5.6726084086955035,5.67186437162515,4.032905469826557,5.369882157677974,3.717971573835198,5.426171467690953,72.67623300864119,9.845917647123215,7.525479560116736,2962.9344405957,49267.05353907696,6.372586736365998,9.71106985349749,1.8300067474114867,5.6726084086955035,5.67186437162515,4.032905469826557,5.369882157677974,3.717971573835198,5.426171467690953,72.67623300864119,9.845917647123215,7.525479560116736,2962.9344405957,49267.05353907696,6.372586736365998,9.71106985349749,1.8300067474114867,0.8986442866365397,Mid,1,1,-0.03710473688243375,0.16437855665543977,0.285123534978017,0.7767056047201572,0.20378074593998402,-0.8175776133390084,0.7632491624989939,0.4497726389260374,-2.184287331771188,-0.09292516745590934,0.25719681074029643,-0.01650783055462927,1.186525502100285,0.1581731081546859,1.0320207888312147,0.3581403891754813,0.6125530498969481
Lycoming College,Yes,1286,1005,363,16,37,1363,74,13900,4300,500,900,75.0,81,14.0,32,8024,72,5.563656429440773,5.4740778264903005,3.849462742456408,3.793745093657405,3.6193118138179314,5.2267123709420895,73.94795576591089,9.442351022087843,8.819245343756174,3127.017536070735,43437.61538665517,6.434817764376509,8.821390068071972,1.8291999742680047,5.563656429440773,5.4740778264903005,3.849462742456408,3.793745093657405,3.6193118138179314,5.2267123709420895,73.94795576591089,9.442351022087843,8.819245343756174,3127.017536070735,43437.61538665517,6.434817764376509,8.821390068071972,1.8291999742680047,0.78149300155521,Mid,1,1,-0.2134457622721483,-0.1667911477517525,-0.22976369162971375,-0.5868962977653778,-0.32620630048978155,-0.8945956011036518,0.8998877990678651,-0.22914901677242944,-0.5949489827396871,0.044545418704219096,-0.06061368145330422,0.03433157324728856,0.808539510579746,-0.12683976859495388,0.23512329646065694,0.3581403891754813,0.6125530498969481
Lynchburg College,Yes,1756,1500,366,3,21,1524,280,12450,5400,450,870,62.0,66,12.4,24,8832,70,5.7452207968124105,5.716605518452602,3.852719698574734,1.594012467366829,3.6418770106236016,7.253221475371824,71.09800623323157,9.213393432273651,8.763575693581457,2140.223695713882,25461.318422189914,5.92634355842144,7.488071014907595,1.8299119465943583,5.7452207968124105,5.716605518452602,3.852719698574734,1.594012467366829,3.6418770106236016,7.253221475371824,71.09800623323157,9.213393432273651,8.763575693581457,2140.223695713882,25461.318422189914,5.92634355842144,7.488071014907595,1.8299119465943583,0.8542141230068337,Mid,1,1,0.0804199108028932,0.23929220843890267,-0.22062206401116932,-2.490004639445861,-0.20498907874658548,-0.11209103774235463,0.593678590960717,-0.6143252338289236,-0.6633368710411951,-0.7822010981159766,-1.0406490873905974,-0.38106451301120514,0.24207061628816592,0.12468233838094885,0.7297937500279595,0.3581403891754813,0.6125530498969481
Lyndon State College,No,535,502,223,6,20,959,150,7320,4640,500,600,48.0,65,12.6,15,7114,51,5.029833451063336,5.037456683065046,3.6491684481169804,2.3713672987497,3.5445519702750508,6.271695163837354,58.77346489154434,9.442351022087843,8.162552350641706,1287.7609688263303,24468.81775259251,5.991285805830951,5.67618042622164,1.8282527062389191,5.029833451063336,5.037456683065046,3.6491684481169804,2.3713672987497,3.5445519702750508,6.271695163837354,58.77346489154434,9.442351022087843,8.162552350641706,1287.7609688263303,24468.81775259251,5.991285805830951,5.67618042622164,1.8282527062389191,0.9383177570093458,Low,0,0,-1.0774492620486895,-0.8978605686139643,-0.7919499128893209,-1.8174726933497243,-0.7278061894810834,-0.49109195915742826,-0.7305161013480684,-0.22914901677242944,-1.4016694654541817,-1.4964035600187222,-1.0947584403093151,-0.3280101887390996,-0.5277223720549751,-0.46148599251041705,1.3018914012771496,-1.0987972149572356,-1.6325116659989423
Macalester College,Yes,2939,1496,452,56,86,1723,113,15909,4772,500,700,85.0,91,11.9,37,14213,77,6.036491251343651,5.715010713156269,3.93484370531029,6.180642261153285,3.666053014055774,5.844402200559573,77.59026621397618,9.442351022087843,8.409880082919223,4014.4961141771587,58884.14428434742,5.7621291159934716,9.56813346581784,1.8329435134916523,6.036491251343651,5.715010713156269,3.93484370531029,6.180642261153285,3.666053014055774,5.844402200559573,77.59026621397618,9.442351022087843,8.409880082919223,4014.4961141771587,58884.14428434742,5.7621291159934716,9.56813346581784,1.8329435134916523,0.5090166723375298,High,2,1,0.5518471484639919,0.23662189940340334,0.009883678419619842,1.4781382686650963,-0.07511881906573298,-0.6560844049974996,1.291231219431499,-0.22914901677242944,-1.0978374622751548,0.7880845382194887,0.781503315639944,-0.5152188828746125,1.1257980885897985,1.1956594890674663,-1.6183408233154262,1.8150779933081982,0.6125530498969481
MacMurray College,Yes,740,558,177,12,29,628,63,9620,3750,550,950,49.0,55,10.8,33,10642,59,5.231234207899039,5.105332530781726,3.5488939937044037,3.3372059894156245,3.446562868969636,4.998474400847244,64.83341741536502,9.65214536925229,8.90831952942552,1341.4427559604715,15846.888812540607,5.390861215980252,8.975326246182142,1.8311937839970884,5.231234207899039,5.105332530781726,3.5488939937044037,3.3372059894156245,3.446562868969636,4.998474400847244,64.83341741536502,9.65214536925229,8.90831952942552,1341.4427559604715,15846.888812540607,5.390861215980252,8.975326246182142,1.8311937839970884,0.754054054054054,Mid,1,1,-0.7514779835312293,-0.7842106516825832,-1.0734003496129112,-0.9818731086748947,-1.2541905469341632,-0.9827260974044782,-0.0794121985566639,0.12378880488361321,-0.48552498885819567,-1.451428380082673,-1.5648105119584117,-0.8185247945859512,0.8739402534841448,0.5775235969541024,0.04847550645324447,0.3581403891754813,0.6125530498969481
Malone College,Yes,874,758,428,21,46,1605,246,9858,3700,450,1200,42.0,45,17.6,16,4796,55,5.332750635850973,5.299175162116917,3.9138684134801123,4.255852904198828,3.652157366233632,7.045078403161985,65.40362880357578,9.213393432273651,9.297325805521908,988.8958068635002,9420.178727194447,7.499616508461935,5.900711370401069,1.8246791000956415,5.332750635850973,5.299175162116917,3.9138684134801123,4.255852904198828,3.652157366233632,7.045078403161985,65.40362880357578,9.213393432273651,9.297325805521908,988.8958068635002,9420.178727194447,7.499616508461935,5.900711370401069,1.8246791000956415,0.8672768878718535,Mid,1,1,-0.5871715512718287,-0.4596445550503769,-0.04898979120524064,-0.18710169614595554,-0.14976438222336008,-0.19246220581666326,-0.01814656011795583,-0.6143252338289236,-0.007646689375954711,-1.746796014396346,-1.9151831965988537,0.9042148943004111,-0.4323290036172367,-1.7239521213032634,0.8186505180705277,0.3581403891754813,0.6125530498969481
Manchester College,Yes,1004,802,239,23,63,909,51,10440,3850,525,1450,63.0,72,11.8,20,7940,64,5.416402571724754,5.334437372150576,3.678567982812805,4.417175042264962,3.5326524955440703,4.704334939473199,66.76090951349313,9.549427133265993,9.617414096506403,2209.4456195013977,31942.302495605825,5.728958206066383,6.734949707633466,1.8291196022450664,5.416402571724754,5.334437372150576,3.678567982812805,4.417175042264962,3.5326524955440703,4.704334939473199,66.76090951349313,9.549427133265993,9.617414096506403,2209.4456195013977,31942.302495605825,5.728958206066383,6.734949707633466,1.8291196022450664,0.798804780876494,Mid,1,1,-0.4517791678684149,-0.40060223917581034,-0.7094312701494169,-0.04753313995778422,-0.7917285775512979,-1.096303416295722,0.1276847420146719,-0.04901447100702777,0.38556868420312496,-0.7242062241732836,-0.6873174824544503,-0.5423177327277025,-0.07789765626183243,-0.15523320441133603,0.3528831103630511,0.3581403891754813,0.6125530498969481
Manhattan College,Yes,2432,1730,563,20,63,2578,254,12370,6800,500,1800,92.0,92,13.6,25,10062,79,5.930678098422385,5.801377452854758,4.017506126152991,4.170730633321285,3.7410091619875323,7.096308597458689,70.93455495612933,9.442351022087843,9.988659024785472,4702.342075565505,60591.59251052614,6.309991187296932,7.666103609271758,1.8308219770013903,5.930678098422385,5.801377452854758,4.017506126152991,4.170730633321285,3.7410091619875323,7.096308597458689,70.93455495612933,9.442351022087843,9.988659024785472,4702.342075565505,60591.59251052614,6.309991187296932,7.666103609271758,1.8308219770013903,0.7113486842105263,Mid,1,1,0.38058637822842606,0.381232583800873,0.24190064209296652,-0.26074560260699386,0.32753559086950984,-0.1726804734121903,0.5761167760753406,-0.22914901677242944,0.8416278943466902,1.3643692994630383,0.8745903245365926,-0.06764502846155519,0.31770887154146105,0.4461734370042862,-0.24201897779794065,0.3581403891754813,0.6125530498969481
Manhattanville College,Yes,962,750,212,21,54,830,150,14700,6550,450,400,97.0,97,11.3,24,11291,70,5.390713304881667,5.2925291191473995,3.6275099949380714,4.255852904198828,3.5121261123632754,6.271695163837354,75.43732855738912,9.213393432273651,7.525479560116736,5227.304128672231,69589.80855298844,5.561395109609361,7.488071014907595,1.8315744403347576,5.390713304881667,5.2925291191473995,3.6275099949380714,4.255852904198828,3.5121261123632754,6.271695163837354,75.43732855738912,9.213393432273651,7.525479560116736,5227.304128672231,69589.80855298844,5.561395109609361,7.488071014907595,1.8315744403347576,0.7796257796257796,Mid,1,1,-0.49335777605531717,-0.4707725520746035,-0.8527408804559998,-0.18710169614595554,-0.9019935649582328,-0.49109195915742826,1.059911567147059,-0.6143252338289236,-2.184287331771188,1.8041881665040136,1.3651568927969056,-0.6792077728800088,0.24207061628816592,0.7120000092251176,0.22242190379365073,0.3581403891754813,0.6125530498969481
Mankato State University,No,3073,2672,1547,9,29,9649,1792,4300,2643,450,1660,57.0,68,19.0,11,5801,68,6.061192680127356,6.054550323519217,4.363729511488255,2.91344153033716,3.9448991733812293,10.513467818255387,48.48626621178966,9.213393432273651,9.848944495643556,1810.795332056283,27520.52043115919,7.889197441801203,4.693250809609002,1.8264988437909484,6.061192680127356,6.054550323519217,4.363729511488255,2.91344153033716,3.9448991733812293,10.513467818255387,48.48626621178966,9.213393432273651,9.848944495643556,1810.795332056283,27520.52043115919,7.889197441801203,4.693250809609002,1.8264988437909484,0.8695086234949561,Low,0,0,0.5918269203791546,0.8051400072543018,1.2136807786928228,-1.348494791392716,1.4228054852637921,1.146801722922677,-1.8358110987675997,-0.6143252338289236,0.6699943097441695,-1.0581997323364798,-0.9283850943804479,1.2224815695707842,-0.9453261344609437,-1.0810819542226187,0.8338314400762042,-1.0987972149572356,-1.6325116659989423
Marian College of Fond du Lac,Yes,824,670,337,15,41,1160,653,9400,3400,500,1100,37.0,37,8.4,21,5352,59,5.296957475749222,5.221574603328218,3.8198660864667993,3.6884527234691826,3.5857297474660226,8.675111919692618,64.29802871390395,9.442351022087843,9.15165023999676,770.1996687985268,5684.122839706694,4.524550448850612,6.929932557777247,1.825751128591296,5.296957475749222,5.221574603328218,3.8198660864667993,3.6884527234691826,3.5857297474660226,8.675111919692618,64.29802871390395,9.442351022087843,9.15165023999676,770.1996687985268,5684.122839706694,4.524550448850612,6.929932557777247,1.825751128591296,0.8131067961165048,Mid,1,1,-0.6451035190750372,-0.589577327263801,-0.3128356146098146,-0.6779904542213022,-0.5066046731975778,0.4369495556844109,-0.13693635764231063,-0.22914901677242944,-0.18660316336359328,-1.9300219963520708,-2.1188662496512314,-1.5262541109104928,0.004942020606680277,-1.3452311289492467,0.45016962388868464,0.3581403891754813,0.6125530498969481
Marietta College,Yes,1611,960,342,27,60,1089,210,13850,3920,470,810,80.0,97,13.2,30,10223,96,5.695399697884948,5.445903418377565,3.825758010793468,4.709852044651068,3.572251246476007,6.7939429999091505,73.85301989484749,9.307516017653251,8.646691563909094,3556.7767888093103,69589.80855298844,6.183677590318551,8.50587730878895,1.8309284416945917,5.695399697884948,5.445903418377565,3.825758010793468,4.709852044651068,3.572251246476007,6.7939429999091505,73.85301989484749,9.307516017653251,8.646691563909094,3556.7767888093103,69589.80855298844,6.183677590318551,8.50587730878895,1.8309284416945917,0.595903165735568,Mid,1,1,-0.00021656529425521836,-0.21396579454170864,-0.29629815564683426,0.20567765393688317,-0.579009379318381,-0.289434185186192,0.8896875349698704,-0.45598245337987864,-0.8069242436789834,0.4046023533364621,1.3651568927969056,-0.17083644547256602,0.6744919519989533,0.48378476396373415,-1.0273133440888897,0.3581403891754813,0.6125530498969481
Marist College,Yes,4731,3171,830,12,31,3557,658,10700,5925,550,1200,74.0,81,17.6,34,8408,69,6.296117342424861,6.15217454516647,4.156920681986895,3.3372059894156245,3.7963093475639256,8.688406471596144,67.35120680000975,9.65214536925229,9.297325805521908,3044.4176772221554,43437.61538665517,7.499616508461935,9.126868146634914,1.8295514940156692,6.296117342424861,6.15217454516647,4.156920681986895,3.3372059894156245,3.7963093475639256,8.688406471596144,67.35120680000975,9.65214536925229,9.297325805521908,3044.4176772221554,43437.61538665517,7.499616508461935,9.126868146634914,1.8295514940156692,0.6702599873176919,Mid,1,1,0.972057331265201,0.9685999868189412,0.6332095537688421,-0.9818731086748947,0.6246007977534646,0.4420830374485009,0.19110848428779176,0.12378880488361321,-0.007646689375954711,-0.024657633443134833,-0.06061368145330422,0.9042148943004111,0.9383237726310382,-0.002656588570208725,-0.5215163772156444,0.3581403891754813,0.6125530498969481
Marquette University,Yes,5152,4600,1685,36,71,7016,804,11610,4760,600,1950,75.0,94,13.5,25,9982,77,6.341657422084946,6.360288520813757,4.390577880035503,5.262121851799814,3.9009394851222257,9.040861149962529,69.34595850276007,9.845917647123215,10.127597719786676,3127.017536070735,64098.054902977776,6.278554485115751,7.666103609271758,1.830768092705204,6.341657422084946,6.360288520813757,4.390577880035503,5.262121851799814,3.9009394851222257,9.040861149962529,69.34595850276007,9.845917647123215,10.127597719786676,3127.017536070735,64098.054902977776,6.278554485115751,7.666103609271758,1.830768092705204,0.8928571428571429,Mid,1,1,1.045764889388704,1.317061727485517,1.289038805791608,0.683476302864234,1.1866599144831094,0.5781778586347817,0.40543204765816493,0.4497726389260374,1.0123083984396526,0.044545418704219096,1.0657563528339236,-0.09332712383236806,0.31770887154146105,0.42713745595833774,0.9926549349902808,0.3581403891754813,0.6125530498969481
Marshall University,Yes,4226,3666,2007,14,60,7703,2339,5094,4010,700,1560,77.0,86,16.6,10,6203,50,6.235375415369186,6.233968693812177,4.444422077920675,3.5777357214550345,3.9141466166988184,11.025963969782426,51.561469945598894,10.194537490294326,9.742298966274333,3295.568346309384,50796.25679590814,7.213532579413107,4.421054272265976,1.8270963235718651,6.235375415369186,6.233968693812177,4.444422077920675,3.5777357214550345,3.9141466166988184,11.025963969782426,51.561469945598894,10.194537490294326,9.742298966274333,3295.568346309384,50796.25679590814,7.213532579413107,4.421054272265976,1.8270963235718651,0.8674869853289162,Low,0,1,0.8737452696173638,1.1055544192388451,1.4401687530806793,-0.7737777547234982,1.2576068603794166,1.3446940375431247,-1.5053997390925415,1.0362571162148249,0.5389846388109432,0.18575910445405372,0.3405662242258264,0.6704997066339655,-1.060970526681064,-0.8700072146448201,0.8200796627578476,-1.0987972149572356,0.6125530498969481
Mary Baldwin College,Yes,499,441,199,26,52,846,377,11200,7400,600,1300,66.0,79,6.8,50,10819,90,4.985967408814871,4.953637931904001,3.60018145823722,4.639999884647015,3.5164706465337123,7.740651816303144,68.460431319916,9.845917647123215,9.432165418805424,2423.7905034076744,40692.25666426344,3.892663434657299,11.293295767320105,1.8313010852699552,4.985967408814871,4.953637931904001,3.60018145823722,4.639999884647015,3.5164706465337123,7.740651816303144,68.460431319916,9.845917647123215,9.432165418805424,2423.7905034076744,40692.25666426344,3.892663434657299,11.293295767320105,1.8313010852699552,0.8837675350701403,Mid,1,1,-1.1484473560970536,-1.0382049536521785,-0.9294466439979717,0.14524475095617614,-0.8786553079758513,0.07612250902423777,0.31028770411566187,0.4497726389260374,0.1579982604829097,-0.544625769857051,-0.21028570541136532,-2.0424718257510004,1.8587440245877787,0.6154304666927931,0.930824749797983,0.3581403891754813,0.6125530498969481
Mary Washington College,No,4350,2178,756,39,78,2997,736,6490,4942,650,2102,75.0,80,17.6,30,5358,84,6.250985461728988,5.936453717512229,4.124140992524665,5.422106255753956,3.7673668726821514,8.884678225028988,56.279305460956095,10.026082431745259,10.258634250006835,3127.017536070735,42051.00625139571,7.499616508461935,8.50587730878895,1.8257617535637893,6.250985461728988,5.936453717512229,4.124140992524665,5.422106255753956,3.7673668726821514,8.884678225028988,56.279305460956095,10.026082431745259,10.258634250006835,3127.017536070735,42051.00625139571,7.499616508461935,8.50587730878895,1.8257617535637893,0.5006896551724138,Low,0,0,0.899010451583749,0.607401490328584,0.5412034893244645,0.821887512510805,0.46912569041208596,0.5178702828077282,-0.9984978937889312,0.7528645357434074,1.173281416304658,0.044545418704219096,-0.13620911968157937,0.9042148943004111,0.6744919519989533,-1.3414775905472942,-1.674983642838923,-1.0987972149572356,-1.6325116659989423
Marymount College Tarrytown,Yes,478,327,117,9,34,731,370,11510,6450,575,1075,71.0,93,10.3,30,10502,77,4.958783428985455,4.7573024140416535,3.360303272750548,2.91344153033716,3.482760698697406,7.709559115417906,69.13189501492664,9.750869219198945,9.113317441831338,2803.316583884286,62329.492559452454,5.2171744721156745,8.50587730878895,1.8311069437860097,4.958783428985455,4.7573024140416535,3.360303272750548,2.91344153033716,3.482760698697406,7.709559115417906,69.13189501492664,9.750869219198945,9.113317441831338,2803.316583884286,62329.492559452454,5.2171744721156745,8.50587730878895,1.8311069437860097,0.6841004184100419,Mid,1,1,-1.1924451880784723,-1.36694508797616,-1.6027369696466391,-1.348494791392716,-1.0597406429284069,0.06411655243773966,0.3824322680682069,0.28987231007147457,-0.23369343806432602,-0.22665472844581655,0.9693375120855497,-0.9604175254095518,0.6744919519989533,0.5468451112148817,-0.4273696948026918,0.3581403891754813,0.6125530498969481
Marymount Manhattan College,Yes,695,535,239,21,30,988,785,10200,7000,350,1100,63.0,76,11.7,20,10622,68,5.192647948428877,5.0783766076963985,3.678567982812805,4.255852904198828,3.551112519966615,8.998474342088153,66.20738526823598,8.679599645871866,9.15165023999676,2209.4456195013977,36780.940288277394,5.695675107569281,6.734949707633466,1.831181486414127,5.192647948428877,5.0783766076963985,3.678567982812805,4.255852904198828,3.551112519966615,8.998474342088153,66.20738526823598,8.679599645871866,9.15165023999676,2209.4456195013977,36780.940288277394,5.695675107569281,6.734949707633466,1.831181486414127,0.7697841726618705,Mid,1,1,-0.8139306402655633,-0.829345092319607,-0.7094312701494169,-0.18710169614595554,-0.6925637932561252,0.5618108605712071,0.06821203245796872,-1.5123285343587667,-0.18660316336359328,-0.7242062241732836,-0.42352364534226566,-0.5695082346102578,-0.07789765626183243,0.5731791668931323,0.15547639905598495,0.3581403891754813,0.6125530498969481
Marymount University,Yes,941,772,214,10,30,1247,776,11390,5280,500,750,77.0,82,10.6,17,8575,55,5.3774136813022455,5.3106272871138644,3.6315428024650758,3.0648578681207974,3.600936217611554,8.978068489736648,68.8733998283847,9.442351022087843,8.52150081906591,3295.568346309384,44852.305090025206,5.321775689285814,6.118308313178587,1.829696743618823,5.3774136813022455,5.3106272871138644,3.6315428024650758,3.0648578681207974,3.600936217611554,8.978068489736648,68.8733998283847,9.442351022087843,8.52150081906591,3295.568346309384,44852.305090025206,5.321775689285814,6.118308313178587,1.829696743618823,0.820403825717322,Mid,1,1,-0.5148834911027621,-0.44046935358514333,-0.8414215923447178,-1.2174962818199055,-0.4249175476902569,0.5539314621764868,0.35465858103870324,-0.22914901677242944,-0.960715953306189,0.18575910445405372,0.01651265888576715,-0.8749639552550215,-0.3398815888114029,0.04865648199498899,0.4998061651063757,0.3581403891754813,0.6125530498969481
Maryville College,Yes,1464,888,176,26,52,624,128,11200,4208,500,1642,80.0,90,11.1,43,8317,51,5.639718663962785,5.397748428515689,3.546390703645799,4.639999884647015,3.4450134952025615,6.0310471295175265,68.460431319916,9.442351022087843,9.830195439572172,3556.7767888093103,57206.93660181433,5.493547832248623,10.398062989232335,1.829470458621607,5.639718663962785,5.397748428515689,3.546390703645799,4.639999884647015,3.4450134952025615,6.0310471295175265,68.460431319916,9.442351022087843,9.830195439572172,3556.7767888093103,57206.93660181433,5.493547832248623,10.398062989232335,1.829470458621607,0.6065573770491803,Mid,1,1,-0.09033746703241527,-0.2945955145634425,-1.0804265865978688,0.14524475095617614,-1.2625135757605441,-0.5840144062402315,0.31028770411566187,-0.22914901677242944,0.6469618612135192,0.4046023533364621,0.6900649668386472,-0.7346353504225267,1.4783988095896108,-0.0312843768980463,-0.9548402655980351,0.3581403891754813,0.6125530498969481
Maryville University,Yes,549,397,169,26,51,1343,1751,9250,4550,425,1350,52.0,58,13.1,13,5925,61,5.046044361523077,4.885090952296563,3.528396583749341,4.639999884647015,3.616282687095017,10.469493970944297,63.92825400784297,9.090470749740545,9.496020108486013,1509.1334387814354,18191.521233243842,6.151859860146799,5.2034945525684675,1.8266897967396043,5.046044361523077,4.885090952296563,3.528396583749341,4.639999884647015,3.616282687095017,10.469493970944297,63.92825400784297,9.090470749740545,9.496020108486013,1509.1334387814354,18191.521233243842,6.151859860146799,5.2034945525684675,1.8266897967396043,0.7231329690346083,Mid,1,1,-1.051211569144663,-1.1529785999541742,-1.1309324999232824,0.14524475095617614,-0.34247836444836,1.129821914584158,-0.17666633132171636,-0.8211185263638522,0.236441135041996,-1.3109353183553147,-1.436985365837391,-0.19682982022428813,-0.7285459060471434,-1.0136230289225614,-0.1618588069626659,0.3581403891754813,0.6125530498969481
Marywood College,Yes,1107,859,323,13,51,1452,402,11040,4500,600,700,65.0,76,11.8,30,9034,66,5.4748142665670185,5.377160816124495,3.802817036161182,3.4609232634102094,3.6321634534501057,7.847559837807865,68.10908375075591,9.845917647123215,8.409880082919223,2351.2286673140156,36780.940288277394,5.728958206066383,8.50587730878895,1.8300744293021602,5.4748142665670185,5.377160816124495,3.802817036161182,3.4609232634102094,3.6321634534501057,7.847559837807865,68.10908375075591,9.845917647123215,8.409880082919223,2351.2286673140156,36780.940288277394,5.728958206066383,8.50587730878895,1.8300744293021602,0.7759710930442638,Mid,1,1,-0.35723863511541576,-0.3290669873594965,-0.36068890568328427,-0.8748385657786061,-0.2571690098127747,0.11740335721016941,0.2725376107581363,0.4497726389260374,-1.0978374622751548,-0.6054188583331771,-0.42352364534226566,-0.5423177327277025,0.6744919519989533,0.18208343600900612,0.19756165091474817,0.3581403891754813,0.6125530498969481
Massachusetts Institute of Technology,Yes,6411,2140,1078,96,99,4481,28,20100,5975,725,1600,99.0,99,10.1,35,33541,94,6.4571547691975315,5.926206087297445,4.246201393631523,7.423412841745768,3.8336429794512386,3.9046923679129257,84.31252601732311,10.27486075562639,9.785696442692036,5445.147189539932,73408.11248759447,5.146772495880893,9.276119865145814,1.8367770867062156,6.4571547691975315,5.926206087297445,4.246201393631523,7.423412841745768,3.8336429794512386,3.9046923679129257,84.31252601732311,10.27486075562639,9.785696442692036,5445.147189539932,73408.11248759447,5.146772495880893,9.276119865145814,1.8367770867062156,0.33380127905163,High,2,1,1.232699727644437,0.5902430700387182,0.8838027425383829,2.5533266940461306,0.8251520791775253,-1.4050727970678636,2.013495886742362,1.1713852484917995,0.5922966635947635,1.9866994311879236,1.5733239615731247,-1.0179321545692772,1.0017342937327451,2.5499655154150807,-2.810207454887759,1.8150779933081982,0.6125530498969481
Mayville State University,No,233,233,153,5,12,658,58,4486,2516,600,1900,68.0,68,15.7,11,6971,51,4.491990550721586,4.530004183188009,3.483834093186795,2.1486200566855134,3.4578128195038698,4.882615838119106,49.23810656157938,9.845917647123215,10.082419374579551,2572.256540860469,27520.52043115919,6.949989369160333,4.693250809609002,1.828086723938611,4.491990550721586,4.530004183188009,3.483834093186795,2.1486200566855134,3.4578128195038698,4.882615838119106,49.23810656157938,9.845917647123215,10.082419374579551,2572.256540860469,27520.52043115919,6.949989369160333,4.693250809609002,1.828086723938611,1.0,Low,0,0,-1.9479590884291402,-1.7475285491653831,-1.256010542020776,-2.0101834480079033,-1.1937573160497978,-1.0274630560695424,-1.7550305672205466,0.4497726389260374,0.9568086491871414,-0.4202393232555936,-0.9283850943804479,0.4551990742383173,-0.9453261344609437,-0.5201234090909705,1.7214721572963374,-1.0987972149572356,-1.6325116659989423
McKendree College,Yes,1002,555,119,16,43,836,684,7680,3740,500,800,70.0,74,17.7,21,6652,52,5.415205620286735,5.101884557262478,3.368253927577356,3.793745093657405,3.513767176319861,8.7560861678256,59.79752860461722,9.442351022087843,8.626435575433408,2725.181328249345,34308.59715981074,7.527854978439318,6.929932557777247,1.8276967984276684,5.415205620286735,5.101884557262478,3.368253927577356,3.793745093657405,3.513767176319861,8.7560861678256,59.79752860461722,9.442351022087843,8.626435575433408,2725.181328249345,34308.59715981074,7.527854978439318,6.929932557777247,1.8276967984276684,0.5538922155688623,Low,0,1,-0.4537164584561197,-0.7899838672994222,-1.580421063902225,-0.5868962977653778,-0.8931779886868033,0.4682164858651361,-0.6204868762563145,-0.22914901677242944,-0.8318078970334455,-0.2921172878935758,-0.558311349746167,0.9272842059255697,0.004942020606680277,-0.6578743896357054,-1.3130841814869652,-1.0987972149572356,0.6125530498969481
McMurry University,Yes,578,411,187,25,50,880,477,6930,3452,400,1525,57.0,64,11.0,11,6383,32,5.078258757338069,4.907746627435601,3.5730661873251734,4.568038251472815,3.525379186028474,8.13536001881452,57.626007152181245,8.96107520321098,9.703472303210704,1810.795332056283,23500.734234328775,5.45944250760128,4.693250809609002,1.8273448642496837,5.078258757338069,4.907746627435601,3.5730661873251734,4.568038251472815,3.525379186028474,8.13536001881452,57.626007152181245,8.96107520321098,9.703472303210704,1810.795332056283,23500.734234328775,5.45944250760128,4.693250809609002,1.8273448642496837,0.7110726643598616,Low,0,1,-0.9990719051460472,-1.1150444056244992,-1.0055538129153299,0.08298682799864276,-0.8307998243013993,0.22853286286185417,-0.853803240884349,-1.0388011424180428,0.49128767128227613,-1.0581997323364798,-1.1475366140165175,-0.762497566859782,-0.9453261344609437,-0.7822039775803852,-0.24389654599266006,-1.0987972149572356,0.6125530498969481
McPherson College,Yes,420,293,93,11,32,336,80,7950,3750,600,2740,54.0,54,9.8,45,9754,48,4.876492642857939,4.684234264242762,3.2506531552597644,3.2055940737410316,3.2842355230973337,5.33858713922954,60.54505837777601,9.845917647123215,10.727220665719408,1626.4694472851354,15109.610865197004,5.040133026699524,10.66114318995264,1.8306107983063507,4.876492642857939,4.684234264242762,3.2506531552597644,3.2055940737410316,3.2842355230973337,5.33858713922954,60.54505837777601,9.845917647123215,10.727220665719408,1626.4694472851354,15109.610865197004,5.040133026699524,10.66114318995264,1.8306107983063507,0.6976190476190476,Low,0,1,-1.3256345225459476,-1.4892888882279995,-1.91050302666847,-1.095737735489672,-2.1261913563684054,-0.8513969218978396,-0.5401694891409459,0.4497726389260374,1.748920662406997,-1.2126299455806546,-1.6050055807115493,-1.1050508670227819,1.590170069482996,0.3715692587817626,-0.3354120034340899,-1.0987972149572356,0.6125530498969481
Mercer University,Yes,2286,1668,564,37,70,2943,1260,11985,4081,400,1500,93.0,95,9.2,15,8995,91,5.895762431861302,5.779770256912614,4.018162790017299,5.316571396825102,3.7642306056177617,9.853708068646648,70.13807655970955,8.96107520321098,9.675230393594894,4805.090244554321,65897.48921732574,4.822936683771344,5.67618042622164,1.8300434977353337,5.895762431861302,5.779770256912614,4.018162790017299,5.316571396825102,3.7642306056177617,9.853708068646648,70.13807655970955,8.96107520321098,9.675230393594894,4805.090244554321,65897.48921732574,4.822936683771344,5.67618042622164,1.8300434977353337,0.7296587926509186,Mid,1,1,0.32407465181773326,0.3450539413742641,0.2437437668695879,0.7305835658560428,0.4522780828567871,0.8920458900165015,0.4905401662983713,-1.0388011424180428,0.4565936404384389,1.4504528230391855,1.1638582779526243,-1.2824886008259322,-0.5277223720549751,0.17115608311577823,-0.11746823564387977,0.3581403891754813,0.6125530498969481
Mercyhurst College,Yes,1557,1074,397,15,40,1805,433,9813,4050,425,1000,45.0,63,16.7,29,7307,78,5.675603695823896,5.5147590298282845,3.884672536737322,3.6884527234691826,3.6750433084347467,7.972006790925254,65.296514620379,9.090470749740545,8.993154813797165,1133.3544180454874,22556.828963349828,7.24245169433793,8.344048523822103,1.8284687360491205,5.675603695823896,5.5147590298282845,3.884672536737322,3.6884527234691826,3.6750433084347467,7.972006790925254,65.296514620379,9.090470749740545,8.993154813797165,1133.3544180454874,22556.828963349828,7.24245169433793,8.344048523822103,1.8284687360491205,0.6897880539499036,Mid,1,1,-0.03225680289196971,-0.09867538145843012,-0.13093680660337048,-0.6779904542213022,-0.026824159078602215,0.1654565875153789,-0.029655307496684304,-0.8211185263638522,-0.3813083118461038,-1.6257670327235363,-1.1989966331316235,0.6941250685837765,0.605737985971725,-0.38516803601096655,-0.38868072526994696,0.3581403891754813,0.6125530498969481
Meredith College,Yes,857,772,376,25,58,1721,470,6720,3250,450,1520,77.0,82,13.9,33,6881,82,5.320833002641276,5.3106272871138644,3.8633578356885003,4.568038251472815,3.6658272566474506,8.110316420353112,56.990495103550174,9.213393432273651,9.697858398395216,3295.568346309384,44852.305090025206,6.4037473763683845,8.975326246182142,1.827979541413375,5.320833002641276,5.3106272871138644,3.8633578356885003,4.568038251472815,3.6658272566474506,8.110316420353112,56.990495103550174,9.213393432273651,9.697858398395216,3295.568346309384,44852.305090025206,6.4037473763683845,8.975326246182142,1.827979541413375,0.9008168028004667,Low,0,1,-0.6064604864044612,-0.44046935358514333,-0.19076293035509606,0.08298682799864276,-0.07633155769418787,0.2188626718737141,-0.9220850258501772,-0.6143252338289236,0.4843912188301411,0.18575910445405372,0.01651265888576715,0.008948736859618622,0.8739402534841448,-0.5579883282464692,1.0467988826606254,-1.0987972149572356,0.6125530498969481
Merrimack College,Yes,1981,1541,514,18,36,1927,1084,12500,6200,375,1000,73.0,75,16.8,22,8707,80,5.814391785522171,5.732694723581248,3.9835697431896353,3.9902206092359616,3.687536187413349,9.577960117708288,71.19981316052976,8.824428666192098,8.993154813797165,2962.9344405957,35531.398971011564,7.271300283648758,7.12024725786717,1.8298084997082804,5.814391785522171,5.732694723581248,3.9835697431896353,3.9902206092359616,3.687536187413349,9.577960117708288,71.19981316052976,8.824428666192098,8.993154813797165,2962.9344405957,35531.398971011564,7.271300283648758,7.12024725786717,1.8298084997082804,0.7778899545683998,Mid,1,1,0.1923745825742182,0.26623164106293434,0.14664796919826797,-0.41691464264756517,0.04028591731034482,0.7855701631248064,0.6046171069696272,-1.2686821271258082,-0.3813083118461038,-0.09292516745590934,-0.4916463924532397,0.7176928148990249,0.08579840488433134,0.08813712758649893,0.21061431129084868,0.3581403891754813,0.6125530498969481
Mesa State College,No,1584,1456,891,6,18,3471,911,5016,3798,540,2256,48.0,48,28.8,12,3871,59,5.685592218838738,5.698807172153361,4.181498990956806,2.3713672987497,3.792240578300248,9.263744652122154,51.27397287806154,9.611556673763596,10.382731209944854,1287.7609688263303,11132.909264168271,10.341532436352653,4.953607358725779,1.8223917731314527,5.685592218838738,5.698807172153361,4.181498990956806,2.3713672987497,3.792240578300248,9.263744652122154,51.27397287806154,9.611556673763596,10.382731209944854,1287.7609688263303,11132.909264168271,10.341532436352653,4.953607358725779,1.8223917731314527,0.9191919191919192,Low,0,0,-0.01609017239462134,0.20949102515397414,0.7021959754256142,-1.8174726933497243,0.6027439129983911,0.6642408115011756,-1.5362894963932527,0.05550628934752403,1.3257294559126416,-1.4964035600187222,-1.8218082056103093,3.2259074012076234,-0.8347120348951067,-2.532007822459626,1.1717918280150017,-1.0987972149572356,-1.6325116659989423
Messiah College,Yes,1742,1382,607,30,64,2258,53,10300,5080,475,1200,68.0,75,14.1,30,7762,89,5.740606673931892,5.667535112416678,4.0451930014351065,4.908029058750458,3.7170818814677986,4.757408158094371,66.43904922656381,9.330500213309353,9.297325805521908,2572.256540860469,35531.398971011564,6.465798760875629,8.50587730878895,1.8289448758347817,5.740606673931892,5.667535112416678,4.0451930014351065,4.908029058750458,3.7170818814677986,4.757408158094371,66.43904922656381,9.330500213309353,9.297325805521908,2572.256540860469,35531.398971011564,6.465798760875629,8.50587730878895,1.8289448758347817,0.7933409873708381,Mid,1,1,0.07295185776163177,0.15712973449013912,0.3196121907153202,0.3771313679720627,0.19900143743622772,-1.0758100290848978,0.09310287224762681,-0.4173160543227945,-0.007646689375954711,-0.4202393232555936,-0.4916463924532397,0.05964138157856781,0.6744919519989533,-0.21695969746792432,0.3157167801732887,0.3581403891754813,0.6125530498969481
Miami University at Oxford,No,9239,7788,3290,35,39,13606,807,8856,3960,500,1382,81.0,89,17.6,20,7846,85,6.646099261076926,6.64571251228574,4.588888140656723,5.206477408178991,3.9889832359340236,9.047470043266516,62.93783198676982,9.442351022087843,9.535747334873351,3646.0827031697963,55559.757364651494,7.499616508461935,6.734949707633466,1.8290280927351106,6.646099261076926,6.64571251228574,4.588888140656723,5.206477408178991,3.9889832359340236,9.047470043266516,62.93783198676982,9.442351022087843,9.535747334873351,3646.0827031697963,55559.757364651494,7.499616508461935,6.734949707633466,1.8290280927351106,0.8429483710358264,Mid,1,0,1.538510284438927,1.7949697612299356,1.8456562392703684,0.635335268105144,1.6596191781299772,0.5807297786621004,-0.28308096754145745,-0.22914901677242944,0.28524440777999993,0.47942381108114585,0.6002637149158834,0.9042148943004111,-0.07789765626183243,-0.18756123725821464,0.6531607921467731,0.3581403891754813,-1.6325116659989423
Michigan State University,No,18114,15096,6180,23,57,26640,4120,10658,3734,504,600,93.0,95,14.0,9,10520,71,6.981184028838847,6.989832968371468,4.757683134559793,4.417175042264962,4.0661298552799945,12.155005520357932,67.25649415075378,9.459792522425015,8.162552350641706,4805.090244554321,65897.48921732574,6.434817764376509,4.135322577728063,1.8311182087363234,6.981184028838847,6.989832968371468,4.757683134559793,4.417175042264962,4.0661298552799945,12.155005520357932,67.25649415075378,9.459792522425015,8.162552350641706,4805.090244554321,65897.48921732574,6.434817764376509,4.135322577728063,1.8311182087363234,0.8333885392514078,Mid,1,0,2.0808518916662755,2.3711579425072844,2.3194301932557653,-0.04753313995778422,2.074040507779035,1.7806556444358124,0.18093220397340512,-0.19980711495946224,-1.4016694654541817,1.4504528230391855,1.1638582779526243,0.03433157324728856,-1.18236541463741,0.5508247378562501,0.588132005042997,0.3581403891754813,-1.6325116659989423
Michigan Technological University,No,2618,2288,1032,42,77,5524,414,8127,3978,900,1200,82.0,82,17.0,25,7473,65,5.972034977400722,5.965072961936495,4.231559975141333,5.572727488079942,3.865877075646546,7.896738081872027,61.02609616368041,10.777792596683675,9.297325805521908,3736.5073126492257,44852.305090025206,7.328788144787452,7.666103609271758,1.8286476231355662,5.972034977400722,5.965072961936495,4.231559975141333,5.572727488079942,3.865877075646546,7.896738081872027,61.02609616368041,10.777792596683675,9.297325805521908,3736.5073126492257,44852.305090025206,7.328788144787452,7.666103609271758,1.8286476231355662,0.8739495798319328,Low,0,0,0.4475233397764794,0.6553209618471312,0.8427071947993564,0.9521981331052524,0.9983093363398597,0.13639276136048115,-0.48848499515170585,2.0174693819460012,-0.007646689375954711,0.5551825236557095,0.01651265888576715,0.764657306400675,0.31770887154146105,-0.32197167959634193,0.8640401310539175,-1.0987972149572356,-1.6325116659989423
MidAmerica Nazarene College,Yes,331,331,225,15,36,1100,166,6840,3720,1100,4913,33.0,33,15.4,20,5524,49,4.723008590043248,4.765361183890935,3.652974097167861,3.6884527234691826,3.5744084793439597,6.427325383330498,57.35521593625938,11.257092400735552,11.792287652063527,615.0630636068494,4235.803436609248,6.86078471362386,6.734949707633466,1.8260486198267634,4.723008590043248,4.765361183890935,3.652974097167861,3.6884527234691826,3.5744084793439597,6.427325383330498,57.35521593625938,11.257092400735552,11.792287652063527,615.0630636068494,4235.803436609248,6.86078471362386,6.734949707633466,1.8260486198267634,1.0,Low,0,1,-1.5740516273975464,-1.3534516502549414,-0.7812682134110072,-0.6779904542213022,-0.5674210126332454,-0.43099780182840153,-0.8828980591746408,2.8237972503972864,3.057311892945116,-2.0599971165120703,-2.197826020784701,0.3823236670850935,-0.07789765626183243,-1.240134877898516,1.7214721572963374,-1.0987972149572356,0.6125530498969481
Millersville University of Penn.,No,6011,3075,960,22,60,5146,1532,7844,3830,450,1258,72.0,74,16.8,20,7832,71,6.42331367061005,6.134732458426548,4.207058777699413,4.337922600177787,3.8551236217802787,10.217353995708688,60.25360261327403,9.213393432273651,9.376744805331574,2882.5675146975664,34308.59715981074,7.271300283648758,6.734949707633466,1.8290143188984547,6.42331367061005,6.134732458426548,4.207058777699413,4.337922600177787,3.8551236217802787,10.217353995708688,60.25360261327403,9.213393432273651,9.376744805331574,2882.5675146975664,34308.59715981074,7.271300283648758,6.734949707633466,1.8290143188984547,0.5115621360838463,Low,0,0,1.1779272116603208,0.9393953171789193,0.7739372098547732,-0.1160987382636973,0.940543219206548,1.0324620355703453,-0.5714845836094821,-0.6143252338289236,0.08991630358259618,-0.16025744430696973,-0.558311349746167,0.7176928148990249,-0.07789765626183243,-0.1924271910159664,-1.6010258303560954,-1.0987972149572356,-1.6325116659989423
Milligan College,Yes,610,461,189,26,52,685,49,8200,3300,550,1000,63.0,69,12.0,16,8128,64,5.111853781254295,4.98241652991467,3.577722166961789,4.639999884647015,3.467416264324332,4.649361857442185,61.222485738634354,9.65214536925229,8.993154813797165,2209.4456195013977,28587.693255152724,5.795189080826134,5.900711370401069,1.829297702658055,5.111853781254295,4.98241652991467,3.577722166961789,4.639999884647015,3.467416264324332,4.649361857442185,61.222485738634354,9.65214536925229,8.993154813797165,2209.4456195013977,28587.693255152724,5.795189080826134,5.900711370401069,1.829297702658055,0.7557377049180328,Low,0,1,-0.944697666092266,-0.9900186637812021,-0.9924854047172674,0.14524475095617614,-1.1421688938292578,-1.1175304058302242,-0.4673841666852411,0.12378880488361321,-0.3813083118461038,-0.7242062241732836,-0.870204749794732,-0.4882106691982931,-0.4323290036172367,-0.09231476015438023,0.05992819474941463,-1.0987972149572356,0.6125530498969481
Millikin University,Yes,1444,1261,456,29,62,1788,95,11910,4378,450,965,60.0,77,11.4,25,8149,75,5.631681924355058,5.612326800930452,3.9382144650893767,4.843751032487945,3.6732209146182813,5.588195222866951,69.98096939327766,9.213393432273651,8.93419587855126,2005.1172269621243,38057.447169980325,5.595139884147383,7.666103609271758,1.8293172025222109,5.631681924355058,5.612326800930452,3.9382144650893767,4.843751032487945,3.6732209146182813,5.588195222866951,69.98096939327766,9.213393432273651,8.93419587855126,2005.1172269621243,38057.447169980325,5.595139884147383,7.666103609271758,1.8293172025222109,0.8732686980609419,Mid,1,1,-0.10334509583283737,0.06469007847992803,0.01934473026449786,0.32152095127645364,-0.03661381512531617,-0.7550146929351397,0.4736599863269603,-0.6143252338289236,-0.4537369523228863,-0.8953947540471879,-0.3539307841170397,-0.6516401064957508,0.31770887154146105,-0.0854259433609811,0.8594085730174283,0.3581403891754813,0.6125530498969481
Millsaps College,Yes,905,834,319,32,61,1073,179,11320,4402,550,1350,82.0,89,12.7,38,11218,58,5.353856168114493,5.358807369211578,3.797788915830154,5.0317442595355875,3.569065593363753,6.544040416377961,68.72178385834958,9.65214536925229,9.496020108486013,3736.5073126492257,55559.757364651494,6.023602095364745,9.71106985349749,1.8315333252505246,5.353856168114493,5.358807369211578,3.797788915830154,5.0317442595355875,3.569065593363753,6.544040416377961,68.72178385834958,9.65214536925229,9.496020108486013,3736.5073126492257,55559.757364651494,6.023602095364745,9.71106985349749,1.8315333252505246,0.9215469613259668,Mid,1,1,-0.5530118120343853,-0.35979761964219165,-0.3748018387464146,0.48416411722208674,-0.5961222821231082,-0.38593013064307746,0.33836839569033117,0.12378880488361321,0.236441135041996,0.5551825236557095,0.6002637149158834,-0.3016095177954872,1.186525502100285,0.697475073027474,1.1878115171694712,0.3581403891754813,0.6125530498969481
Milwaukee School of Engineering,Yes,1217,1088,496,36,69,1773,884,11505,3255,1000,2075,35.0,46,16.7,23,7140,67,5.531080593518312,5.52267168454513,3.9701535882078205,5.262121851799814,3.671595291172469,9.209853865782785,69.12115982223875,11.027920112452334,10.236013157919084,690.4319427062774,9971.377891786939,7.24245169433793,7.306201546172464,1.8282823328370152,5.531080593518312,5.52267168454513,3.9701535882078205,5.262121851799814,3.671595291172469,9.209853865782785,69.12115982223875,11.027920112452334,10.236013157919084,690.4319427062774,9971.377891786939,7.24245169433793,7.306201546172464,1.8282823328370152,0.8940016433853739,Mid,1,1,-0.2661704245388447,-0.08542659589585681,0.10899149227297884,0.683476302864234,-0.045346447036260784,0.6434317333966131,0.3812788389235351,2.438259845296428,1.1454923298976114,-1.9968522571465508,-1.8851328086857293,0.6941250685837765,0.16480224108923644,-0.4510196525982571,1.0004401641521368,0.3581403891754813,0.6125530498969481
Mississippi College,Yes,594,385,307,36,57,1695,721,5580,2830,600,700,77.0,79,16.5,18,6170,61,5.095298790746978,4.8649821495421355,3.782257055207864,5.262121851799814,3.6628629823012404,8.84845823594035,53.29067678138804,9.845917647123215,8.409880082919223,3295.568346309384,40692.25666426344,7.184542364269632,6.329553707860191,1.8270495484062008,5.095298790746978,4.8649821495421355,3.782257055207864,5.262121851799814,3.6628629823012404,8.84845823594035,53.29067678138804,9.845917647123215,8.409880082919223,3295.568346309384,40692.25666426344,7.184542364269632,6.329553707860191,1.8270495484062008,0.6481481481481481,Low,0,1,-0.9714922596494138,-1.1866483637878367,-0.41839668033275984,0.683476302864234,-0.09225524335164843,0.503884504661061,-1.3196073067112333,0.4497726389260374,-1.0978374622751548,0.18575910445405372,-0.21028570541136532,0.646816259628484,-0.2501326687269887,-0.886531716773001,-0.6719276097828123,-1.0987972149572356,0.6125530498969481
Mississippi State University,No,4255,3277,1609,18,57,10094,1621,9866,3084,480,1479,77.0,77,15.9,20,6223,53,6.239069796751023,6.170788862358685,4.376120804455063,3.9902206092359616,3.9508742653893685,10.323561333558153,65.42263767665288,9.35327442003725,9.651168253266862,3295.568346309384,38057.447169980325,7.0090747632262,6.734949707633466,1.8271244858073927,6.239069796751023,6.170788862358685,4.376120804455063,3.9902206092359616,3.9508742653893685,10.323561333558153,65.42263767665288,9.35327442003725,9.651168253266862,3295.568346309384,38057.447169980325,7.0090747632262,6.734949707633466,1.8271244858073927,0.7701527614571093,Mid,1,0,0.8797247020747655,0.9997674149070586,1.2484606719119744,-0.41691464264756517,1.4549028810509457,1.0734723258019545,-0.016104175891426986,-0.37900292043178496,0.42703428520836,0.18575910445405372,-0.3539307841170397,0.5034686642441683,-0.07789765626183243,-0.8600581975905606,0.1579836484338965,0.3581403891754813,-1.6325116659989423
Mississippi University for Women,No,480,405,380,19,46,1673,1014,4386,2217,600,1500,49.0,54,15.8,8,5704,63,4.961426987950208,4.89813953011878,3.867522054996467,4.08228841706668,3.660311124310792,9.456760514726946,48.83649277572099,9.845917647123215,9.675230393594894,1341.4427559604715,15109.610865197004,6.9795700655441655,3.8339176338051995,1.826345025159711,4.961426987950208,4.89813953011878,3.867522054996467,4.08228841706668,3.660311124310792,9.456760514726946,48.83649277572099,9.845917647123215,9.675230393594894,1341.4427559604715,15109.610865197004,6.9795700655441655,3.8339176338051995,1.826345025159711,0.84375,Low,0,0,-1.1881665333747067,-1.1311303308650338,-0.17907479552847522,-0.337261774390416,-0.10596348345915801,0.7387708459131694,-1.7981814503932028,0.4497726389260374,0.4565936404384389,-1.451428380082673,-1.6050055807115493,0.479364912667751,-1.310419180097965,-1.1354222491876027,0.6586137081000044,-1.0987972149572356,-1.6325116659989423
Missouri Southern State College,No,1576,1326,913,13,50,3689,2200,3840,2852,200,400,52.0,54,20.3,9,4172,100,5.682651819955484,5.642654914945879,4.189889965479913,3.4609232634102094,3.8023265848579766,10.907051675195678,46.530247219116475,7.5513713682819406,7.525479560116736,1509.1334387814354,15109.610865197004,8.240522013527427,4.135322577728063,1.823221518688295,5.682651819955484,5.642654914945879,4.189889965479913,3.4609232634102094,3.8023265848579766,10.907051675195678,46.530247219116475,7.5513713682819406,7.525479560116736,1509.1334387814354,15109.610865197004,8.240522013527427,4.135322577728063,1.823221518688295,0.8413705583756346,Low,0,0,-0.020849268628343895,0.11547084593237998,0.7257477709242769,-0.8748385657786061,0.6569245923844571,1.2987779284318965,-2.045973075294218,-3.410351221839536,-2.184287331771188,-1.3109353183553147,-1.6050055807115493,1.5094948543988653,-1.18236541463741,-2.2388793636897084,0.6424280464371165,-1.0987972149572356,-1.6325116659989423
Missouri Valley College,Yes,1310,983,316,5,35,1057,175,8550,5050,400,900,35.0,67,17.4,16,4333,27,5.574549517280836,5.460476023047522,3.793969879110742,2.1486200566855134,3.5658215211241386,6.5089720094280725,62.148459971347215,8.96107520321098,8.819245343756174,690.4319427062774,26478.47386189595,7.4429419900118345,5.900711370401069,1.8236284317007239,5.574549517280836,5.460476023047522,3.793969879110742,2.1486200566855134,3.5658215211241386,6.5089720094280725,62.148459971347215,8.96107520321098,8.819245343756174,690.4319427062774,26478.47386189595,7.4429419900118345,5.900711370401069,1.8236284317007239,0.750381679389313,Low,0,1,-0.19581507494992953,-0.18956572638893207,-0.38552111474585715,-2.0101834480079033,-0.6135490046731843,-0.39947124348985197,-0.367894041237278,-1.0388011424180428,-0.5949489827396871,-1.9968522571465508,-0.9851956007117693,0.8579148600429469,-0.4323290036172367,-2.0951271215678657,0.023494934030623405,-1.0987972149572356,0.6125530498969481
Monmouth College IL,Yes,601,503,204,28,57,671,11,13000,4100,400,460,91.0,91,11.6,43,11087,56,5.102599701554543,5.038738427917661,3.61092919905037,4.777728697775314,3.462495441118339,2.7699530690981207,72.20347194703729,8.96107520321098,7.742885755964773,4600.715532505121,58884.14428434742,5.662278553171516,10.398062989232335,1.8314584988288523,5.102599701554543,5.038738427917661,3.61092919905037,4.777728697775314,3.462495441118339,2.7699530690981207,72.20347194703729,8.96107520321098,7.742885755964773,4600.715532505121,58884.14428434742,5.662278553171516,10.398062989232335,1.8314584988288523,0.8369384359400999,Mid,1,1,-0.9596755849373846,-0.8957144415168129,-0.8992798745712642,0.26440143846515807,-1.168602898498343,-1.8432344996760794,0.7124539506407931,-1.0388011424180428,-1.9172127122783642,1.279225486180553,0.781503315639944,-0.5967914238632761,1.4783988095896108,0.6710407601478086,0.6122794462548401,0.3581403891754813,0.6125530498969481
Monmouth College,Yes,2707,1881,478,14,34,1893,847,12480,5290,530,1740,70.0,85,14.2,15,9492,54,5.99072179753257,5.850713471567454,3.9561632906164648,3.5777357214550345,3.6841536032989923,9.133509214260707,71.15912255096427,9.570307072602095,9.930059295819332,2725.181328249345,49267.05353907696,6.496691212510575,5.67618042622164,1.830422894760847,5.99072179753257,5.850713471567454,3.9561632906164648,3.5777357214550345,3.6841536032989923,9.133509214260707,71.15912255096427,9.570307072602095,9.930059295819332,2725.181328249345,49267.05353907696,6.496691212510575,5.67618042622164,1.830422894760847,0.6948651643886221,Mid,1,1,0.4777683435466172,0.46383979412739906,0.06972351130966178,-0.7737777547234982,0.022115127479167614,0.6139524490086632,0.6002451561018758,-0.013888070295108445,0.7696405240927445,-0.2921172878935758,0.25719681074029643,0.0848788535167615,-0.5277223720549751,0.3051876117374366,-0.35414472701525984,0.3581403891754813,0.6125530498969481
Montana College of Mineral Sci. & Tech.,No,572,544,320,45,72,1470,416,6073,3400,550,1400,71.0,71,16.4,31,6112,74,5.0717380121073345,5.089069397308976,3.799052734023705,5.715132863942859,3.6346460418801523,7.90480779574212,54.94644845645074,9.65214536925229,9.557721089085858,2803.316583884286,30798.352141016087,7.155480466306929,8.66494745865426,1.8269663953718114,5.0717380121073345,5.089069397308976,3.799052734023705,5.715132863942859,3.6346460418801523,7.90480779574212,54.94644845645074,9.65214536925229,9.557721089085858,2803.316583884286,30798.352141016087,7.155480466306929,8.66494745865426,1.8269663953718114,0.951048951048951,Low,0,0,-1.0096258657822677,-0.8114413063321864,-0.3712545526046162,1.0754007694010428,-0.24383287652691613,0.13950875423441617,-1.1417050219116365,0.12378880488361321,0.3122382660840021,-0.22665472844581655,-0.7496836000340958,0.6230742516139866,0.7420738947418721,-0.9159076147354803,1.388492727058605,-1.0987972149572356,-1.6325116659989423
Montana State University,No,3500,2836,1779,15,42,8730,993,5552,3710,550,2300,75.0,83,17.6,8,6324,37,6.132816799709058,6.088646636967498,4.407449981238706,3.6884527234691826,3.9314216566563704,9.418909054791618,53.1937999273163,9.65214536925229,10.416746076838082,3127.017536070735,46295.29542396985,7.499616508461935,3.8339176338051995,1.8272646010598894,6.132816799709058,6.088646636967498,4.407449981238706,3.6884527234691826,3.9314216566563704,9.418909054791618,53.1937999273163,9.65214536925229,10.416746076838082,3127.017536070735,46295.29542396985,7.499616508461935,3.8339176338051995,1.8272646010598894,0.8102857142857143,Low,0,0,0.7077520350587431,0.8622301699766639,1.336395435951349,-0.6779904542213022,1.35040606648388,0.7241551010026046,-1.3300161172635143,0.12378880488361321,1.3675153286527078,0.044545418704219096,0.09518189874570733,0.9042148943004111,-1.310419180097965,-0.8105589653550561,0.43097979566641265,-1.0987972149572356,-1.6325116659989423
Montclair State University,No,5220,2128,865,19,53,6411,3186,3648,4834,700,950,82.0,87,21.5,9,6717,58,6.348636852676328,5.922929500217503,4.171268251108676,4.08228841706668,3.8879306794376265,11.635461204958967,45.66819649493122,10.194537490294326,8.90831952942552,3736.5073126492257,52354.631663757325,8.556680410095018,4.135322577728063,1.827778562373411,6.348636852676328,5.922929500217503,4.171268251108676,4.08228841706668,3.8879306794376265,11.635461204958967,45.66819649493122,10.194537490294326,8.90831952942552,3736.5073126492257,52354.631663757325,8.556680410095018,4.135322577728063,1.827778562373411,0.4076628352490421,Low,0,0,1.0570612417408078,0.584756820334578,0.673480324813203,-0.337261774390416,1.116778348775339,1.580041792378871,-2.138595020551191,1.0362571162148249,-0.48552498885819567,0.5551825236557095,0.4255260215207906,1.7677792649625408,-1.18236541463741,-0.6289892221276001,-2.3077794288064197,-1.0987972149572356,-1.6325116659989423
Montreat-Anderson College,Yes,263,223,103,10,24,316,20,8438,3372,500,2958,42.0,50,11.1,4,11989,15,4.572327267511364,4.500210272913184,3.299885392504521,3.0648578681207974,3.267090075514296,3.4796038469400528,61.85490290319016,9.442351022087843,10.864265166911588,988.8958068635002,12375.06058212006,5.493547832248623,2.3994070378288304,1.831947884650838,4.572327267511364,4.500210272913184,3.299885392504521,3.0648578681207974,3.267090075514296,3.4796038469400528,61.85490290319016,9.442351022087843,10.864265166911588,988.8958068635002,12375.06058212006,5.493547832248623,2.3994070378288304,1.831947884650838,0.8479087452471483,Low,0,1,-1.817932455484449,-1.7974148569125612,-1.7723179350158718,-1.2174962818199055,-2.218294409555035,-1.5692140322425172,-0.3994349076083819,-0.22914901677242944,1.9172742268797824,-1.746796014396346,-1.7540883479816314,-0.7346353504225267,-1.9198799308640517,0.8439285937246992,0.6869027162535193,-1.0987972149572356,0.6125530498969481
Moorhead State University,No,2442,2164,1189,12,37,5983,1075,4426,2664,600,1000,75.0,81,18.1,19,4795,60,5.932986713165385,5.932700690407979,4.278745853001905,3.3372059894156245,3.877787788277946,9.562784739378772,48.99785283356558,9.845917647123215,8.993154813797165,3127.017536070735,43437.61538665517,7.640161914235766,6.5349533390638825,1.8246770007293982,5.932986713165385,5.932700690407979,4.278745853001905,3.3372059894156245,3.877787788277946,9.562784739378772,48.99785283356558,9.845917647123215,8.993154813797165,3127.017536070735,43437.61538665517,7.640161914235766,6.5349533390638825,1.8246770007293982,0.8861588861588862,Low,0,0,0.384322918801577,0.6011174992921903,0.9751485629308837,-0.9818731086748947,1.062292092909353,0.779710429868428,-1.7808443239051193,0.4497726389260374,-0.3813083118461038,0.044545418704219096,-0.06061368145330422,1.0190329338711737,-0.16286735762255852,-1.7246937751587315,0.9470914231398609,-1.0987972149572356,-1.6325116659989423
Moravian College,Yes,1232,955,303,23,58,1241,485,14990,4730,550,1250,86.0,92,15.2,28,9566,74,5.538328012645426,5.442686064760246,3.7769236107960507,4.417175042264962,3.5999295469866817,8.16357401375648,75.96405522798375,9.65214536925229,9.365994585919545,4109.398290283845,60591.59251052614,6.800922726023767,8.179318836422599,1.83047677039757,5.538328012645426,5.442686064760246,3.7769236107960507,4.417175042264962,3.5999295469866817,8.16357401375648,75.96405522798375,9.65214536925229,9.365994585919545,4109.398290283845,60591.59251052614,6.800922726023767,8.179318836422599,1.83047677039757,0.7751623376623377,Mid,1,1,-0.25444032721480914,-0.21935286495994377,-0.4333665973244757,-0.04753313995778422,-0.4303252477607855,0.23942725250188898,1.1165050453270264,0.12378880488361321,0.07671009872843897,0.8675946043813189,0.8745903245365926,0.3334196419182193,0.5357515534995189,0.3242205336104493,0.19206025897226356,0.3581403891754813,0.6125530498969481
Morehouse College,Yes,3708,1678,722,41,66,2852,153,7050,5490,250,600,71.0,74,17.8,10,8122,83,6.1643783001006405,5.783312835050083,4.107812924838949,5.523485196294676,3.7587833260228116,6.301989193552214,57.98349200357532,7.991460007482345,8.162552350641706,2803.316583884286,34308.59715981074,7.556028261153151,4.421054272265976,1.8292921169899397,6.1643783001006405,5.783312835050083,4.107812924838949,5.523485196294676,3.7587833260228116,6.301989193552214,57.98349200357532,7.991460007482345,8.162552350641706,2803.316583884286,34308.59715981074,7.556028261153151,4.421054272265976,1.8292921169899397,0.4525350593311758,Low,0,1,0.7588349743496128,0.35098556100908357,0.4953738529737276,0.9095959481215096,0.42301602481914885,-0.4793943968604399,-0.8153937350315311,-2.6699884439367905,-1.4016694654541817,-0.22665472844581655,-0.558311349746167,0.9503002630614447,-1.060970526681064,-0.094288037712009,-2.0025453648068874,-1.0987972149572356,0.6125530498969481
Morningside College,Yes,586,533,239,16,36,950,228,10520,3678,500,1000,48.0,68,13.0,32,8111,56,5.086841112656668,5.075974333696685,3.678567982812805,3.793745093657405,3.5424666355473104,6.92402671587568,66.94355813221577,9.442351022087843,8.993154813797165,1287.7609688263303,27520.52043115919,6.119944455137463,8.821390068071972,1.8292818600511747,5.086841112656668,5.075974333696685,3.678567982812805,3.793745093657405,3.5424666355473104,6.92402671587568,66.94355813221577,9.442351022087843,8.993154813797165,1287.7609688263303,27520.52043115919,6.119944455137463,8.821390068071972,1.8292818600511747,0.909556313993174,Mid,1,1,-0.9851811860651002,-0.8333674102677152,-0.7094312701494169,-0.5868962977653778,-0.7390083289650947,-0.23920440771304885,0.14730919088985717,-0.22914901677242944,-0.3813083118461038,-1.4964035600187222,-0.9283850943804479,-0.2229029900664657,0.808539510579746,-0.09791155895546472,1.1062476078639207,0.3581403891754813,0.6125530498969481
Morris College,Yes,882,730,330,2,13,926,12,4515,2550,850,2100,53.0,60,18.6,34,6990,60,5.338273192515726,5.2755768121192474,3.811445825255436,1.2265239675635806,3.53678596591199,2.8693773520738253,49.35347296386541,10.643493803603995,10.256967870813972,1567.2469311353118,19867.773742812482,7.779125994302875,9.126868146634914,1.8281090788812089,5.338273192515726,5.2755768121192474,3.811445825255436,1.2265239675635806,3.53678596591199,2.8693773520738253,49.35347296386541,10.643493803603995,10.256967870813972,1567.2469311353118,19867.773742812482,7.779125994302875,9.126868146634914,1.8281090788812089,0.8276643990929705,Low,0,1,-0.578233179415742,-0.4991571446853165,-0.33646961201372044,-2.807938928862917,-0.7695241271105578,-1.8048433792180707,-1.7426351706420802,1.7915380157237073,1.1712343376226138,-1.2622472080135945,-1.3455990913496088,1.1325591153654024,0.9383237726310382,-0.5122259641265596,0.5491947203596109,-1.0987972149572356,0.6125530498969481
Mount Holyoke College,Yes,1800,1314,526,47,79,1891,40,19300,5700,750,750,79.0,91,9.0,51,18359,84,5.759469387884821,5.637177253338552,3.9922160217531295,5.805977812818098,3.6839523247927572,4.374027314214041,83.1059109463388,10.352802615829257,8.52150081906591,3468.58928429813,58884.14428434742,4.7493178378898335,11.415703917127777,1.8342782667441826,5.759469387884821,5.637177253338552,3.9922160217531295,5.805977812818098,3.6839523247927572,4.374027314214041,83.1059109463388,10.352802615829257,8.52150081906591,3468.58928429813,58884.14428434742,4.7493178378898335,11.415703917127777,1.8342782667441826,0.73,High,2,1,0.10348154930872655,0.10629916251931289,0.1709163523272022,1.1539956758627181,0.021033886241497296,-1.2238465018477889,1.8838526628397612,1.302507133936391,-0.960715953306189,0.3307179114196808,0.781503315639944,-1.3426312395200746,1.9107498885325442,1.6671946006760645,-0.11514724291492597,1.8150779933081982,0.6125530498969481
Mount Marty College,Yes,279,276,126,17,37,600,435,6844,2980,500,500,45.0,55,11.7,38,5073,44,4.611255904088276,4.64422780964965,3.394919959024789,3.894175451333956,3.4354560344831695,7.9797536885639415,57.36730064248492,9.442351022087843,7.873683591318896,1133.3544180454874,15846.888812540607,5.695675107569281,9.71106985349749,1.8252358420765729,4.611255904088276,4.64422780964965,3.394919959024789,3.894175451333956,3.4354560344831695,7.9797536885639415,57.36730064248492,9.442351022087843,7.873683591318896,1133.3544180454874,15846.888812540607,5.695675107569281,9.71106985349749,1.8252358420765729,0.989247311827957,Low,0,1,-1.754925654341842,-1.5562748691649106,-1.5055748207535435,-0.5000085327852752,-1.3138549775352149,0.16844792998747304,-0.8815996332617959,-0.22914901677242944,-1.756532921293452,-1.6257670327235363,-1.5648105119584117,-0.5695082346102578,1.186525502100285,-1.5272690327863438,1.6483292102548692,-1.0987972149572356,0.6125530498969481
Mount Mary College,Yes,235,217,121,12,32,931,487,8950,3119,550,1125,51.0,51,10.7,26,7016,78,4.497682009057979,4.481642401637578,3.376052773142275,3.3372059894156245,3.53798412439352,8.170561152656235,63.17671412938676,9.65214536925229,9.18918471405435,1452.1285394184367,13027.027457305247,5.356382251004348,7.840523349237043,1.8281395184323403,4.497682009057979,4.481642401637578,3.376052773142275,3.3372059894156245,3.53798412439352,8.170561152656235,63.17671412938676,9.65214536925229,9.18918471405435,1452.1285394184367,13027.027457305247,5.356382251004348,7.840523349237043,1.8281395184323403,0.9234042553191489,Mid,1,1,-1.9387473457341686,-1.8285045169175966,-1.5585312565425646,-0.9818731086748947,-0.763087779863516,0.24212522610681736,-0.25741457910793925,0.12378880488361321,-0.14049359717716683,-1.3586946375389468,-1.7185442855730702,-0.8466922550814785,0.3918121831278882,-0.5014724281356323,1.2004453770945605,0.3581403891754813,0.6125530498969481
Mount Mercy College,Yes,368,317,159,20,49,806,542,10500,3555,500,2285,44.0,50,11.3,30,6695,64,4.791624747365055,4.7366862349379275,3.5011471521377637,4.170730633321285,3.5054143106636744,8.353124602872047,66.89798175942522,9.442351022087843,10.405218340559937,1084.0968907915749,12375.06058212006,5.561395109609361,8.50587730878895,1.8277510255204465,4.791624747365055,4.7366862349379275,3.5011471521377637,4.170730633321285,3.5054143106636744,8.353124602872047,66.89798175942522,9.442351022087843,10.405218340559937,1084.0968907915749,12375.06058212006,5.561395109609361,8.50587730878895,1.8277510255204465,0.8614130434782609,Mid,1,1,-1.462994961670164,-1.4014643922854182,-1.207416231223307,-0.26074560260699386,-0.9380484667578247,0.3126192261508269,0.14241229539730088,-0.22914901677242944,1.353353976129658,-1.6670355200396116,-1.7540883479816314,-0.6792077728800088,0.6744919519989533,-0.6387173070836494,0.7787629240961116,0.3581403891754813,0.6125530498969481
Mount Saint Clare College,Yes,325,284,95,16,33,364,88,9900,3650,500,1200,32.0,37,13.6,43,6525,21,4.711111027157728,4.66337243536369,3.2609702063777646,3.793745093657405,3.3062590793852693,5.476512821456491,65.50331261305479,9.442351022087843,9.297325805521908,579.0265703865177,5684.122839706694,6.309991187296932,10.398062989232335,1.8275334326391324,4.711111027157728,4.66337243536369,3.2609702063777646,3.793745093657405,3.3062590793852693,5.476512821456491,65.50331261305479,9.442351022087843,9.297325805521908,579.0265703865177,5684.122839706694,6.309991187296932,10.398062989232335,1.8275334326391324,0.8738461538461538,Mid,1,1,-1.5933080782965794,-1.524219503445356,-1.881545117499367,-0.5868962977653778,-2.0078837551044257,-0.7981390927021104,-0.007436159806771041,-0.22914901677242944,-0.007646689375954711,-2.0901888789956606,-2.1188662496512314,-0.06764502846155519,1.4783988095896108,-0.7155874577135224,0.8633365970836673,0.3581403891754813,0.6125530498969481
Mount Saint Mary's College,Yes,1321,1159,328,15,36,1243,79,12850,6200,550,900,77.0,82,12.8,36,8536,80,5.579470835952381,5.561192523951551,3.809002153225347,3.6884527234691826,3.6002657617441898,5.3204790066619,71.90507785472292,9.65214536925229,8.819245343756174,3295.568346309384,44852.305090025206,6.05581660003175,9.42317822480527,1.8296632156248098,5.579470835952381,5.561192523951551,3.809002153225347,3.6884527234691826,3.6002657617441898,5.3204790066619,71.90507785472292,9.65214536925229,8.819245343756174,3295.568346309384,44852.305090025206,6.05581660003175,9.42317822480527,1.8296632156248098,0.8773656320968963,Mid,1,1,-0.18784981918545426,-0.020928098331000823,-0.3433285130579277,-0.6779904542213022,-0.4285191470134632,-0.8583890919982138,0.6803933763521203,0.12378880488361321,-0.5949489827396871,0.18575910445405372,0.01651265888576715,-0.27529199961519973,1.0642129526815685,0.03681187598333703,0.8872771231352794,0.3581403891754813,0.6125530498969481
Mount Saint Mary College,Yes,1170,695,238,14,48,1170,429,7470,4600,250,1400,74.0,75,15.3,23,6898,88,5.507735612120729,5.24467993898887,3.676797773234945,3.5777357214550345,3.5875472090794562,7.956414595712106,59.204091523342576,7.991460007482345,9.557721089085858,3044.4176772221554,35531.398971011564,6.830893399583299,7.306201546172464,1.8279999521224195,5.507735612120729,5.24467993898887,3.676797773234945,3.5777357214550345,3.5875472090794562,7.956414595712106,59.204091523342576,7.991460007482345,9.557721089085858,3044.4176772221554,35531.398971011564,6.830893399583299,7.306201546172464,1.8279999521224195,0.594017094017094,Low,0,1,-0.30395475838494074,-0.5508902306478494,-0.714399896123995,-0.7737777547234982,-0.49684151228643636,0.15943590698626692,-0.6842479697896761,-2.6699884439367905,0.3122382660840021,-0.024657633443134833,-0.4916463924532397,0.3579040707316264,0.16480224108923644,-0.5507777326183669,-1.04014295856422,-1.0987972149572356,0.6125530498969481
Mount St. Mary's College,Yes,657,537,113,37,90,1039,466,12474,5678,630,1278,53.0,71,11.9,19,10613,72,5.157917136271124,5.080769306114958,3.343923809677465,5.316571396825102,3.5620996423534144,8.095852612610924,71.1469070150275,9.955518251301774,9.403345872246657,1567.2469311353118,30798.352141016087,5.7621291159934716,6.5349533390638825,1.8311759408435144,5.157917136271124,5.080769306114958,3.343923809677465,5.316571396825102,3.5620996423534144,8.095852612610924,71.1469070150275,9.955518251301774,9.403345872246657,1567.2469311353118,30798.352141016087,5.7621291159934716,6.5349533390638825,1.8311759408435144,0.817351598173516,Mid,1,1,-0.8701431760121301,-0.825338807526727,-1.6487108626209097,0.7305835658560428,-0.6335424400567752,0.21327770038895646,0.5989326733568611,0.6341541487893395,0.12259462628051393,-1.2622472080135945,-0.7496836000340958,-0.5152188828746125,-0.16286735762255852,0.5712200547855273,0.4790440157700305,0.3581403891754813,0.6125530498969481
Mount Union College,Yes,1310,1086,458,26,61,1365,144,12250,3530,400,1150,85.0,87,16.7,35,7215,81,5.574549517280836,5.521547993535902,3.939887072680988,4.639999884647015,3.619611744399105,6.209419572256754,70.68807079066653,8.96107520321098,9.225954671852792,4014.4961141771587,52354.631663757325,7.24245169433793,9.276119865145814,1.8283668698905031,5.574549517280836,5.521547993535902,3.939887072680988,4.639999884647015,3.619611744399105,6.209419572256754,70.68807079066653,8.96107520321098,9.225954671852792,4014.4961141771587,52354.631663757325,7.24245169433793,9.276119865145814,1.8283668698905031,0.8290076335877863,Mid,1,1,-0.19581507494992953,-0.08730808090342967,0.02403940688860889,0.14524475095617614,-0.324595113488898,-0.5151386977046785,0.5496335979517057,-1.0388011424180428,-0.0953232079457115,0.7880845382194887,0.4255260215207906,0.6941250685837765,1.0017342937327451,-0.4211548151266863,0.5583317964048392,0.3581403891754813,0.6125530498969481
Mount Vernon Nazarene College,Yes,510,485,334,18,36,1114,94,7400,3346,600,600,57.0,57,19.8,7,6869,58,4.999721548710944,5.015239841473565,3.8162823328407636,3.9902206092359616,3.5771163330625653,5.572705719236125,59.00384625688988,9.845917647123215,8.162552350641706,1810.795332056283,17387.592967656466,8.106524676578005,3.5140781476818708,1.8279650869688215,4.999721548710944,5.015239841473565,3.8162823328407636,3.9902206092359616,3.5771163330625653,5.572705719236125,59.00384625688988,9.845917647123215,8.162552350641706,1810.795332056283,17387.592967656466,8.106524676578005,3.5140781476818708,1.8279650869688215,0.9509803921568627,Low,0,1,-1.1261859970174133,-0.935059989119014,-0.32289449779263835,-0.41691464264756517,-0.5528747843205425,-0.7609957207276271,-0.7057630681325016,0.4497726389260374,-1.4016694654541817,-1.0581997323364798,-1.4808140901662576,1.4000262349763708,-1.4463049754933548,-0.5630947238389544,1.3880263693131738,-1.0987972149572356,0.6125530498969481
Muhlenberg College,Yes,2519,1836,462,30,61,1656,352,16975,4565,600,850,76.0,86,12.8,39,10888,83,5.95043021569061,5.836467222349286,3.9432071410984513,4.908029058750458,3.6583110526880045,7.627073675144412,79.40105133351526,9.845917647123215,8.725466682985342,3210.7343245943,50796.25679590814,6.05581660003175,9.85206621604371,1.8313421841232786,5.95043021569061,5.836467222349286,3.9432071410984513,4.908029058750458,3.6583110526880045,7.627073675144412,79.40105133351526,9.845917647123215,8.725466682985342,3210.7343245943,50796.25679590814,6.05581660003175,9.85206621604371,1.8313421841232786,0.7288606589916634,High,2,1,0.4125555873838937,0.43998616879977526,0.03335817817010119,0.3771313679720627,-0.11670760093748567,0.03226609922053677,1.4857887269060215,0.4497726389260374,-0.7101522318661437,0.11468424657347391,0.3405662242258264,-0.27529199961519973,1.2464286838639715,0.6299496689139803,-0.12289737550517488,1.8150779933081982,0.6125530498969481
Murray State University,No,2225,1910,1190,29,55,5968,955,4738,3110,700,940,72.0,76,20.2,27,5972,52,5.880459151223331,5.859702503572176,4.279022878145262,4.843751032487945,3.877416378626542,9.348518430565974,50.224745574598856,10.194537490294326,8.890857656038765,2882.5675146975664,36780.940288277394,8.213832220318597,8.01153343199436,1.8267605714581792,5.880459151223331,5.859702503572176,4.279022878145262,4.843751032487945,3.877416378626542,9.348518430565974,50.224745574598856,10.194537490294326,8.890857656038765,2882.5675146975664,36780.940288277394,8.213832220318597,8.01153343199436,1.8267605714581792,0.8584269662921349,Low,0,0,0.29930597649870105,0.4788908435801361,0.9759261173742144,0.32152095127645364,1.0602969298952851,0.696974870450462,-1.6490223914967181,1.0362571162148249,-0.5069761861076957,-0.16025744430696973,-0.42352364534226566,1.4876907284232481,0.464466880638092,-0.9886200819291754,0.7584507489458626,-1.0987972149572356,-1.6325116659989423
Muskingum College,Yes,1109,922,375,24,46,1115,70,13240,3914,600,800,73.0,85,13.4,27,9333,73,5.475889976308333,5.420989122212573,3.862308792634355,4.493818501377219,3.5773081627435253,5.147489711595971,72.67623300864119,9.845917647123215,8.626435575433408,2962.9344405957,49267.05353907696,6.247023944018424,8.01153343199436,1.8303049133461045,5.475889976308333,5.420989122212573,3.862308792634355,4.493818501377219,3.5773081627435253,5.147489711595971,72.67623300864119,9.845917647123215,8.626435575433408,2962.9344405957,49267.05353907696,6.247023944018424,8.01153343199436,1.8303049133461045,0.8313796212804329,Mid,1,1,-0.3554975767142494,-0.25568177724846086,-0.1937073854255391,0.018775285270126344,-0.5518443009095576,-0.9251861828703201,0.7632491624989939,0.4497726389260374,-0.8318078970334455,-0.09292516745590934,0.25719681074029643,-0.11908588055207388,0.464466880638092,0.2635077136267663,0.5744667542321615,0.3581403891754813,0.6125530498969481
National-Louis University,Yes,513,347,279,23,48,2508,505,9090,4500,650,500,62.0,65,18.3,2,7905,71,5.003417544137268,4.796588457889117,3.7431186312989397,4.417175042264962,3.736096348574682,8.232293606178375,63.52945959191276,10.026082431745259,7.873683591318896,2140.223695713882,24468.81775259251,7.695934006011985,1.4356050330977457,1.8290857257129163,5.003417544137268,4.796588457889117,3.7431186312989397,4.417175042264962,3.736096348574682,8.232293606178375,63.52945959191276,10.026082431745259,7.873683591318896,2140.223695713882,24468.81775259251,7.695934006011985,1.4356050330977457,1.8290857257129163,0.6764132553606238,Mid,1,1,-1.120203952195723,-1.301165347906268,-0.5282504468415923,-0.04753313995778422,0.30114461373879864,0.26596224044984307,-0.21951429087303498,0.7528645357434074,-1.756532921293452,-0.7822010981159766,-1.0947584403093151,1.0645957340584027,-2.329357208369601,-0.16720094027416252,-0.4796600384662045,0.3581403891754813,0.6125530498969481
Nazareth College of Rochester,Yes,947,798,266,36,68,1274,471,10850,5150,550,800,77.0,93,13.6,24,8797,61,5.381245805144143,5.331318223846161,3.723376799742265,5.262121851799814,3.605394288078682,8.113914824281393,67.68748605707488,9.65214536925229,8.626435575433408,3295.568346309384,62329.492559452454,6.309991187296932,7.488071014907595,1.8298832101024989,5.381245805144143,5.331318223846161,3.723376799742265,5.262121851799814,3.605394288078682,8.113914824281393,67.68748605707488,9.65214536925229,8.626435575433408,3295.568346309384,62329.492559452454,6.309991187296932,7.488071014907595,1.8298832101024989,0.8426610348468849,Mid,1,1,-0.508681119633028,-0.40582487664728745,-0.5836618389643382,0.683476302864234,-0.40096938889445904,0.2202521388583639,0.22723958198900848,0.12378880488361321,-0.8318078970334455,0.18575910445405372,0.9693375120855497,-0.06764502846155519,0.24207061628816592,0.11453045085381086,0.6512062468912446,0.3581403891754813,0.6125530498969481
New Jersey Institute of Technology,No,1879,1216,483,27,62,3311,1646,8832,5376,700,1850,92.0,98,13.5,19,12529,72,5.7841382034069255,5.590334073607059,3.9601097130256546,4.709852044651068,3.784333193623128,10.352436161502267,62.876574096021734,10.194537490294326,10.036126068349649,4702.342075565505,71483.10904926102,6.278554485115751,6.5349533390638825,1.8322145334232196,5.7841382034069255,5.590334073607059,3.9601097130256546,4.709852044651068,3.784333193623128,10.352436161502267,62.876574096021734,10.194537490294326,10.036126068349649,4702.342075565505,71483.10904926102,6.278554485115751,6.5349533390638825,1.8322145334232196,0.6471527408195848,Mid,1,0,0.14340853598738912,0.02786591027460087,0.08080033358776872,0.20567765393688317,0.5602664992151272,1.084621885694457,-0.28966274381545754,1.0362571162148249,0.8999392159210445,1.3643692994630383,1.4683762334705521,-0.09332712383236806,-0.16286735762255852,0.938128970016679,-0.678698663155967,0.3581403891754813,-1.6325116659989423
New Mexico Institute of Mining and Tech.,No,787,601,233,40,73,1017,411,5376,3214,600,1100,99.0,100,13.7,11,9241,34,5.268937158816519,5.152684373539827,3.667816334670551,5.473292195405891,3.5574425222925106,7.884566603391525,52.57738784419076,9.845917647123215,9.15165023999676,5445.147189539932,75365.02473070551,6.341334969722225,4.693250809609002,1.83023522145275,5.268937158816519,5.152684373539827,3.667816334670551,5.473292195405891,3.5574425222925106,7.884566603391525,52.57738784419076,9.845917647123215,9.15165023999676,5445.147189539932,75365.02473070551,6.341334969722225,4.693250809609002,1.83023522145275,0.7636594663278272,Low,0,0,-0.6904549799062827,-0.7049257045763743,-0.7396090066712747,0.8661712529818544,-0.6585598666703738,0.13169293670485624,-1.3962457306925278,0.4497726389260374,-0.18660316336359328,1.9866994311879236,1.6800113003699915,-0.042038843535126456,-0.9453261344609437,0.2388873018399253,0.11381434544968615,-1.0987972149572356,-1.6325116659989423
New York University,Yes,13594,7244,2505,70,86,12408,2814,17748,7262,450,1000,87.0,98,7.8,16,21227,71,6.840341076866236,6.607082749945105,4.510589440145533,6.678306978262003,3.9774843799272683,11.388639938948709,80.66788418427598,9.213393432273651,8.993154813797165,4205.420538622495,71483.10904926102,4.293491081377974,5.900711370401069,1.8349567975937042,6.840341076866236,6.607082749945105,4.510589440145533,6.678306978262003,3.9774843799272683,11.388639938948709,80.66788418427598,9.213393432273651,8.993154813797165,4205.420538622495,71483.10904926102,4.293491081377974,5.900711370401069,1.8349567975937042,0.5328821538914227,High,2,1,1.8528946692307215,1.7302888853546539,1.6258873700916596,1.9086950841480654,1.597848860309674,1.4847356491370476,1.6219019736802094,-0.6143252338289236,-0.3813083118461038,0.9480430791331619,1.4683762334705521,-1.715017190369391,-0.4323290036172367,1.9069026660076351,-1.4560007995477826,1.8150779933081982,0.6125530498969481
Newberry College,Yes,872,722,154,14,36,601,36,10194,2600,500,1500,57.0,63,11.4,32,5788,83,5.331361524415904,5.268656409681757,3.4867732420020374,3.5777357214550345,3.435863497667309,4.233433825685417,66.19343807076898,9.442351022087843,9.675230393594894,1810.795332056283,22556.828963349828,5.595139884147383,8.821390068071972,1.826478459846202,5.331361524415904,5.268656409681757,3.4867732420020374,3.5777357214550345,3.435863497667309,4.233433825685417,66.19343807076898,9.442351022087843,9.675230393594894,1810.795332056283,22556.828963349828,5.595139884147383,8.821390068071972,1.826478459846202,0.8279816513761468,Mid,1,1,-0.5894198567777608,-0.5107445235337614,-1.2477609362513746,-0.7737777547234982,-1.311666139761302,-1.2781344624160644,0.06671349353904604,-0.22914901677242944,0.4565936404384389,-1.0581997323364798,-1.1989966331316235,-0.6516401064957508,0.808539510579746,-1.0882830946901714,0.5513527636856955,0.3581403891754813,0.6125530498969481
Niagara University,Yes,2220,1796,467,65,99,1919,334,10320,4762,450,650,68.0,100,14.2,20,7788,65,5.879184870231889,5.8234867037752815,3.947310876129683,6.510442024303655,3.686746866392258,7.540649818536752,66.4852045099581,9.213393432273651,8.290621844560157,2572.256540860469,75365.02473070551,6.496691212510575,6.734949707633466,1.828970781330005,5.879184870231889,5.8234867037752815,3.947310876129683,6.510442024303655,3.686746866392258,7.540649818536752,66.4852045099581,9.213393432273651,8.290621844560157,2572.256540860469,75365.02473070551,6.496691212510575,6.734949707633466,1.828970781330005,0.809009009009009,Mid,1,1,0.29724352643397894,0.4182518567095651,0.044876545669622334,1.7634659820582093,0.03604579026584525,-0.001105111415008997,0.09806196805478586,-0.6143252338289236,-1.244341330331405,-0.4202393232555936,1.6800113003699915,0.0848788535167615,-0.07789765626183243,-0.2078079306090045,0.42229527092734204,0.3581403891754813,0.6125530498969481
North Adams State College,No,1563,1005,240,1,19,1380,136,5542,4330,500,1000,65.0,71,14.2,17,6562,57,5.677839344276564,5.4740778264903005,3.6803296817198303,0.7426885270929179,3.6218442849124033,6.122615113678484,53.159123281655866,9.442351022087843,8.993154813797165,2351.2286673140156,30798.352141016087,6.496691212510575,6.118308313178587,1.8275815304772682,5.677839344276564,5.4740778264903005,3.6803296817198303,0.7426885270929179,3.6218442849124033,6.122615113678484,53.159123281655866,9.442351022087843,8.993154813797165,2351.2286673140156,30798.352141016087,6.496691212510575,6.118308313178587,1.8275815304772682,0.6429942418426103,Low,0,0,-0.028638359764537276,-0.1667911477517525,-0.704486531934062,-3.226531284931711,-0.31260220419669305,-0.5486568717948546,-1.3337419054172122,-0.22914901677242944,-0.3813083118461038,-0.6054188583331771,-0.7496836000340958,0.0848788535167615,-0.3398815888114029,-0.6985956883130491,-0.7069859961073378,-1.0987972149572356,-1.6325116659989423
North Carolina A. & T. State University,No,4809,3089,1429,12,33,6162,871,6806,1780,600,1651,72.0,72,16.7,9,7090,44,6.304875083017131,6.13731210121908,4.338477234558268,3.3372059894156245,3.8821341786850168,9.183368303353511,57.252308000128146,9.845917647123215,9.83959363321175,2882.5675146975664,31942.302495605825,7.24245169433793,4.135322577728063,1.828225210002986,6.304875083017131,6.13731210121908,4.338477234558268,3.3372059894156245,3.8821341786850168,9.183368303353511,57.252308000128146,9.845917647123215,9.83959363321175,2882.5675146975664,31942.302495605825,7.24245169433793,4.135322577728063,1.828225210002986,0.6423372842586816,Low,0,0,0.9862319150286346,0.9437146177688381,1.142802663106503,-0.9818731086748947,1.0856403213468728,0.6332047507401846,-0.8939548716793383,0.4497726389260374,0.6585071577052745,-0.16025744430696973,-0.6873174824544503,0.6941250685837765,-1.18236541463741,-0.47119972847990066,-0.711454814787928,-1.0987972149572356,-1.6325116659989423
North Carolina State University at Raleigh,No,10634,7064,3176,39,78,16505,5481,8400,6540,600,1300,92.0,98,17.5,21,9670,62,6.717467321129579,6.593613152001984,4.578945759402953,5.422106255753956,4.012338503431083,12.745470200899272,61.75472188110785,9.845917647123215,9.432165418805424,4702.342075565505,71483.10904926102,7.471312348698436,6.929932557777247,1.8305514102631835,6.717467321129579,6.593613152001984,4.578945759402953,5.422106255753956,4.012338503431083,12.745470200899272,61.75472188110785,9.845917647123215,9.432165418805424,4702.342075565505,71483.10904926102,7.471312348698436,6.929932557777247,1.8305514102631835,0.6642843708858379,Low,0,0,1.6540209614899188,1.7077356688744025,1.8177499538426523,0.821887512510805,1.7850805540463333,2.008654278153912,-0.41019873029626974,0.4497726389260374,0.1579982604829097,1.3643692994630383,1.4683762334705521,0.8810919176520503,0.004942020606680277,0.35058894087658526,-0.5621642774636598,-1.0987972149572356,-1.6325116659989423
North Carolina Wesleyan College,Yes,812,689,195,7,24,646,84,8242,4230,600,1295,77.0,77,12.7,11,10090,52,5.28802021144657,5.239216624810548,3.591357029629916,2.569862268252232,3.453389288028475,5.40903385569568,61.334956928541125,9.845917647123215,9.425655400261784,3295.568346309384,38057.447169980325,6.023602095364745,4.693250809609002,1.8308406806684905,5.28802021144657,5.239216624810548,3.591357029629916,2.569862268252232,3.453389288028475,5.40903385569568,61.334956928541125,9.845917647123215,9.425655400261784,3295.568346309384,38057.447169980325,6.023602095364745,4.693250809609002,1.8308406806684905,0.8485221674876847,Low,0,1,-0.6595686656661225,-0.5600378910222445,-0.9542150588441185,-1.6457438988012263,-1.2175199359976199,-0.8241950322107534,-0.4552998425239486,0.4497726389260374,0.15000096896758802,0.18575910445405372,-0.3539307841170397,-0.3016095177954872,-0.9453261344609437,0.452780977189614,0.6910753947257052,-1.0987972149572356,0.6125530498969481
North Central College,Yes,1127,884,308,30,64,1310,766,11718,7398,450,1800,73.0,87,16.4,33,8871,76,5.485478727568102,5.394951850125002,3.7835779046315117,4.908029058750458,3.611162435698618,8.955140347201725,69.5757908762269,9.213393432273651,9.988659024785472,2962.9344405957,52354.631663757325,7.155480466306929,8.975326246182142,1.8299437610679805,5.485478727568102,5.394951850125002,3.7835779046315117,4.908029058750458,3.611162435698618,8.955140347201725,69.5757908762269,9.213393432273651,9.988659024785472,2962.9344405957,52354.631663757325,7.155480466306929,8.975326246182142,1.8299437610679805,0.7843833185448092,Mid,1,1,-0.33997798504716037,-0.2992780476364771,-0.4146893188785438,0.3771313679720627,-0.36998367070574895,0.5450781211657026,0.43012609513854344,-0.6143252338289236,0.8416278943466902,-0.09292516745590934,0.4255260215207906,0.6230742516139866,0.8739402534841448,0.13592160027582095,0.25478408259346536,0.3581403891754813,0.6125530498969481
North Dakota State University,No,2968,2297,1610,13,47,7368,1128,5834,2744,600,2000,79.0,83,17.0,24,6310,42,6.041938187758982,5.96734906651188,4.376316118324252,3.4609232634102094,3.9078941865986865,9.650533665093429,54.15524092539768,9.845917647123215,10.171715522398618,3468.58928429813,46295.29542396985,7.328788144787452,7.488071014907595,1.8272453858250444,6.041938187758982,5.96734906651188,4.376316118324252,3.4609232634102094,3.9078941865986865,9.650533665093429,54.15524092539768,9.845917647123215,10.171715522398618,3468.58928429813,46295.29542396985,7.328788144787452,7.488071014907595,1.8272453858250444,0.773921832884097,Low,0,0,0.5606631273868379,0.6591320243181207,1.2490088790710505,-0.8748385657786061,1.224019641424115,0.8135932950633971,-1.2267153102532689,0.4497726389260374,1.0665053144911143,0.3307179114196808,0.09518189874570733,0.764657306400675,0.24207061628816592,-0.8173472296953523,0.18362198066940585,-1.0987972149572356,-1.6325116659989423
North Park College,Yes,465,361,176,19,39,879,156,12580,4345,400,970,76.0,79,13.1,24,10889,74,4.94130607700962,4.822676797005713,3.546390703645799,4.08228841706668,3.525123191340594,6.331748485811421,71.36214923493014,8.96107520321098,8.94273862179227,3210.7343245943,40692.25666426344,6.151859860146799,7.488071014907595,1.831342776804436,4.94130607700962,4.822676797005713,3.546390703645799,4.08228841706668,3.525123191340594,6.331748485811421,71.36214923493014,8.96107520321098,8.94273862179227,3210.7343245943,40692.25666426344,6.151859860146799,7.488071014907595,1.831342776804436,0.7763440860215054,Mid,1,1,-1.2207326426946932,-1.2574835719400237,-1.0804265865978688,-0.337261774390416,-0.832174993554878,-0.46790331500725246,0.6220591003170086,-1.0388011424180428,-0.4432425416570905,0.11468424657347391,-0.21028570541136532,-0.19682982022428813,0.24207061628816592,0.6301590484192249,0.20009885883380166,0.3581403891754813,0.6125530498969481
Northeast Missouri State University,No,6040,4577,1620,36,72,5640,266,4856,3416,400,1100,69.0,72,15.7,13,6601,76,6.425847357061539,6.357520275695145,4.378261578104067,5.262121851799814,3.8689982602512107,7.170463917997722,50.674912009540684,8.96107520321098,9.15165023999676,2648.1614235052466,31942.302495605825,6.949989369160333,5.2034945525684675,1.827631777478535,6.425847357061539,6.357520275695145,4.378261578104067,5.262121851799814,3.8689982602512107,7.170463917997722,50.674912009540684,8.96107520321098,9.15165023999676,2648.1614235052466,31942.302495605825,6.949989369160333,5.2034945525684675,1.827631777478535,0.7577814569536424,Low,0,0,1.1820280354354158,1.312426635057807,1.2544693974838887,0.683476302864234,1.0150759229370574,-0.1440465646907973,-1.6006548306050825,-1.0388011424180428,-0.18660316336359328,-0.3566453943418077,-0.6873174824544503,0.4551990742383173,-0.7285459060471434,-0.6808446730558433,0.07383039711171765,-1.0987972149572356,-1.6325116659989423
Northeastern University,Yes,11901,8492,2517,16,42,11160,10221,13380,7425,600,1750,73.0,82,12.9,17,9563,46,6.774066307506794,6.691623292856989,4.511991019279053,3.793745093657405,3.9639683340224647,14.086070740449927,72.94941485104066,9.845917647123215,9.939954628262615,2962.9344405957,44852.305090025206,6.0879303745316315,6.118308313178587,1.8304745987624824,6.774066307506794,6.691623292856989,4.511991019279053,3.793745093657405,3.9639683340224647,14.086070740449927,72.94941485104066,9.845917647123215,9.939954628262615,2962.9344405957,44852.305090025206,6.0879303745316315,6.118308313178587,1.8304745987624824,0.7135534829005966,Mid,1,1,1.745627588207929,1.8718418235864425,1.6298213237745078,-0.5868962977653778,1.5252424679239402,2.5263060555626318,0.7926008386150794,0.4497726389260374,0.7817965352714337,-0.09292516745590934,0.01651265888576715,-0.24905677256531966,-0.3398815888114029,0.3234533489705677,-0.2270212887322241,0.3581403891754813,0.6125530498969481
Northern Arizona University,No,5891,4931,1973,23,48,11249,2682,6746,3728,620,2342,78.0,83,21.7,7,6157,41,6.41268810808266,6.3985627207745495,4.43922586013671,4.417175042264962,3.964992070261472,11.293837534332212,57.06987881592127,9.919500355507711,10.448657093937264,3381.5199008967597,46295.29542396985,8.608657898724385,3.5140781476818708,1.8270310157422205,6.41268810808266,6.3985627207745495,4.43922586013671,4.417175042264962,3.964992070261472,11.293837534332212,57.06987881592127,9.919500355507711,10.448657093937264,3381.5199008967597,46295.29542396985,8.608657898724385,3.5140781476818708,1.8270310157422205,0.8370395518587677,Low,0,0,1.1607295195739593,1.3811472570588026,1.42558400392223,-0.04753313995778422,1.5307418421930397,1.4481291941905212,-0.9135557436916588,0.5735611068222635,1.4067167079701128,0.2577702434217395,0.09518189874570733,1.810242078409743,-1.4463049754933548,-0.8930788458111237,0.6129672664692677,-1.0987972149572356,-1.6325116659989423
Northern Illinois University,No,10706,7219,2397,12,37,14826,1979,7799,3296,470,1750,73.0,78,17.3,11,6086,56,6.720873449760745,6.605233527828936,4.497614948690383,3.3372059894156245,3.9994889214573144,10.703051472902978,60.12908889932516,9.307516017653251,9.939954628262615,2962.9344405957,39361.14463169006,7.414504916527184,4.693250809609002,1.8269287236820244,6.720873449760745,6.605233527828936,4.497614948690383,3.3372059894156245,3.9994889214573144,10.703051472902978,60.12908889932516,9.307516017653251,9.939954628262615,2962.9344405957,39361.14463169006,7.414504916527184,4.693250809609002,1.8269287236820244,0.6742947879693629,Low,0,0,1.6595338509255921,1.7271925860529123,1.5894705547850037,-0.9818731086748947,1.7160543168353055,1.2200064643058637,-0.5848628014724908,-0.45598245337987864,0.7817965352714337,-0.09292516745590934,-0.2828555413330692,0.8346833000310062,-0.9453261344609437,-0.9292160853569285,-0.49407047664955506,-1.0987972149572356,-1.6325116659989423
Northwest Missouri State University,No,2729,2535,1257,8,29,4787,472,3735,3136,250,1630,62.0,65,21.7,23,5284,54,5.995239411822247,6.024304348693435,4.296994375485726,2.7493332105333432,3.843978949382863,8.117506265915244,46.06241623731422,7.991460007482345,9.817590021611256,2140.223695713882,24468.81775259251,8.608657898724385,7.306201546172464,1.8256294144964047,5.995239411822247,6.024304348693435,4.296994375485726,2.7493332105333432,3.843978949382863,8.117506265915244,46.06241623731422,7.991460007482345,9.817590021611256,2140.223695713882,24468.81775259251,8.608657898724385,7.306201546172464,1.8256294144964047,0.9289116892634665,Low,0,0,0.4850801954432613,0.7544967719637904,1.0263685336873374,-1.490473824946659,0.8806755284043403,0.22163891746270936,-2.096238580989325,-2.6699884439367905,0.631476620821323,-0.7822010981159766,-1.0947584403093151,1.810242078409743,0.16480224108923644,-1.3882296900766227,1.2379085623816553,-1.0987972149572356,-1.6325116659989423
Northwest Nazarene College,Yes,616,514,385,29,52,1115,60,9840,2820,450,822,59.0,59,14.8,20,6261,58,5.117942221121194,5.0526605661756365,3.872656779925376,4.843751032487945,3.5773081627435253,4.929998211400861,65.36082175523099,9.213393432273651,8.670695412693155,1939.231936198742,19018.1657525989,6.680232225176779,6.734949707633466,1.8271776113656313,5.117942221121194,5.0526605661756365,3.872656779925376,4.843751032487945,3.5773081627435253,4.929998211400861,65.36082175523099,9.213393432273651,8.670695412693155,1939.231936198742,19018.1657525989,6.680232225176779,6.734949707633466,1.8271776113656313,0.8344155844155844,Mid,1,1,-0.9348434006030423,-0.8724035008839885,-0.1646626445757431,0.32152095127645364,-0.5518443009095576,-1.0091670991282116,-0.022745909062476245,-0.6143252338289236,-0.7774364972264984,-0.9505941608742655,-1.391918192175684,0.2348219920998793,-0.07789765626183243,-0.8412902597819828,0.5951182682778857,0.3581403891754813,0.6125530498969481
Northwestern College,Yes,860,811,366,22,56,1040,52,9900,3075,300,1800,68.0,68,14.9,34,6357,68,5.322954437149836,5.341395067877186,3.852719698574734,4.337922600177787,3.5623084686223243,4.731100409276383,65.50331261305479,8.360621760581918,9.988659024785472,2572.256540860469,27520.52043115919,6.710527469549969,9.126868146634914,1.8273096356327434,5.322954437149836,5.341395067877186,3.852719698574734,4.337922600177787,3.5623084686223243,4.731100409276383,65.50331261305479,8.360621760581918,9.988659024785472,2572.256540860469,27520.52043115919,6.710527469549969,9.126868146634914,1.8273096356327434,0.9430232558139535,Mid,1,1,-0.6030269009010543,-0.388952417214636,-0.22062206401116932,-0.1160987382636973,-0.6324206532466596,-1.085968351816752,-0.007436159806771041,-2.0489462340837274,0.8416278943466902,-0.4202393232555936,-0.9283850943804479,0.25957157781628776,0.9383237726310382,-0.7946493713557954,1.333899587914977,0.3581403891754813,0.6125530498969481
Northwestern University,Yes,12289,5200,1902,85,98,7450,45,16404,5520,759,1585,96.0,100,6.8,25,26385,92,6.790111739068065,6.427695074093377,4.42803309499589,7.130556590431673,3.90945623286002,4.533104806453966,78.44071551726742,10.380307350600079,9.769541394899033,5120.066987885137,75365.02473070551,3.892663434657299,7.666103609271758,1.8358786523912745,6.790111739068065,6.427695074093377,4.42803309499589,7.130556590431673,3.90945623286002,4.533104806453966,78.44071551726742,10.380307350600079,9.769541394899033,5120.066987885137,75365.02473070551,3.892663434657299,7.666103609271758,1.8358786523912745,0.4231426478964928,High,2,1,1.7715974501020368,1.4299258675082858,1.3941681397773427,2.2999608221542487,1.2324107451961697,-1.1624212344588023,1.382606664754302,1.3487784529993019,0.5724508481368616,1.7143437339653733,1.6800113003699915,-2.0424718257510004,0.31770887154146105,2.232571027583202,-2.202481190954777,1.8150779933081982,0.6125530498969481
Norwich University,Yes,1743,1625,626,8,29,1862,382,14134,5270,500,800,71.0,74,13.1,22,9209,63,5.740937571636306,5.764273827869488,4.0564406556837955,2.7493332105333432,3.6810042921921444,7.762540254597775,74.38929877334115,9.442351022087843,8.626435575433408,2803.316583884286,34308.59715981074,6.151859860146799,7.12024725786717,1.8302107294031862,5.740937571636306,5.764273827869488,4.0564406556837955,2.7493332105333432,3.6810042921921444,7.762540254597775,74.38929877334115,9.442351022087843,8.626435575433408,2803.316583884286,34308.59715981074,6.151859860146799,7.12024725786717,1.8302107294031862,0.9323006310958118,Mid,1,1,0.07348742252047857,0.31910704077958424,0.35118211766186286,-1.490473824946659,0.005197449070922256,0.08457438462300101,0.9473073379962601,-0.22914901677242944,-0.8318078970334455,-0.22665472844581655,-0.558311349746167,-0.19682982022428813,0.08579840488433134,0.2302348701618685,1.2609611413278519,0.3581403891754813,0.6125530498969481
Notre Dame College,Yes,379,324,107,15,37,500,311,9990,4900,400,600,44.0,47,12.1,26,4948,33,4.810605742078476,4.751188994058982,3.3180654306156905,3.6884527234691826,3.3899404419503814,7.423819654682048,65.71598902752532,8.96107520321098,8.162552350641706,1084.0968907915749,10542.198784205602,5.828139320813687,7.840523349237043,1.8249905589559958,4.810605742078476,4.751188994058982,3.3180654306156905,3.6884527234691826,3.3899404419503814,7.423819654682048,65.71598902752532,8.96107520321098,8.162552350641706,1084.0968907915749,10542.198784205602,5.828139320813687,7.840523349237043,1.8249905589559958,0.8548812664907651,Mid,1,1,-1.4322738302728557,-1.3771812720765402,-1.7212901862635595,-0.6779904542213022,-1.5583586581516218,-0.04621723854768233,0.015414587447292122,-1.0388011424180428,-1.4016694654541817,-1.6670355200396116,-1.854012679433033,-0.4612920948206636,0.3918121831278882,-1.6139214559347725,0.7343318561957851,0.3581403891754813,0.6125530498969481
Oakland University,No,3041,2581,1173,16,56,6441,3982,9114,4030,400,650,88.0,90,19.7,13,6637,53,6.055400403474947,6.034650996794354,4.274276478430349,3.793745093657405,3.8886104895847344,12.085492942550529,63.58957115864551,8.96107520321098,8.290621844560157,4302.5631252927,57206.93660181433,8.079558815089525,5.2034945525684675,1.8276777546295677,6.055400403474947,6.034650996794354,4.274276478430349,3.793745093657405,3.8886104895847344,12.085492942550529,63.58957115864551,8.96107520321098,8.290621844560157,4302.5631252927,57206.93660181433,8.079558815089525,5.2034945525684675,1.8276777546295677,0.8487339690891155,Mid,1,0,0.5824520011604901,0.7718209857562423,0.9626039180119476,-0.5868962977653778,1.1204301980392706,1.7538144576745978,-0.21305567992703311,-1.0388011424180428,-1.244341330331405,1.029430185416124,0.6900649668386472,1.3779965760601174,-0.7285459060471434,-0.6646020896400612,0.6925161315041627,0.3581403891754813,-1.6325116659989423
Oberlin College,Yes,4778,2767,678,50,89,2587,120,19670,5820,575,1119,77.0,96,10.1,47,16593,83,6.301412829112893,6.074565160051051,4.08531265092642,5.936705135542433,3.7416289977057837,5.934133077639522,83.6679754514576,9.750869219198945,9.180247401901987,3295.568346309384,67728.00439442915,5.146772495880893,10.918195805799142,1.8337728936469417,6.301412829112893,6.074565160051051,4.08531265092642,5.936705135542433,3.7416289977057837,5.934133077639522,83.6679754514576,9.750869219198945,9.180247401901987,3295.568346309384,67728.00439442915,5.146772495880893,10.918195805799142,1.8337728936469417,0.5791125994139807,High,2,1,0.9806281856809977,0.8386524359864325,0.43222006214853964,1.2670949932019226,0.33086526551629847,-0.6214362405081376,1.944242969771182,0.28987231007147457,-0.15147271961234166,0.18575910445405372,1.263654675854437,-1.0179321545692772,1.6993804724452455,1.4886588605610265,-1.1415277138917084,1.8150779933081982,0.6125530498969481
Occidental College,Yes,2324,1319,370,52,81,1686,35,16560,5140,558,1152,91.0,93,10.5,30,16196,79,5.905075682970715,5.6394660885442685,3.857014722951457,6.020464589265005,3.661823948053749,4.196117709053006,78.70523639494898,9.684155497954274,9.228864204134284,4600.715532505121,62329.492559452454,5.287039952492017,8.50587730878895,1.8336477176539263,5.905075682970715,5.6394660885442685,3.857014722951457,6.020464589265005,3.661823948053749,4.196117709053006,78.70523639494898,9.684155497954274,9.228864204134284,4600.715532505121,62329.492559452454,5.287039952492017,8.50587730878895,1.8336477176539263,0.5675559380378657,High,2,1,0.3391483408097069,0.11013154089468224,-0.2085667853896236,1.3395598524165766,-0.09783679647797908,-1.2925434929444524,1.4110277745156843,0.17763956515291707,-0.09174896654035225,1.279225486180553,0.9693375120855497,-0.9033411845194759,0.6744919519989533,1.444437296968391,-1.2201395230955787,1.8150779933081982,0.6125530498969481
Oglethorpe University,Yes,792,649,186,56,87,769,377,12900,4340,600,4110,91.0,95,13.1,27,8568,67,5.272805296860881,5.20144243396419,3.5707166634578673,6.180642261153285,3.4945750605852477,7.740651816303144,72.00479560937893,9.845917647123215,11.461914994447978,4600.715532505121,65897.48921732574,6.151859860146799,8.01153343199436,1.8296907431101648,5.272805296860881,5.20144243396419,3.5707166634578673,6.180642261153285,3.4945750605852477,7.740651816303144,72.00479560937893,9.845917647123215,11.461914994447978,4600.715532505121,65897.48921732574,6.151859860146799,8.01153343199436,1.8296907431101648,0.8194444444444444,Mid,1,1,-0.6841943187071238,-0.6232862156657651,-1.0121484588041525,1.4781382686650963,-0.996275469677491,0.07612250902423777,0.6911074238597384,0.4497726389260374,2.6514625955995164,1.279225486180553,1.1638582779526243,-0.19682982022428813,0.464466880638092,0.04653665159601591,0.4932801715583525,0.3581403891754813,0.6125530498969481
Ohio Northern University,Yes,2936,2342,669,35,62,2502,66,15990,4080,600,825,73.0,78,14.5,31,9979,83,6.035924485300475,5.978588283646325,4.080502428082425,5.206477408178991,3.735667485300834,5.064076893634867,77.73060879964332,9.845917647123215,8.676645679461924,2962.9344405957,39361.14463169006,6.588845563563279,8.66494745865426,1.8307660590914518,6.035924485300475,5.978588283646325,4.080502428082425,5.206477408178991,3.735667485300834,5.064076893634867,77.73060879964332,9.845917647123215,8.676645679461924,2962.9344405957,39361.14463169006,6.588845563563279,8.66494745865426,1.8307660590914518,0.797683923705722,High,2,1,0.5509298259344397,0.6779507372575919,0.4187187239651371,0.635335268105144,0.29884081754277064,-0.9573947283709121,1.306310150313634,0.4497726389260374,-0.7701268378722608,-0.09292516745590934,-0.2828555413330692,0.16016400330539635,0.7420738947418721,0.4264190308219095,0.34525871027154875,1.8150779933081982,0.6125530498969481
Ohio University,No,11023,8298,3183,21,54,14861,1310,7629,4095,550,2300,79.0,87,20.4,13,8811,64,6.735582937592644,6.679390447889109,4.579568069809562,4.255852904198828,3.9997746098651445,9.92561822220161,59.65439795356211,9.65214536925229,10.416746076838082,3468.58928429813,52354.631663757325,8.267157707708382,5.2034945525684675,1.8298947258250906,6.735582937592644,6.679390447889109,4.579568069809562,4.255852904198828,3.9997746098651445,9.92561822220161,59.65439795356211,9.65214536925229,10.416746076838082,3468.58928429813,52354.631663757325,8.267157707708382,5.2034945525684675,1.8298947258250906,0.7527896217000817,Low,0,0,1.6833414603419397,1.851359400733513,1.819496655300603,-0.18710169614595554,1.7175889967842395,0.9198128628792281,-0.6358653672832212,0.12378880488361321,1.3675153286527078,0.3307179114196808,0.4255260215207906,1.5312547843775446,-0.7285459060471434,0.11859866910107826,0.03987446574376157,-1.0987972149572356,-1.6325116659989423
Ohio Wesleyan University,Yes,2190,1700,458,36,65,1780,48,16732,5650,550,550,93.0,93,12.1,32,12011,75,5.871473914136492,5.7910276484456205,3.939887072680988,5.262121851799814,3.6723559934935515,4.621117227322525,78.994996873617,9.65214536925229,8.024199890786795,4805.090244554321,62329.492559452454,5.828139320813687,8.821390068071972,1.831959108321284,5.871473914136492,5.7910276484456205,3.939887072680988,5.262121851799814,3.6723559934935515,4.621117227322525,78.994996873617,9.65214536925229,8.024199890786795,4805.090244554321,62329.492559452454,5.828139320813687,8.821390068071972,1.831959108321284,0.776255707762557,High,2,1,0.2847631849670448,0.3639030851511576,0.02403940688860889,0.683476302864234,-0.041260055823753236,-1.1284366247614759,1.442160721150801,0.12378880488361321,-1.5716298036474603,1.4504528230391855,0.9693375120855497,-0.4612920948206636,0.808539510579746,0.8478936372160334,0.19949768392661107,1.8150779933081982,0.6125530498969481
Oklahoma Baptist University,Yes,758,681,484,35,59,1707,705,5390,3140,515,1290,63.0,71,15.1,18,5511,50,5.245969201996095,5.23185257281858,3.9608933391236683,5.206477408178991,3.6642379470469897,8.809057380476956,52.626901733738656,9.507141673908764,9.41912206384576,2209.4456195013977,30798.352141016087,6.770871990413645,6.329553707860191,1.8260266362917095,5.245969201996095,5.23185257281858,3.9608933391236683,5.206477408178991,3.6642379470469897,8.809057380476956,52.626901733738656,9.507141673908764,9.41912206384576,2209.4456195013977,30798.352141016087,6.770871990413645,6.329553707860191,1.8260266362917095,0.8984168865435356,Low,0,1,-0.7276290916986982,-0.5723681075177929,0.0829998160861375,0.635335268105144,-0.08486911648070146,0.48867048507780264,-1.3909257737126186,-0.12015145879997036,0.14197503239976528,-0.7242062241732836,-0.7496836000340958,0.3088698067143141,-0.2501326687269887,-1.2479011138193037,1.0304739465259507,-1.0987972149572356,0.6125530498969481
Oklahoma Christian University,Yes,776,765,351,22,44,1419,228,6400,3150,500,1900,58.0,64,16.2,8,6578,45,5.260333680194838,5.304929230160055,3.8361172597783586,4.337922600177787,3.6275131055980006,6.92402671587568,55.996507579890206,9.442351022087843,10.082419374579551,1874.458100634458,23500.734234328775,7.097139250590258,3.8339176338051995,1.8276022002093069,5.260333680194838,5.304929230160055,3.8361172597783586,4.337922600177787,3.6275131055980006,6.92402671587568,55.996507579890206,9.442351022087843,10.082419374579551,1874.458100634458,23500.734234328775,7.097139250590258,3.8339176338051995,1.8276022002093069,0.9858247422680413,Low,0,1,-0.704379887488903,-0.45001006241243924,-0.26722180546366914,-0.1160987382636973,-0.28215005702571017,-0.23920440771304885,-1.0288827529671758,-0.22914901677242944,0.9568086491871414,-1.0048623785543536,-1.1475366140165175,0.5754126153059119,-1.310419180097965,-0.6912935863063475,1.6250478856166704,-1.0987972149572356,0.6125530498969481
Oklahoma State University,No,4522,3913,2181,29,57,12830,1658,5336,3344,800,3100,84.0,92,15.3,14,6433,48,6.271864891588547,6.27046587055431,4.469510874580787,4.843751032487945,3.981683806173486,10.366154033220814,52.435451210959876,10.50211456361832,10.948584224536441,3920.713741190657,60591.59251052614,6.830893399583299,5.444039108195632,1.8274119934639532,6.271864891588547,6.27046587055431,4.469510874580787,4.843751032487945,3.981683806173486,10.366154033220814,52.435451210959876,10.50211456361832,10.948584224536441,3920.713741190657,60591.59251052614,6.830893399583299,5.444039108195632,1.8274119934639532,0.8653250773993808,Low,0,0,0.9328042394173673,1.1666645378525682,1.510588012085616,0.32152095127645364,1.6204076169146269,1.0899188257357844,-1.4114959319907114,1.553695186961413,2.0208567404475737,0.7095126551829224,0.8745903245365926,0.3579040707316264,-0.6263490551654358,-0.7584888965474067,0.8053737292583836,-1.0987972149572356,-1.6325116659989423
Otterbein College,Yes,1496,1205,428,26,57,1648,936,12888,4440,420,840,62.0,68,13.9,30,8802,87,5.652335548479763,5.5848255993661615,3.9138684134801123,4.639999884647015,3.657361162628272,9.312358546357252,71.9808865377666,9.065132448477593,8.706099856658088,2140.223695713882,27520.52043115919,6.4037473763683845,8.50587730878895,1.8298873261034534,5.652335548479763,5.5848255993661615,3.9138684134801123,4.639999884647015,3.657361162628272,9.312358546357252,71.9808865377666,9.065132448477593,8.706099856658088,2140.223695713882,27520.52043115919,6.4037473763683845,8.50587730878895,1.8298873261034534,0.80548128342246,Mid,1,1,-0.06991677923797303,0.018642634824550596,-0.04898979120524064,0.14524475095617614,-0.12181028339994543,0.683012300856232,0.6885385440248355,-0.8637452461638905,-0.7339435858887782,-0.7822010981159766,-0.9283850943804479,0.008948736859618622,0.6744919519989533,0.11598453157306589,0.3982986440722399,0.3581403891754813,0.6125530498969481
Ouachita Baptist University,Yes,910,773,450,31,73,1310,61,6530,2800,500,1500,63.0,67,13.3,10,6413,65,5.3571875582438775,5.31143678421752,3.933145390658073,4.970662962552278,3.611162435698618,4.953159198913109,56.40416670336371,9.442351022087843,9.675230393594894,2209.4456195013977,26478.47386189595,6.215398629296292,4.421054272265976,1.8273852386546194,5.3571875582438775,5.31143678421752,3.933145390658073,4.970662962552278,3.611162435698618,4.953159198913109,56.40416670336371,9.442351022087843,9.675230393594894,2209.4456195013977,26478.47386189595,6.215398629296292,4.421054272265976,1.8273852386546194,0.8494505494505494,Low,0,1,-0.5476198884052121,-0.43911394836102524,0.005116847192657061,0.4313193649006998,-0.36998367070574895,-1.0002238486978667,-0.9850823361720338,-0.22914901677242944,0.4565936404384389,-0.7242062241732836,-0.9851956007117693,-0.1449220622273889,-1.060970526681064,-0.7679407049482155,0.6973905218509036,-1.0987972149572356,0.6125530498969481
Our Lady of the Lake University,Yes,2308,1336,295,22,46,1202,942,8530,3644,616,1576,56.0,64,14.9,25,7114,37,5.901174380385365,5.6471792836223145,3.766008971877225,4.337922600177787,3.5932382498085347,9.323849311946674,62.09622513122971,9.904951156179875,9.759780265090221,1748.2432357532678,23500.734234328775,6.710527469549969,7.666103609271758,1.8282527062389191,5.901174380385365,5.6471792836223145,3.766008971877225,4.337922600177787,3.5932382498085347,9.323849311946674,62.09622513122971,9.904951156179875,9.759780265090221,1748.2432357532678,23500.734234328775,6.710527469549969,7.666103609271758,1.8282527062389191,0.5788561525129983,Low,0,1,0.3328340021169913,0.12304635535938692,-0.4640018165174354,-0.1160987382636973,-0.4662700020112449,0.6874492789534844,-0.3735063472955358,0.549084933908123,0.5604596994056144,-1.1106065529137321,-1.1475366140165175,0.25957157781628776,0.31770887154146105,-0.46148599251041705,-1.1432721411267768,-1.0987972149572356,0.6125530498969481
Pace University,Yes,8256,3750,1522,37,70,5809,4379,11000,5160,660,1115,90.0,95,13.8,10,10059,62,6.588473174875707,6.246668466755024,4.358569627966534,5.316571396825102,3.873408059520285,12.279910021359306,68.02072480679259,10.060656850163479,9.174264509942732,4500.210363367248,65897.48921732574,6.372586736365998,4.421054272265976,1.8308199682755595,6.588473174875707,6.246668466755024,4.358569627966534,5.316571396825102,3.873408059520285,12.279910021359306,68.02072480679259,10.060656850163479,9.174264509942732,4500.210363367248,65897.48921732574,6.372586736365998,4.421054272265976,1.8308199682755595,0.45421511627906974,Mid,1,1,1.4452412754734225,1.1268186566451528,1.199198012577179,0.7305835658560428,1.0387647753076272,1.8288855496478322,0.26304399623972125,0.8110292102757778,-0.1588224576786911,1.1950211720584536,1.1638582779526243,-0.01650783055462927,-1.060970526681064,0.44546380415116266,-1.9911171233848068,0.3581403891754813,0.6125530498969481
Pacific Lutheran University,Yes,1603,1392,504,31,68,2580,302,13312,4488,600,1516,78.0,78,11.0,23,9431,83,5.692512277242875,5.67186437162515,3.976184573000975,4.970662962552278,3.7411471310290105,7.37594848837218,72.81696228622828,9.845917647123215,9.693354946875651,3381.5199008967597,39361.14463169006,5.45944250760128,7.306201546172464,1.8303779942808869,5.692512277242875,5.67186437162515,3.976184573000975,4.970662962552278,3.7411471310290105,7.37594848837218,72.81696228622828,9.845917647123215,9.693354946875651,3381.5199008967597,39361.14463169006,5.45944250760128,7.306201546172464,1.8303779942808869,0.8683718028696195,Mid,1,1,-0.004889915152032642,0.16437855665543977,0.12591926628930686,0.4313193649006998,0.3282767421228577,-0.06470193521596618,0.7783696410033693,0.4497726389260374,0.47885891283352267,0.2577702434217395,-0.2828555413330692,-0.762497566859782,0.16480224108923644,0.2893253894209727,0.8260984518723025,0.3581403891754813,0.6125530498969481
Pacific Union College,Yes,940,668,385,20,48,1316,139,11925,3825,630,1926,48.0,87,12.3,12,9157,69,5.376772446695367,5.219686513986475,3.872656779925376,4.170730633321285,3.6121050063487345,6.155696852153708,70.01244271416557,9.955518251301774,10.106047723529729,1287.7609688263303,52354.631663757325,5.893715394744267,4.953607358725779,1.8301706485883278,5.376772446695367,5.219686513986475,3.872656779925376,4.170730633321285,3.6121050063487345,6.155696852153708,70.01244271416557,9.955518251301774,10.106047723529729,1287.7609688263303,52354.631663757325,5.893715394744267,4.953607358725779,1.8301706485883278,0.7106382978723405,Mid,1,1,-0.5159213425384666,-0.5927387050449493,-0.1646626445757431,-0.26074560260699386,-0.3649203071336166,-0.53588287967994,0.4770415973186923,0.6341541487893395,0.9858351094519782,-1.4964035600187222,0.4255260215207906,-0.40771996836088487,-0.8347120348951067,0.21607531559866236,-0.24685123457704145,0.3581403891754813,0.6125530498969481
Pacific University,Yes,943,849,288,41,71,1041,35,14210,3994,450,1100,76.0,76,10.9,22,11216,42,5.3786939607204864,5.369888839703846,3.7561750043579494,5.523485196294676,3.562517050355052,4.196117709053006,74.5316074312201,9.213393432273651,9.15165023999676,3210.7343245943,36780.940288277394,5.425214130072482,7.12024725786717,1.8315321930039818,5.3786939607204864,5.369888839703846,3.7561750043579494,5.523485196294676,3.562517050355052,4.196117709053006,74.5316074312201,9.213393432273651,9.15165023999676,3210.7343245943,36780.940288277394,5.425214130072482,7.12024725786717,1.8315321930039818,0.9003181336161188,Mid,1,1,-0.5128113324605578,-0.3412430344209416,-0.49160380616913507,0.9095959481215096,-0.6313001800522375,-1.2925434929444524,0.9625975110102835,-0.6143252338289236,-0.18660316336359328,0.11468424657347391,-0.42352364534226566,-0.7904603108847902,0.08579840488433134,0.6970750784974814,1.043406788222622,0.3581403891754813,0.6125530498969481
Pembroke State University,No,944,774,440,14,34,2174,529,6360,2760,550,1498,77.0,77,15.0,5,6443,48,5.379333008737455,5.3122451626122436,3.924521116368423,3.5777357214550345,3.7101087919223183,8.311552654928379,55.86998079688928,9.65214536925229,9.67295224822847,3295.568346309384,38057.447169980325,6.74074047959393,2.8030175863665034,1.827425322812892,5.379333008737455,5.3122451626122436,3.924521116368423,3.5777357214550345,3.7101087919223183,8.311552654928379,55.86998079688928,9.65214536925229,9.67295224822847,3295.568346309384,38057.447169980325,6.74074047959393,2.8030175863665034,1.827425322812892,0.8199152542372882,Low,0,0,-0.5117770200657178,-0.4377604162800271,-0.019089774318929723,-0.7737777547234982,0.16154293224573688,0.2965668734115124,-1.042477262477888,0.12378880488361321,0.4537950320339544,0.18575910445405372,-0.3539307841170397,0.28425398250735084,-1.7484034784636024,-0.7537799692399619,0.496482758222598,-1.0987972149572356,-1.6325116659989423
Pennsylvania State Univ. Main Campus,No,19315,10344,3450,48,93,28938,2025,10645,4060,512,2394,77.0,96,18.1,19,8992,63,7.012276662333557,6.795246047464762,4.6021899325547,5.850264966480015,4.074866599445875,10.747171231075779,67.22712864803283,9.494316408785664,10.487439461543982,3295.568346309384,67728.00439442915,7.640161914235766,6.5349533390638825,1.830041109816825,7.012276662333557,6.795246047464762,4.6021899325547,5.850264966480015,4.074866599445875,10.747171231075779,67.22712864803283,9.494316408785664,10.487439461543982,3295.568346309384,67728.00439442915,7.640161914235766,6.5349533390638825,1.830041109816825,0.5355423246181724,Mid,1,0,2.1311759602149034,2.045345622795424,1.882991721780085,1.192310901338738,2.1209731299045833,1.2370426138248312,0.1777770648276966,-0.14172745069816933,1.454359260341688,0.18575910445405372,1.263654675854437,1.0190329338711737,-0.16286735762255852,0.17031249092495163,-1.437905535975106,0.3581403891754813,-1.6325116659989423
Pepperdine University,Yes,3821,2037,680,86,96,2488,625,18200,6770,500,700,95.0,98,11.6,13,16185,66,6.1807375473371735,5.89741964769275,4.086371577020608,7.158384749564146,3.7346619092008915,8.59889947122354,81.3919185551981,9.442351022087843,8.409880082919223,5013.952455197691,71483.10904926102,5.662278553171516,5.2034945525684675,1.8336441820041518,6.1807375473371735,5.89741964769275,4.086371577020608,7.158384749564146,3.7346619092008915,8.59889947122354,81.3919185551981,9.442351022087843,8.409880082919223,5013.952455197691,71483.10904926102,5.662278553171516,5.2034945525684675,1.8336441820041518,0.5331065166186862,High,2,1,0.7853127533860943,0.5420436503647322,0.4351922569454401,2.3240364762340486,0.2934389971138982,0.4075213194225394,1.699694927141385,-0.22914901677242944,-1.0978374622751548,1.6254398345940284,1.4683762334705521,-0.5967914238632761,-0.7285459060471434,1.4431882398802194,-1.454474618297499,1.8150779933081982,0.6125530498969481
Peru State College,No,701,501,458,10,40,959,457,2580,2624,500,900,48.0,100,20.1,24,4870,44,5.197945150329518,5.036172207732057,3.939887072680988,3.0648578681207974,3.5445519702750508,8.062890469576914,40.22753732160466,9.442351022087843,8.819245343756174,1287.7609688263303,75365.02473070551,8.187087962237431,7.488071014907595,1.8248326040047866,5.197945150329518,5.036172207732057,3.939887072680988,3.0648578681207974,3.5445519702750508,8.062890469576914,40.22753732160466,9.442351022087843,8.819245343756174,1287.7609688263303,75365.02473070551,8.187087962237431,7.488071014907595,1.8248326040047866,0.7146932952924394,Low,0,0,-0.8053570097427848,-0.9000112675710359,0.02403940688860889,-1.2174962818199055,-0.7278061894810834,0.20054988816946018,-2.723159735800371,-0.22914901677242944,-0.5949489827396871,-1.4964035600187222,1.6800113003699915,1.4658421075754382,0.24207061628816592,-1.6697230098222482,-0.2192679496527438,-1.0987972149572356,-1.6325116659989423
Pfeiffer College,Yes,838,651,159,11,25,654,162,8640,3700,400,1915,62.0,62,12.2,13,7634,48,5.3072095248513,5.203389567964196,3.5011471521377637,3.2055940737410316,3.456349301097733,6.389739370806154,62.382528635954294,8.96107520321098,10.09608739271861,2140.223695713882,21636.86172344196,5.860981033586721,5.2034945525684675,1.8288153626372852,5.3072095248513,5.203389567964196,3.5011471521377637,3.2055940737410316,3.456349301097733,6.389739370806154,62.382528635954294,8.96107520321098,10.09608739271861,2140.223695713882,21636.86172344196,5.860981033586721,5.2034945525684675,1.8288153626372852,0.7768496420047732,Low,0,1,-0.6285103661706806,-0.6200259747288319,-1.207416231223307,-1.095737735489672,-1.2016191413504913,-0.4455110484032942,-0.3427448308354191,-1.0388011424180428,0.9735992504368951,-0.7822010981159766,-1.2491515938109201,-0.43446218134192693,-0.7285459060471434,-0.26271348748158335,0.2035377993032928,-1.0987972149572356,0.6125530498969481
Philadelphia Coll. of Textiles and Sci.,Yes,1538,1259,468,19,42,1664,1042,11690,5062,600,1664,48.0,80,12.9,15,8028,68,5.668462674061286,5.611367290884484,3.9481255380408884,4.08228841706668,3.659255365390862,9.506130646707396,69.51633878568438,9.845917647123215,9.853085370968643,1287.7609688263303,42051.00625139571,6.0879303745316315,5.67618042622164,1.829203769126228,5.668462674061286,5.611367290884484,3.9481255380408884,4.08228841706668,3.659255365390862,9.506130646707396,69.51633878568438,9.845917647123215,9.853085370968643,1287.7609688263303,42051.00625139571,6.0879303745316315,5.67618042622164,1.829203769126228,0.8185955786736021,Mid,1,1,-0.043814693887275095,0.06308349468484567,0.04716313951881414,-0.337261774390416,-0.11163487929082916,0.7578343445591933,0.42373834077426703,0.4497726389260374,0.6750812057155602,-1.4964035600187222,-0.13620911968157937,-0.24905677256531966,-0.5277223720549751,-0.1254991396117086,0.4875059369550033,0.3581403891754813,0.6125530498969481
Phillips University,Yes,692,576,174,19,50,597,83,10500,3860,600,940,58.0,64,11.6,19,8990,39,5.189980930378041,5.125613112396388,3.541334686412396,4.08228841706668,3.434228665936656,5.391710938368904,66.89798175942522,9.845917647123215,8.890857656038765,1874.458100634458,23500.734234328775,5.662278553171516,6.5349533390638825,1.8300395171883956,5.189980930378041,5.125613112396388,3.541334686412396,4.08228841706668,3.434228665936656,5.391710938368904,66.89798175942522,9.845917647123215,8.890857656038765,1874.458100634458,23500.734234328775,5.662278553171516,6.5349533390638825,1.8300395171883956,0.8323699421965318,Mid,1,1,-0.8182472639839609,-0.7502532648747273,-1.094617820713872,-0.337261774390416,-1.3204482373478639,-0.8308840038168034,0.14241229539730088,0.4497726389260374,-0.5069761861076957,-1.0048623785543536,-1.1475366140165175,-0.5967914238632761,-0.16286735762255852,0.16974985493004763,0.581203208331948,0.3581403891754813,0.6125530498969481
Piedmont College,Yes,663,562,127,20,40,641,63,5640,3620,600,750,89.0,89,13.2,17,7309,31,5.163541995400239,5.109899143918453,3.398590301311324,4.170730633321285,3.451516516266201,4.998474400847244,53.497199877353594,9.845917647123215,8.52150081906591,4400.82631344925,55559.757364651494,6.183677590318551,6.118308313178587,1.8284709285460714,5.163541995400239,5.109899143918453,3.398590301311324,4.170730633321285,3.451516516266201,4.998474400847244,53.497199877353594,9.845917647123215,8.52150081906591,4400.82631344925,55559.757364651494,6.183677590318551,6.118308313178587,1.8284709285460714,0.8476621417797888,Low,0,1,-0.8610392255076436,-0.7765644090041405,-1.4952729004337388,-0.26074560260699386,-1.2275802156369664,-0.9827260974044782,-1.297417694949233,0.4497726389260374,-0.960715953306189,1.1117561437041261,0.6002637149158834,-0.17083644547256602,-0.3398815888114029,-0.3843934813938675,0.6852252469486607,-1.0987972149572356,0.6125530498969481
Pikeville College,Yes,404,400,169,28,48,797,100,6000,3000,500,500,48.0,57,13.4,14,5557,61,4.851636041663852,4.8900167980360685,3.528396583749341,4.777728697775314,3.5028343357834624,5.66349719679035,54.70698644733875,9.442351022087843,7.873683591318896,1287.7609688263303,17387.592967656466,6.247023944018424,5.444039108195632,1.8261040675853883,4.851636041663852,4.8900167980360685,3.528396583749341,4.777728697775314,3.5028343357834624,5.66349719679035,54.70698644733875,9.442351022087843,7.873683591318896,1287.7609688263303,17387.592967656466,6.247023944018424,5.444039108195632,1.8261040675853883,0.9900990099009901,Low,0,1,-1.3658654442075033,-1.1447308656282869,-1.1309324999232824,0.26440143846515807,-0.9519077470397476,-0.7259380220747075,-1.167433713364286,-0.22914901677242944,-1.756532921293452,-1.4964035600187222,-1.4808140901662576,-0.11908588055207388,-0.6263490551654358,-1.220546564476456,1.6541227110106291,-1.0987972149572356,0.6125530498969481
Pitzer College,Yes,1133,630,220,37,73,750,30,17688,5900,650,850,100.0,100,10.4,11,14820,73,5.488638512935686,5.182618373386123,3.6433856612653157,5.316571396825102,3.488759031829387,3.9940025054132655,80.57086608040304,10.026082431745259,8.725466682985342,5555.753581215777,75365.02473070551,5.252173428845612,4.693250809609002,1.833174452653251,5.488638512935686,5.182618373386123,3.6433856612653157,5.316571396825102,3.488759031829387,3.9940025054132655,80.57086608040304,10.026082431745259,8.725466682985342,5555.753581215777,75365.02473070551,5.252173428845612,4.693250809609002,1.833174452653251,0.556045895851721,High,2,1,-0.334863807264044,-0.6548048337453286,-0.8081810446807128,0.7305835658560428,-1.0275183989297991,-1.3705870945384853,1.6114779867224258,0.7528645357434074,-0.7101522318661437,2.0793666584407675,1.6800113003699915,-0.9318252596102692,-0.9453261344609437,1.2772445484279047,-1.2984342148597396,1.8150779933081982,0.6125530498969481
Point Loma Nazarene College,Yes,809,687,428,20,43,1889,217,10178,4190,800,750,71.0,71,16.1,19,7895,54,5.285763758209736,5.237384212367256,3.9138684134801123,4.170730633321285,3.6837507865999894,6.845694294214073,66.15621915916512,10.50211456361832,8.52150081906591,2803.316583884286,30798.352141016087,7.067858726213781,6.5349533390638825,1.8290760041823062,5.285763758209736,5.237384212367256,3.9138684134801123,4.170730633321285,3.6837507865999894,6.845694294214073,66.15621915916512,10.50211456361832,8.52150081906591,2803.316583884286,30798.352141016087,7.067858726213781,6.5349533390638825,1.8290760041823062,0.8491965389369592,Mid,1,1,-0.6632207817657936,-0.5631060445550514,-0.04898979120524064,-0.26074560260699386,0.01995125000247637,-0.2694512382233899,0.06271455484973072,1.553695186961413,-0.960715953306189,-0.22665472844581655,-0.7496836000340958,0.5514920012666231,-0.16286735762255852,-0.17063531513898314,0.6956626676393577,0.3581403891754813,0.6125530498969481
Point Park College,Yes,875,744,207,7,38,1173,1402,9700,4830,400,1200,45.0,90,14.5,10,7652,66,5.33344391371046,5.2874946625602846,3.617233324350156,2.569862268252232,3.588088758914668,10.051618404663309,65.0261087977653,8.96107520321098,9.297325805521908,1133.3544180454874,57206.93660181433,6.588845563563279,4.421054272265976,1.8288337771487562,5.33344391371046,5.2874946625602846,3.617233324350156,2.569862268252232,3.588088758914668,10.051618404663309,65.0261087977653,8.96107520321098,9.297325805521908,1133.3544180454874,57206.93660181433,6.588845563563279,4.421054272265976,1.8288337771487562,0.8502857142857143,Mid,1,1,-0.5860494667584655,-0.47920214215955587,-0.881585449513764,-1.6457438988012263,-0.49393237894161424,0.9684658482248728,-0.0587087176924286,-1.0388011424180428,-0.007646689375954711,-1.6257670327235363,0.6900649668386472,0.16016400330539635,-1.060970526681064,-0.25620809878503237,0.7030715586606741,0.3581403891754813,0.6125530498969481
Polytechnic University,Yes,1132,847,302,58,89,1379,214,16200,4200,436,2486,90.0,90,10.4,14,14329,62,5.488113130389065,5.368423457518764,3.775577560399927,6.2573681463676865,3.62169637086511,6.823703935191341,78.0922979990055,9.145312846268013,10.554181404406544,4500.210363367248,57206.93660181433,5.252173428845612,5.444039108195632,1.8329888108570318,5.488113130389065,5.368423457518764,3.775577560399927,6.2573681463676865,3.62169637086511,6.823703935191341,78.0922979990055,9.145312846268013,10.554181404406544,4500.210363367248,57206.93660181433,5.252173428845612,5.444039108195632,1.8329888108570318,0.7482332155477032,High,2,1,-0.33571414975095143,-0.34369664007316686,-0.4371446928928862,1.5445180051972478,-0.3133967786922789,-0.2779424689055648,1.345171386994369,-0.7288574604911727,1.5363490073436081,1.1950211720584536,0.6900649668386472,-0.9318252596102692,-0.6263490551654358,1.2116619211269568,0.008880451170797382,1.8150779933081982,0.6125530498969481
Prairie View A. and M. University,No,2405,2234,1061,10,22,4564,448,4290,3500,598,1582,75.0,93,19.4,1,5967,35,5.924393588159211,5.951211959853336,4.240876026858075,3.0648578681207974,3.8365297319653537,8.029330817437044,48.44524452789816,9.83844218311906,9.76629340146708,3127.017536070735,62329.492559452454,7.998321504092638,0.8185189633805885,1.8267530831191776,5.924393588159211,5.951211959853336,4.240876026858075,3.0648578681207974,3.8365297319653537,8.029330817437044,48.44524452789816,9.83844218311906,9.76629340146708,3127.017536070735,62329.492559452454,7.998321504092638,0.8185189633805885,1.8267530831191776,0.928898128898129,Low,0,0,0.3704147687591823,0.6321123863621934,0.8688554978699314,-1.2174962818199055,0.8406593279125907,0.18759135722239323,-1.8402186214958456,0.43719663763165223,0.5684608210515225,0.044545418704219096,0.9693375120855497,1.3116300610018234,-2.5915300639706675,-0.9912655257669519,1.237816320788867,-1.0987972149572356,-1.6325116659989423
Presbyterian College,Yes,1082,832,302,34,63,1133,30,11859,3635,554,1429,80.0,85,13.4,42,8354,85,5.461189246838004,5.357313758207854,3.775577560399927,5.149577531776267,3.5807256634888036,3.9940025054132655,69.8737649064843,9.66820082802488,9.592578878128435,3556.7767888093103,49267.05353907696,6.247023944018424,10.264131539363945,1.829503571295497,5.461189246838004,5.357313758207854,3.775577560399927,5.149577531776267,3.5807256634888036,3.9940025054132655,69.8737649064843,9.66820082802488,9.592578878128435,3556.7767888093103,49267.05353907696,6.247023944018424,10.264131539363945,1.829503571295497,0.7689463955637708,Mid,1,1,-0.3792910105417679,-0.36229849104507383,-0.4371446928928862,0.5861080901616065,-0.5334859436031479,-1.3705870945384853,0.4621415363929829,0.15079896374382484,0.3550596342082796,0.4046023533364621,0.25719681074029643,-0.11908588055207388,1.4214971999277994,-0.019586493151551938,0.14977759286553063,0.3581403891754813,0.6125530498969481
Princeton University,Yes,13218,2042,1153,90,98,4540,146,19900,5910,675,1575,91.0,96,8.4,54,28320,99,6.826418667507469,5.898852675848518,4.268589649314285,7.267191804483126,3.8357016292516315,6.2304356624443615,84.01387366481696,10.111671110903158,9.758692510225464,4600.715532505121,67728.00439442915,4.524550448850612,11.775581759874868,1.836155882541922,6.826418667507469,5.898852675848518,4.268589649314285,7.267191804483126,3.8357016292516315,6.2304356624443615,84.01387366481696,10.111671110903158,9.758692510225464,4600.715532505121,67728.00439442915,4.524550448850612,11.775581759874868,1.836155882541922,0.15448630655167198,High,2,1,1.8303609625554147,0.5444430830987906,0.9466421204866967,2.418171377619397,0.8362108707978632,-0.5070236655837428,1.9814075640153728,0.8968506935626589,0.5591234370443998,1.279225486180553,1.263654675854437,-1.5262541109104928,2.063646228817461,2.3305095415212875,-4.029960629857285,1.8150779933081982,0.6125530498969481
Providence College,Yes,5139,3346,973,20,55,3717,1358,14400,6200,450,1100,66.0,74,18.4,35,8135,96,6.34031186253951,6.182562749031366,4.211636590895837,4.170730633321285,3.8035692456773424,9.992330979704281,74.88520485514081,9.213393432273651,9.15165023999676,2423.7905034076744,34308.59715981074,7.723726362558781,9.276119865145814,1.8293042112386009,6.34031186253951,6.182562749031366,4.211636590895837,4.170730633321285,3.8035692456773424,9.992330979704281,74.88520485514081,9.213393432273651,9.15165023999676,2423.7905034076744,34308.59715981074,7.723726362558781,9.276119865145814,1.8293042112386009,0.651099435687877,Mid,1,1,1.0435870735143322,1.0194813674737364,0.78678622041205,-0.26074560260699386,0.6636000002432887,0.9455729431404742,1.0005893371552532,-0.6143252338289236,-0.18660316336359328,-0.544625769857051,-0.558311349746167,1.0873005949977204,1.0017342937327451,-0.09001544059978624,-0.6518520840381169,0.3581403891754813,0.6125530498969481
Purdue University at West Lafayette,No,21804,18744,5874,29,60,26213,4065,9556,3990,570,1060,86.0,86,18.2,15,8604,67,7.07058401792978,7.098940575020485,4.744694124256735,4.843751032487945,4.064405071496959,12.127560050937344,64.67850497324096,9.731428109991333,9.089919639433939,4109.398290283845,50796.25679590814,7.668079344995264,5.67618042622164,1.8297215226103372,7.07058401792978,7.098940575020485,4.744694124256735,4.843751032487945,4.064405071496959,12.127560050937344,64.67850497324096,9.731428109991333,9.089919639433939,4109.398290283845,50796.25679590814,7.668079344995264,5.67618042622164,1.8297215226103372,0.8596587782058338,Mid,1,0,2.2255476177463493,2.553845464643312,2.2829726264326005,0.32152095127645364,2.0647751997878054,1.7700580088178632,-0.0960565691621169,0.25716645871250754,-0.26243668131863335,0.8675946043813189,0.3405662242258264,1.0418399737171882,-0.5277223720549751,0.05741028312418681,0.7668298958277545,0.3581403891754813,-1.6325116659989423
Queens College,Yes,516,392,154,32,62,630,549,11020,4970,610,1900,73.0,75,14.0,36,9315,58,5.0070904500309386,4.8767922223080165,3.4867732420020374,5.0317442595355875,3.447333055990737,8.375134093896527,68.06493061640401,9.882972076018154,10.082419374579551,2962.9344405957,35531.398971011564,6.434817764376509,9.42317822480527,1.8302913615496632,5.0070904500309386,4.8767922223080165,3.4867732420020374,5.0317442595355875,3.447333055990737,8.375134093896527,68.06493061640401,9.882972076018154,10.082419374579551,2962.9344405957,35531.398971011564,6.434817764376509,9.42317822480527,1.8302913615496632,0.7596899224806202,Mid,1,1,-1.1142592782588188,-1.1668738219744001,-1.2477609362513746,0.48416411722208674,-1.2500532051806417,0.32111784435405566,0.26779363331210987,0.5121094444389012,0.9568086491871414,-0.09292516745590934,-0.4916463924532397,0.03433157324728856,1.0642129526815685,0.2587202011518527,0.08681234085794645,0.3581403891754813,0.6125530498969481
Quincy University,Yes,1025,707,297,22,66,1070,72,10100,4140,450,1080,69.0,71,16.3,32,6880,80,5.428818298951365,5.2554569056310925,3.768769345014717,4.337922600177787,3.568461838093188,5.187597127896864,65.97422438079604,9.213393432273651,9.121049566573298,2648.1614235052466,30798.352141016087,7.126346294770561,8.821390068071972,1.8279783383616186,5.428818298951365,5.2554569056310925,3.768769345014717,4.337922600177787,3.568461838093188,5.187597127896864,65.97422438079604,9.213393432273651,9.121049566573298,2648.1614235052466,30798.352141016087,7.126346294770561,8.821390068071972,1.8279783383616186,0.6897560975609756,Mid,1,1,-0.43168405729698944,-0.5328455003813007,-0.4562539984952042,-0.1160987382636973,-0.5993655747538343,-0.9096993359514103,0.043160357020957926,-0.6143252338289236,-0.2241948390695974,-0.3566453943418077,-0.7496836000340958,0.599273199975862,0.808539510579746,-0.5584133364966213,-0.3888981020250061,0.3581403891754813,0.6125530498969481
Quinnipiac College,Yes,3712,2153,806,17,45,2677,714,12030,6140,1000,500,63.0,73,12.0,33,8847,86,6.164966475627761,5.929733613642465,4.14667222466937,3.894175451333956,3.747686307365248,8.831319587349672,70.23203103849362,11.027920112452334,7.873683591318896,2209.4456195013977,33112.30773484874,5.795189080826134,8.975326246182142,1.8299242085271736,6.164966475627761,5.929733613642465,4.14667222466937,3.894175451333956,3.747686307365248,8.831319587349672,70.23203103849362,11.027920112452334,7.873683591318896,2209.4456195013977,33112.30773484874,5.795189080826134,8.975326246182142,1.8299242085271736,0.580010775862069,Mid,1,1,0.759786948570467,0.5961494872632691,0.6044441737460043,-0.5000085327852752,0.36340432353922736,0.49726668552433134,0.5006349859492802,2.438259845296428,-1.756532921293452,-0.7242062241732836,-0.6235308993858222,-0.4882106691982931,0.8739402534841448,0.129014174132356,-1.1354180535607024,0.3581403891754813,0.6125530498969481
Radford University,No,5702,4894,1742,15,37,8077,472,6684,4110,500,900,73.0,83,19.6,9,4519,62,6.395472479474773,6.394423022315284,4.400934650774844,3.6884527234691826,3.9207465610538206,8.117506265915244,56.88024540146525,9.442351022087843,8.819245343756174,2962.9344405957,46295.29542396985,8.052536594781495,4.135322577728063,1.8240704388482616,6.395472479474773,6.394423022315284,4.400934650774844,3.6884527234691826,3.9207465610538206,8.117506265915244,56.88024540146525,9.442351022087843,8.819245343756174,2962.9344405957,46295.29542396985,8.052536594781495,4.135322577728063,1.8240704388482616,0.858295334970186,Low,0,0,1.1328656696264,1.3742158314951713,1.3181082000327415,-0.6779904542213022,1.2930608794718639,0.22163891746270936,-0.9339306650737372,-0.22914901677242944,-0.5949489827396871,-0.09292516745590934,0.09518189874570733,1.3559208750186327,-1.18236541463741,-1.9389769947553679,0.7575553539845039,-1.0987972149572356,-1.6325116659989423
Ramapo College of New Jersey,No,2088,957,362,6,29,2745,1938,4449,4860,600,1655,74.0,95,17.8,8,7333,47,5.8443822812493975,5.443975162747752,3.84837018530719,2.3713672987497,3.7521005871521864,10.662930348726693,49.090201477488336,9.845917647123215,9.843755385948933,3044.4176772221554,65897.48921732574,7.556028261153151,3.8339176338051995,1.8284971665346936,5.8443822812493975,5.443975162747752,3.84837018530719,2.3713672987497,3.7521005871521864,10.662930348726693,49.090201477488336,9.845917647123215,9.843755385948933,3044.4176772221554,65897.48921732574,7.556028261153151,3.8339176338051995,1.8284971665346936,0.4583333333333333,Low,0,0,0.24091481841628776,-0.21719442592566468,-0.23283028210476744,-1.8174726933497243,0.38711724465300823,1.2045143243068368,-1.7709220411414766,0.4497726389260374,0.6636197007235204,-0.024657633443134833,1.1638582779526243,0.9503002630614447,-1.310419180097965,-0.3751242528904631,-1.9631037999176166,-1.0987972149572356,-1.6325116659989423
Randolph-Macon College,Yes,1771,1325,306,21,46,1071,27,13840,3735,400,900,77.0,80,10.7,38,11080,74,5.750120897405852,5.6422004721612815,3.780931236269812,4.255852904198828,3.5686633188078014,3.857904601077541,73.83400571215677,8.96107520321098,8.819245343756174,3295.568346309384,42051.00625139571,5.356382251004348,9.71106985349749,1.8314544621039084,5.750120897405852,5.6422004721612815,3.780931236269812,4.255852904198828,3.5686633188078014,3.857904601077541,73.83400571215677,8.96107520321098,8.819245343756174,3295.568346309384,42051.00625139571,5.356382251004348,9.71106985349749,1.8314544621039084,0.7481648785996612,Mid,1,1,0.08835082467036807,0.11470993632377825,-0.42211799022486685,-0.18710169614595554,-0.5982832472797769,-1.4231391560978544,0.8876445802586487,-1.0388011424180428,-0.5949489827396871,0.18575910445405372,-0.13620911968157937,-0.8466922550814785,1.186525502100285,0.6696146856704986,0.008415603154037641,0.3581403891754813,0.6125530498969481
Randolph-Macon Woman's College,Yes,696,616,169,35,66,653,56,13970,6110,370,920,88.0,97,9.2,24,16358,68,5.193534212457023,5.168355565021494,3.528396583749341,5.206477408178991,3.455981717586146,4.833741809212306,74.08048981505297,8.796150412544627,8.85541182693874,4302.5631252927,69589.80855298844,4.822936683771344,7.488071014907595,1.8336993627664266,5.193534212457023,5.168355565021494,3.528396583749341,5.206477408178991,3.455981717586146,4.833741809212306,74.08048981505297,8.796150412544627,8.85541182693874,4302.5631252927,69589.80855298844,4.822936683771344,7.488071014907595,1.8336993627664266,0.8850574712643678,Mid,1,1,-0.8124962036581845,-0.6786861853656334,-1.1309324999232824,0.635335268105144,-1.2035937508527657,-1.046334992329698,0.9141277516598947,-1.316254739912903,-0.5505199373911869,1.029430185416124,1.3651568927969056,-1.2824886008259322,0.24207061628816592,1.4626822301354143,0.9395992751289203,0.3581403891754813,0.6125530498969481
Reed College,Yes,1966,1436,327,47,80,1199,61,19960,5490,500,450,90.0,90,11.8,37,15886,68,5.810048984940966,5.690525891970492,3.8077738653881656,5.805977812818098,3.5927126006530696,4.953159198913109,84.10367561989969,9.442351022087843,7.708544607869356,4500.210363367248,57206.93660181433,5.728958206066383,9.56813346581784,1.8335466344765676,5.810048984940966,5.690525891970492,3.8077738653881656,5.805977812818098,3.5927126006530696,4.953159198913109,84.10367561989969,9.442351022087843,7.708544607869356,4500.210363367248,57206.93660181433,5.728958206066383,9.56813346581784,1.8335466344765676,0.7304170905391658,High,2,1,0.18534567026999757,0.19562502072781823,-0.34677607256071596,1.1539956758627181,-0.4690937190293531,-1.0002238486978667,1.9910562210308904,-0.22914901677242944,-1.9593994081301285,1.1950211720584536,0.6900649668386472,-0.5423177327277025,1.1257980885897985,1.4087271256485443,-0.11231007041167951,1.8150779933081982,0.6125530498969481
Regis College,Yes,427,385,143,18,38,581,533,12700,5800,450,700,81.0,85,10.3,37,11758,84,4.887050203844773,4.8649821495421355,3.453169936782557,3.9902206092359616,3.4275533781726413,8.324442394969662,71.60438655107677,9.213393432273651,8.409880082919223,3646.0827031697963,49267.05353907696,5.2171744721156745,9.56813346581784,1.8318280866204004,4.887050203844773,4.8649821495421355,3.453169936782557,3.9902206092359616,3.4275533781726413,8.324442394969662,71.60438655107677,9.213393432273651,8.409880082919223,3646.0827031697963,49267.05353907696,5.2171744721156745,9.56813346581784,1.8318280866204004,0.9016393442622951,Mid,1,1,-1.3085468923554022,-1.1866483637878367,-1.342078726208781,-0.41691464264756517,-1.356306991165021,0.301544043452741,0.6480859811093592,-0.6143252338289236,-1.0978374622751548,0.47942381108114585,0.25719681074029643,-0.9604175254095518,1.1257980885897985,0.8016069304916291,1.0523940515727441,0.3581403891754813,0.6125530498969481
Rensselaer Polytechnic Institute,Yes,4996,4165,936,53,82,4291,16,17475,5976,1230,1100,94.0,98,15.4,21,15605,70,6.325264903125813,6.305244698019862,4.198416171118216,6.061395953650468,3.82678191724153,3.207626764886808,80.22469526751183,11.529239392723536,9.15165023999676,4908.960288837765,71483.10904926102,6.86078471362386,6.929932557777247,1.8334523425142268,6.325264903125813,6.305244698019862,4.198416171118216,6.061395953650468,3.82678191724153,3.207626764886808,80.22469526751183,11.529239392723536,9.15165023999676,4908.960288837765,71483.10904926102,6.86078471362386,6.929932557777247,1.8334523425142268,0.8336669335468375,High,2,1,1.0192332593830162,1.2248974879429955,0.7496791332493428,1.3749718020632458,0.7882953698640421,-1.6742336975236374,1.5742841033677377,3.281631161657032,-0.18660316336359328,1.5374762658306833,1.4683762334705521,0.3823236670850935,0.004942020606680277,1.3754161216095058,0.5900257249092726,1.8150779933081982,0.6125530498969481
Rhodes College,Yes,2302,1831,391,58,82,1345,59,15200,4768,550,1500,90.0,96,10.8,47,13388,77,5.8997039031747365,5.834861290532867,3.8787178405181577,6.2573681463676865,3.6165880664383767,4.90648750553438,76.34131276700008,9.65214536925229,9.675230393594894,4500.210363367248,67728.00439442915,5.390861215980252,10.918195805799142,1.832604064278142,5.8997039031747365,5.834861290532867,3.8787178405181577,6.2573681463676865,3.6165880664383767,4.90648750553438,76.34131276700008,9.65214536925229,9.675230393594894,4500.210363367248,67728.00439442915,5.390861215980252,10.918195805799142,1.832604064278142,0.7953953084274544,Mid,1,1,0.3304540044252724,0.43729722974894625,-0.1476504537756043,1.5445180051972478,-0.340837907425156,-1.0182453877912883,1.1570390024901336,0.12378880488361321,0.4565936404384389,1.1950211720584536,1.263654675854437,-0.8185247945859512,1.6993804724452455,1.0757405284096975,0.3296908761245627,0.3581403891754813,0.6125530498969481
Rider University,Yes,3586,2424,730,16,31,2748,1309,13250,5420,700,3100,84.0,92,12.3,23,11299,70,6.146104201745475,5.998486757434849,4.111733582796932,3.793745093657405,3.7522922563870544,9.924204773153452,72.69580875822577,10.194537490294326,10.948584224536441,3920.713741190657,60591.59251052614,5.893715394744267,7.306201546172464,1.831578921172241,6.146104201745475,5.998486757434849,4.111733582796932,3.793745093657405,3.7522922563870544,9.924204773153452,72.69580875822577,10.194537490294326,10.948584224536441,3920.713741190657,60591.59251052614,5.893715394744267,7.306201546172464,1.831578921172241,0.6759620747350809,Mid,1,1,0.7292579692867838,0.7112683306166687,0.5063783595649848,-0.5868962977653778,0.3881468661690283,0.9192670817979368,0.7653524540519363,1.0362571162148249,2.0208567404475737,0.7095126551829224,0.8745903245365926,-0.40771996836088487,0.16480224108923644,0.7135829776118789,-0.4827291017620253,0.3581403891754813,0.6125530498969481
Ripon College,Yes,587,501,211,28,52,735,28,15200,4100,350,650,87.0,90,9.4,49,12472,64,5.087905068536108,5.036172207732057,3.6254771330458224,4.777728697775314,3.484039171439027,3.9046923679129257,76.34131276700008,8.679599645871866,8.290621844560157,4205.420538622495,57206.93660181433,4.8959342657145175,11.169601799750874,1.8321872300239066,5.087905068536108,5.036172207732057,3.6254771330458224,4.777728697775314,3.484039171439027,3.9046923679129257,76.34131276700008,8.679599645871866,8.290621844560157,4205.420538622495,57206.93660181433,4.8959342657145175,11.169601799750874,1.8321872300239066,0.8534923339011925,Mid,1,1,-0.9834591515317835,-0.9000112675710359,-0.8584467192035049,0.26440143846515807,-1.0528728582089415,-1.4050727970678636,1.1570390024901336,-1.5123285343587667,-1.244341330331405,0.9480430791331619,0.6900649668386472,-1.2228535013648447,1.806191872967965,0.9284833584267121,0.7248839282713602,0.3581403891754813,0.6125530498969481
Rivier College,Yes,484,386,141,6,28,590,1196,9870,4860,600,1100,59.0,59,12.2,19,6744,81,4.966678879514898,4.866683274383312,3.446741393967353,2.3713672987497,3.431335363103922,9.757759954897724,65.43213831610045,9.845917647123215,9.15165023999676,1939.231936198742,19018.1657525989,5.860981033586721,6.5349533390638825,1.8278121680863975,4.966678879514898,4.866683274383312,3.446741393967353,2.3713672987497,3.431335363103922,9.757759954897724,65.43213831610045,9.845917647123215,9.15165023999676,1939.231936198742,19018.1657525989,5.860981033586721,6.5349533390638825,1.8278121680863975,0.7975206611570248,Mid,1,1,-1.1796662385651215,-1.1838000355032814,-1.3601223664702486,-1.8174726933497243,-1.3359906735192,0.8549970375389448,-0.015083391751780929,0.4497726389260374,-0.18660316336359328,-0.9505941608742655,-1.391918192175684,-0.43446218134192693,-0.16286735762255852,-0.6171171599365686,0.34414815040389946,0.3581403891754813,0.6125530498969481
Roanoke College,Yes,2227,1790,437,27,54,1460,239,13425,4425,450,1200,85.0,89,13.0,26,9405,72,5.880968003357283,5.821512980574309,3.9218896496967526,4.709852044651068,3.6332714310906242,6.9989921501577275,73.0368242929572,9.213393432273651,9.297325805521908,4014.4961141771587,55559.757364651494,6.119944455137463,7.840523349237043,1.8303587199715647,5.880968003357283,5.821512980574309,3.9218896496967526,4.709852044651068,3.6332714310906242,6.9989921501577275,73.0368242929572,9.213393432273651,9.297325805521908,4014.4961141771587,55559.757364651494,6.119944455137463,7.840523349237043,1.8303587199715647,0.8037718904355635,Mid,1,1,0.3001295641717897,0.41494709536393354,-0.02647577754680939,0.20567765393688317,-0.2512171019923436,-0.21025768633299818,0.8019924350919444,-0.6143252338289236,-0.007646689375954711,0.7880845382194887,0.6002637149158834,-0.2229029900664657,0.3918121831278882,0.2825162555378648,0.386670850285873,0.3581403891754813,0.6125530498969481
Rockhurst College,Yes,935,858,345,22,50,1127,754,9490,4100,500,1500,60.0,79,10.7,21,7519,79,5.373555260098256,5.376437702096128,3.8292456820805647,4.337922600177787,3.5795938925789903,8.927263087549319,64.51803598466492,9.442351022087843,9.675230393594894,2005.1172269621243,40692.25666426344,5.356382251004348,6.929932557777247,1.828696113579951,5.373555260098256,5.376437702096128,3.8292456820805647,4.337922600177787,3.5795938925789903,8.927263087549319,64.51803598466492,9.442351022087843,9.675230393594894,2005.1172269621243,40692.25666426344,5.356382251004348,6.929932557777247,1.828696113579951,0.9176470588235294,Mid,1,1,-0.5211284253953837,-0.3302777545472429,-0.28650895646692215,-0.1160987382636973,-0.5395656656866207,0.53431375655252,-0.11329795584429779,-0.22914901677242944,0.4565936404384389,-0.8953947540471879,-0.21028570541136532,-0.8466922550814785,0.004942020606680277,-0.3048412121772491,1.1612832334846228,0.3581403891754813,0.6125530498969481
Rocky Mountain College,Yes,560,392,270,11,31,743,118,8734,3362,600,625,56.0,78,11.3,27,6422,68,5.058473710879869,4.8767922223080165,3.7295675834890347,3.2055940737410316,3.4865708770027037,5.908990368191804,62.62529645130596,9.845917647123215,8.227772414012529,1748.2432357532678,39361.14463169006,5.561395109609361,8.01153343199436,1.827397294221146,5.058473710879869,4.8767922223080165,3.7295675834890347,3.2055940737410316,3.4865708770027037,5.908990368191804,62.62529645130596,9.845917647123215,8.227772414012529,1748.2432357532678,39361.14463169006,5.561395109609361,8.01153343199436,1.827397294221146,0.7,Low,0,1,-1.0310944108746025,-1.1668738219744001,-0.5662855410887035,-1.095737735489672,-1.0392728742449833,-0.6311447016421636,-0.3166609512297168,0.4497726389260374,-1.3215492851616395,-1.1106065529137321,-0.2828555413330692,-0.6792077728800088,0.464466880638092,-0.7636817732716261,-0.31921606516062206,-1.0987972149572356,0.6125530498969481
Roger Williams University,Yes,3304,2804,679,10,20,2111,1489,12520,6050,500,730,44.0,54,16.4,8,7957,61,6.101176626460006,6.082162213978787,4.085842564262511,3.0648578681207974,3.7046597770141085,10.164005152005336,71.24046102085966,9.442351022087843,8.47770385076406,1084.0968907915749,15109.610865197004,7.155480466306929,3.8339176338051995,1.829135973581596,6.101176626460006,6.082162213978787,4.085842564262511,3.0648578681207974,3.7046597770141085,10.164005152005336,71.24046102085966,9.442351022087843,8.47770385076406,1084.0968907915749,15109.610865197004,7.155480466306929,3.8339176338051995,1.829135973581596,0.8486682808716707,Mid,1,1,0.656541762125553,0.8513727861088253,0.43370742341858637,-1.2174962818199055,0.1322715523371656,1.0118622200764649,0.6089844647000522,-0.22914901677242944,-1.0145187375301117,-1.6670355200396116,-1.6050055807115493,0.6230742516139866,-1.310419180097965,-0.14944961858151687,0.6920693009318502,0.3581403891754813,0.6125530498969481
Rollins College,Yes,1777,1151,382,31,55,1668,1052,16425,5220,955,750,81.0,85,13.3,23,11561,90,5.752068480272797,5.55698015505333,3.8695852454955983,4.970662962552278,3.659725448803936,9.523469571359398,78.476420088176,10.91819867685507,8.52150081906591,3646.0827031697963,49267.05353907696,6.215398629296292,7.306201546172464,1.8317230162128557,5.752068480272797,5.55698015505333,3.8695852454955983,4.970662962552278,3.659725448803936,9.523469571359398,78.476420088176,10.91819867685507,8.52150081906591,3646.0827031697963,49267.05353907696,6.215398629296292,7.306201546172464,1.8317230162128557,0.6477208778840743,High,2,1,0.09150302770640113,-0.02798120177606359,-0.17328383041750842,0.4313193649006998,-0.10910965401532459,0.7645294971416866,1.3864428970308234,2.2536750602816173,-0.960715953306189,0.47942381108114585,0.25719681074029643,-0.1449220622273889,0.16480224108923644,0.7644881699608479,-0.6748340277684842,1.8150779933081982,0.6125530498969481
Rosary College,Yes,434,321,141,28,53,624,269,10950,4600,550,950,79.0,82,12.9,30,9264,81,4.897423974934641,4.745014869450281,3.446741393967353,4.777728697775314,3.4450134952025615,7.188526181138939,67.90997878462719,9.65214536925229,8.90831952942552,3468.58928429813,44852.305090025206,6.0879303745316315,8.50587730878895,1.8302527444639567,4.897423974934641,4.745014869450281,3.446741393967353,4.777728697775314,3.4450134952025615,7.188526181138939,67.90997878462719,9.65214536925229,8.90831952942552,3468.58928429813,44852.305090025206,6.0879303745316315,8.50587730878895,1.8302527444639567,0.7396313364055299,Mid,1,1,-1.2917567299034791,-1.3875190987484332,-1.3601223664702486,0.26440143846515807,-1.2625135757605441,-0.13707210634677125,0.2511450305354398,0.12378880488361321,-0.48552498885819567,0.3307179114196808,0.01651265888576715,-0.24905677256531966,0.6744919519989533,0.24507774567620477,-0.0496320603506397,0.3581403891754813,0.6125530498969481
Rowan College of New Jersey,No,3820,1431,695,21,70,5303,3942,4356,4830,800,800,76.0,81,22.1,6,7252,51,6.180595063734924,5.68843629020214,4.094200605874285,4.255852904198828,3.859703341610801,12.064932718587553,48.71483726317033,10.50211456361832,8.626435575433408,3210.7343245943,43437.61538665517,8.712022712645314,3.1721327255834275,1.8284080773598135,6.180595063734924,5.68843629020214,4.094200605874285,4.255852904198828,3.859703341610801,12.064932718587553,48.71483726317033,10.50211456361832,8.626435575433408,3210.7343245943,43437.61538665517,8.712022712645314,3.1721327255834275,1.8284080773598135,0.37460732984293194,Low,0,0,0.7850821407373503,0.19212623470330803,0.45716678278950773,-0.18710169614595554,0.9651448621259067,1.7458754511142072,-1.811252572436892,1.553695186961413,-0.8318078970334455,0.11468424657347391,-0.06061368145330422,1.8946855735894883,-1.5915826153084158,-0.4065972415800165,-2.532632697371791,-1.0987972149572356,-1.6325116659989423
Rutgers at New Brunswick,No,48094,26330,4520,36,79,21401,3712,7410,4748,690,2009,90.0,95,19.5,19,10474,77,7.4385943313886065,7.266932340064066,4.676009856018655,5.262121851799814,4.042226962223176,11.942874700818317,59.03252869180919,10.161705728871548,10.17954805151241,4500.210363367248,65897.48921732574,8.025457623415027,6.5349533390638825,1.8310893612119403,7.4385943313886065,7.266932340064066,4.676009856018655,5.262121851799814,4.042226962223176,11.942874700818317,59.03252869180919,10.161705728871548,10.17954805151241,4500.210363367248,65897.48921732574,8.025457623415027,6.5349533390638825,1.8310893612119403,0.5474695388198112,Low,0,0,2.821179899722557,2.8351274049006467,2.0901895551619254,0.683476302864234,1.9456373605375188,1.6987446705564073,-0.702681320339245,0.9810241201198273,1.0761272561500126,1.1950211720584536,1.1638582779526243,1.3337988114138362,-0.16286735762255852,0.5406336253013266,-1.356773117481754,-1.0987972149572356,-1.6325116659989423
Rutgers State University at Camden,No,3366,1752,232,27,79,2585,1300,7411,4748,690,2009,90.0,95,18.6,12,10134,57,6.1113984183343595,5.808846017077336,3.6659934079609267,4.709852044651068,3.7414914838798845,9.911439158414103,59.03539553643008,10.161705728871548,10.17954805151241,4500.210363367248,65897.48921732574,7.779125994302875,4.953607358725779,1.8308699109651956,6.1113984183343595,5.808846017077336,3.6659934079609267,4.709852044651068,3.7414914838798845,9.911439158414103,59.03539553643008,10.161705728871548,10.17954805151241,4500.210363367248,65897.48921732574,7.779125994302875,4.953607358725779,1.8308699109651956,0.5204991087344029,Low,0,0,0.6730859430828295,0.39373779341587006,-0.7447255991428516,0.20567765393688317,0.3301265596202084,0.9143378407864765,-0.7023732958598419,0.9810241201198273,1.0761272561500126,1.1950211720584536,1.1638582779526243,1.1325591153654024,-0.8347120348951067,0.4631073136814422,-1.5402339142480594,-1.0987972149572356,-1.6325116659989423
Rutgers State University at Newark,No,5785,2690,499,26,62,4005,1886,7410,4748,690,2009,90.0,95,17.4,16,11878,58,6.4031070959862095,6.058400490152868,3.972428279568097,4.639999884647015,3.8157235315641755,10.61091438058747,59.03252869180919,10.161705728871548,10.17954805151241,4500.210363367248,65897.48921732574,7.4429419900118345,5.900711370401069,1.8318907678948888,6.4031070959862095,6.058400490152868,3.972428279568097,4.639999884647015,3.8157235315641755,10.61091438058747,59.03252869180919,10.161705728871548,10.17954805151241,4500.210363367248,65897.48921732574,7.4429419900118345,5.900711370401069,1.8318907678948888,0.46499567847882456,Low,0,0,1.145222453902309,0.8115866467115791,0.11537609820787678,0.14524475095617614,0.7288911997910912,1.1844291777128118,-0.702681320339245,0.9810241201198273,1.0761272561500126,1.1950211720584536,1.1638582779526243,0.8579148600429469,-0.4323290036172367,0.8237506650774934,-1.9177845690097923,-1.0987972149572356,-1.6325116659989423
Sacred Heart University,Yes,2307,1896,509,19,51,1707,1889,11070,5780,400,600,71.0,73,14.8,16,7120,82,5.900929585958322,5.8553813370794074,3.979898094452457,4.08228841706668,3.6642379470469897,10.61395070744746,68.17521503162173,8.96107520321098,8.162552350641706,2803.316583884286,33112.30773484874,6.680232225176779,5.900711370401069,1.8282595579538004,5.900929585958322,5.8553813370794074,3.979898094452457,4.08228841706668,3.6642379470469897,10.61395070744746,68.17521503162173,8.96107520321098,8.162552350641706,2803.316583884286,33112.30773484874,6.680232225176779,5.900711370401069,1.8282595579538004,0.8218465539661899,Mid,1,1,0.33243779728831646,0.4716555716907926,0.1363423819315187,-0.337261774390416,-0.08486911648070146,1.1856016074929714,0.2796430022441378,-1.0388011424180428,-1.4016694654541817,-0.22665472844581655,-0.6235308993858222,0.2348219920998793,-0.4323290036172367,-0.4590654521333017,0.5096200269252782,0.3581403891754813,0.6125530498969481
Saint Ambrose University,Yes,897,718,276,12,48,1345,390,10450,4020,500,1500,56.0,56,14.1,16,7444,70,5.348484667399824,5.26516540661641,3.7386582872093292,3.3372059894156245,3.6165880664383767,7.797024303977196,66.78379076234421,9.442351022087843,9.675230393594894,1748.2432357532678,16606.132242389616,6.465798760875629,5.900711370401069,1.8286168158079557,5.348484667399824,5.26516540661641,3.7386582872093292,3.3372059894156245,3.6165880664383767,7.797024303977196,66.78379076234421,9.442351022087843,9.675230393594894,1748.2432357532678,16606.132242389616,6.465798760875629,5.900711370401069,1.8286168158079557,0.8004459308807135,Mid,1,1,-0.5617056967199653,-0.5165897869334896,-0.5407697449949702,-0.9818731086748947,-0.340837907425156,0.09788985700039565,0.1301431887383247,-0.22914901677242944,0.4565936404384389,-1.1106065529137321,-1.5234179245724684,0.05964138157856781,-0.4323290036172367,-0.3328551418659778,0.3640466953127041,0.3581403891754813,0.6125530498969481
Saint Anselm College,Yes,2095,1553,514,15,40,1873,94,12950,5400,450,1120,70.0,82,14.5,29,6719,97,5.846286464222661,5.737317239297722,3.9835697431896353,3.6884527234691826,3.6821290586576283,5.572705719236125,72.10425976672396,9.213393432273651,9.181740030570095,2725.181328249345,44852.305090025206,6.588845563563279,8.344048523822103,1.8277810588261503,5.846286464222661,5.737317239297722,3.9835697431896353,3.6884527234691826,3.6821290586576283,5.572705719236125,72.10425976672396,9.213393432273651,9.181740030570095,2725.181328249345,44852.305090025206,6.588845563563279,8.344048523822103,1.8277810588261503,0.7412887828162291,Mid,1,1,0.24399677782934165,0.2739714858658186,0.14664796919826797,-0.6779904542213022,0.011239544215495067,-0.7609957207276271,0.7017942239263457,-0.6143252338289236,-0.14963908634340847,-0.2921172878935758,0.01651265888576715,0.16016400330539635,0.605737985971725,-0.6281072874937854,-0.038357622451748286,0.3581403891754813,0.6125530498969481
Saint Cloud State University,No,3971,3306,1921,10,34,11493,2206,4259,2625,350,1884,70.0,75,18.9,10,4629,58,6.201668699286428,6.175769325266233,4.431075096563904,3.0648578681207974,3.9677488004262154,10.912324531983879,48.317676756209984,8.679599645871866,10.067729546235219,2725.181328249345,35531.398971011564,7.861769460596532,4.421054272265976,1.8243188637311232,6.201668699286428,6.175769325266233,4.431075096563904,3.0648578681207974,3.9677488004262154,10.912324531983879,48.317676756209984,8.679599645871866,10.067729546235219,2725.181328249345,35531.398971011564,7.861769460596532,4.421054272265976,1.8243188637311232,0.8325358851674641,Low,0,0,0.8191902544885731,1.0081065990905898,1.4027064327538237,-1.2174962818199055,1.5455506282427987,1.3008139590076777,-1.8539249787140055,-1.5123285343587667,0.9387627958931544,-0.2921172878935758,-0.4916463924532397,1.2000743836939878,-1.060970526681064,-1.851214665167913,0.5823320012198849,-1.0987972149572356,-1.6325116659989423
Saint Francis College IN,Yes,213,166,85,13,36,513,247,8670,3820,450,1000,43.0,78,12.5,4,7440,48,4.432025759127709,4.29749287189283,3.2066877106789544,3.4609232634102094,3.396457913866447,7.051564436228968,62.46019542570021,9.213393432273651,8.993154813797165,1035.9441923891093,39361.14463169006,5.958866657838342,2.3994070378288304,1.8286125519923786,4.432025759127709,4.29749287189283,3.2066877106789544,3.4609232634102094,3.396457913866447,7.051564436228968,62.46019542570021,9.213393432273651,8.993154813797165,1035.9441923891093,39361.14463169006,5.958866657838342,2.3994070378288304,1.8286125519923786,0.7793427230046949,Low,0,1,-2.045013340304842,-2.13684068453058,-2.0339052795204564,-0.8748385657786061,-1.5233476699799502,-0.18995772633422123,-0.33440002124787394,-0.6143252338289236,-0.3813083118461038,-1.7073783698341902,-0.2828555413330692,-0.3544948895129964,-1.9198799308640517,-0.3343614418133228,0.22049646941719708,-1.0987972149572356,0.6125530498969481
Saint Francis College,Yes,1046,824,284,21,45,1223,451,10880,5050,400,1235,64.0,64,19.3,24,7344,69,5.440964122536005,5.351300686957237,3.7504310780047967,4.255852904198828,3.596873581354313,8.040585158805273,67.75437482297629,8.96107520321098,9.345665067815657,2279.780490462643,23500.734234328775,7.971127835179789,7.488071014907595,1.8285091480616256,5.440964122536005,5.351300686957237,3.7504310780047967,4.255852904198828,3.596873581354313,8.040585158805273,67.75437482297629,8.96107520321098,9.345665067815657,2279.780490462643,23500.734234328775,7.971127835179789,7.488071014907595,1.8285091480616256,0.7877629063097514,Mid,1,1,-0.4120257913364381,-0.37236665330195845,-0.5077258642752942,-0.18710169614595554,-0.44674148675433695,0.19193704383145643,0.23442636049265433,-1.0388011424180428,0.051736117233158754,-0.6652789110911722,-1.1475366140165175,1.2894142956687742,0.24207061628816592,-0.3708914775603546,0.2777730324223892,0.3581403891754813,0.6125530498969481
Saint John's University,Yes,933,800,444,18,45,1691,72,12247,4081,500,600,76.0,85,12.0,38,9853,70,5.37226321540944,5.332879882089927,3.9279977087517604,3.9902206092359616,3.6624020216099265,5.187597127896864,70.68188840411668,9.442351022087843,8.162552350641706,3210.7343245943,49267.05353907696,5.795189080826134,9.71106985349749,1.8306797866314557,5.37226321540944,5.332879882089927,3.9279977087517604,3.9902206092359616,3.6624020216099265,5.187597127896864,70.68188840411668,9.442351022087843,8.162552350641706,3210.7343245943,49267.05353907696,5.795189080826134,9.71106985349749,1.8306797866314557,0.857449088960343,Mid,1,1,-0.523219626370655,-0.403210068351706,-0.00933167141692549,-0.41691464264756517,-0.09473146258497064,-0.9096993359514103,0.5489693392804784,-0.22914901677242944,-1.4016694654541817,0.11468424657347391,0.25719681074029643,-0.4882106691982931,1.186525502100285,0.39594111741288424,0.7517989397658782,0.3581403891754813,0.6125530498969481
Saint Joseph's College IN,Yes,920,684,225,24,42,815,222,11200,4250,600,950,55.0,60,14.8,19,7360,67,5.363791836914356,5.234624875484351,3.652974097167861,4.493818501377219,3.5079594268279664,6.881737495934066,68.460431319916,9.845917647123215,8.90831952942552,1686.8014102927957,19867.773742812482,6.680232225176779,6.5349533390638825,1.8285265264127675,5.363791836914356,5.234624875484351,3.652974097167861,4.493818501377219,3.5079594268279664,6.881737495934066,68.460431319916,9.845917647123215,8.90831952942552,1686.8014102927957,19867.773742812482,6.680232225176779,6.5349533390638825,1.8285265264127675,0.7434782608695653,Mid,1,1,-0.5369307271740181,-0.5677262212169596,-0.7812682134110072,0.018775285270126344,-0.9243764428394846,-0.2555337237338693,0.31028770411566187,0.4497726389260374,-0.48552498885819567,-1.162083176610684,-1.3455990913496088,0.2348219920998793,-0.16286735762255852,-0.364752138525415,-0.02346414886251148,0.3581403891754813,0.6125530498969481
Saint Joseph's College,Yes,833,682,217,12,33,716,2196,9985,5180,500,800,53.0,89,27.2,8,4322,85,5.303569306678217,5.232778121623192,3.637511358695893,3.3372059894156245,3.477889418547371,10.90352913269428,65.70420676923294,9.442351022087843,8.626435575433408,1567.2469311353118,55559.757364651494,9.968163515915641,3.8339176338051995,1.8236013760565337,5.303569306678217,5.232778121623192,3.637511358695893,3.3372059894156245,3.477889418547371,10.90352913269428,65.70420676923294,9.442351022087843,8.626435575433408,1567.2469311353118,55559.757364651494,9.968163515915641,3.8339176338051995,1.8236013760565337,0.8187274909963985,Mid,1,1,-0.6344021343576808,-0.5708183877235126,-0.8246690428782197,-0.9818731086748947,-1.0859085089215643,1.2974177541420533,0.014148657668516966,-0.22914901677242944,-0.8318078970334455,-1.2622472080135945,0.6002637149158834,2.9208850687792247,-1.310419180097965,-2.1046852074377873,0.48840324336676194,0.3581403891754813,0.6125530498969481
Saint Joseph's University,Yes,2519,2003,776,39,71,2473,1314,12750,6350,350,1690,84.0,90,17.4,13,8243,83,5.95043021569061,5.887574129344597,4.133354391456487,5.422106255753956,3.733576821865469,9.93126218060625,71.70487498826222,8.679599645871866,9.879778471440614,3920.713741190657,57206.93660181433,7.4429419900118345,5.2034945525684675,1.829403546726463,5.95043021569061,5.887574129344597,4.133354391456487,5.422106255753956,3.733576821865469,9.93126218060625,71.70487498826222,8.679599645871866,9.879778471440614,3920.713741190657,57206.93660181433,7.4429419900118345,5.2034945525684675,1.829403546726463,0.7951568082572449,Mid,1,1,0.4125555873838937,0.5255585178757125,0.5670636664579229,0.821887512510805,0.28761005295349923,0.921992188497553,0.6588828336225869,-1.5123285343587667,0.7078725878738622,0.7095126551829224,0.6900649668386472,0.8579148600429469,-0.7285459060471434,-0.05492268449148269,0.3280685278298941,0.3581403891754813,0.6125530498969481
Saint Joseph College,Yes,292,241,96,20,52,543,712,12200,4600,650,950,87.0,90,11.2,32,8680,76,4.6411660168363404,4.5528741945681785,3.2660359248992386,4.170730633321285,3.4107601354614476,8.826394657916792,70.58490085333895,10.026082431745259,8.90831952942552,4205.420538622495,57206.93660181433,5.527531557925774,8.821390068071972,1.8297858539023968,4.6411660168363404,4.5528741945681785,3.2660359248992386,4.170730633321285,3.4107601354614476,8.826394657916792,70.58490085333895,10.026082431745259,8.90831952942552,4205.420538622495,57206.93660181433,5.527531557925774,8.821390068071972,1.8297858539023968,0.8253424657534246,Mid,1,1,-1.7065155200093203,-1.7092354746622807,-1.867326653798518,-0.26074560260699386,-1.4465180468469534,0.4953650016152697,0.538548635061208,0.7528645357434074,-0.48552498885819567,0.9480430791331619,0.6900649668386472,-0.706872473805698,0.808539510579746,0.08013692786077503,0.5334002469618061,0.3581403891754813,0.6125530498969481
Saint Louis University,Yes,3294,2855,956,44,67,4576,1140,11690,4730,800,6800,84.0,94,4.6,19,18367,67,6.099508683598015,6.09245982643582,4.205635793848299,5.668515457022506,3.836941794469871,9.66987755483449,69.51633878568438,10.50211456361832,12.405242337459525,3920.713741190657,64098.054902977776,2.922977256429375,6.5349533390638825,1.8342803842325754,6.099508683598015,6.09245982643582,4.205635793848299,5.668515457022506,3.836941794469871,9.66987755483449,69.51633878568438,10.50211456361832,12.405242337459525,3920.713741190657,64098.054902977776,2.922977256429375,6.5349533390638825,1.8342803842325754,0.8667273831208258,Mid,1,1,0.65384216220468,0.8686148956323542,0.7699431773896466,1.0350695150852658,0.8428728726209441,0.8210626333271392,0.42373834077426703,1.553695186961413,3.8103016535630996,0.7095126551829224,1.0657563528339236,-2.834653294579389,-0.16286735762255852,1.6679426566360402,0.8149126251585059,0.3581403891754813,0.6125530498969481
Saint Mary's College,Yes,888,734,393,26,60,1433,27,12730,4514,500,1525,74.0,95,9.9,31,11165,98,5.34237997055902,5.27900667580794,3.8807143848280052,4.639999884647015,3.6295019153124986,3.857904601077541,71.66471073473649,9.442351022087843,9.703472303210704,3044.4176772221554,65897.48921732574,5.075820123969052,8.66494745865426,1.8315032150954391,5.34237997055902,5.27900667580794,3.8807143848280052,4.639999884647015,3.6295019153124986,3.857904601077541,71.66471073473649,9.442351022087843,9.703472303210704,3044.4176772221554,65897.48921732574,5.075820123969052,8.66494745865426,1.8315032150954391,0.8265765765765766,Mid,1,1,-0.5715862744567303,-0.49341425179456455,-0.14204655125390575,0.14524475095617614,-0.27146643701373013,-1.4231391560978544,0.6545674364110557,-0.22914901677242944,0.49128767128227613,-0.024657633443134833,1.1638582779526243,-1.0758964274030898,0.7420738947418721,0.686837904463273,0.541795031701849,0.3581403891754813,0.6125530498969481
Saint Mary's College of Minnesota,Yes,876,802,367,14,35,1263,118,10800,3600,400,820,68.0,74,18.8,19,5081,78,5.334136342352052,5.334437372150576,3.853798513078427,3.5777357214550345,3.603592065688748,5.908990368191804,67.57573425547379,8.96107520321098,8.666717390688582,2572.256540860469,34308.59715981074,7.834281847704038,6.5349533390638825,1.8252512226585957,5.334136342352052,5.334437372150576,3.853798513078427,3.5777357214550345,3.603592065688748,5.908990368191804,67.57573425547379,8.96107520321098,8.666717390688582,2572.256540860469,34308.59715981074,7.834281847704038,6.5349533390638825,1.8252512226585957,0.9155251141552512,Mid,1,1,-0.5849287567217807,-0.40060223917581034,-0.21759404640701593,-0.7737777547234982,-0.41065068673345007,-0.6311447016421636,0.21523255159059804,-1.0388011424180428,-0.7823233345544828,-0.4202393232555936,-0.558311349746167,1.1776184819345592,-0.16286735762255852,-1.5218354558708975,1.1468491418404205,0.3581403891754813,0.6125530498969481
Saint Mary-of-the-Woods College,Yes,150,130,88,23,50,341,768,10300,4130,500,1700,44.0,58,10.2,37,9678,75,4.194180775951201,4.12668907695394,3.2237088873894986,4.417175042264962,3.2883285468901593,8.959747749182435,66.43904922656381,9.442351022087843,9.889943873748738,1084.0968907915749,18191.521233243842,5.182041400569177,9.56813346581784,1.8305571005017123,4.194180775951201,4.12668907695394,3.2237088873894986,4.417175042264962,3.2883285468901593,8.959747749182435,66.43904922656381,9.442351022087843,9.889943873748738,1084.0968907915749,18191.521233243842,5.182041400569177,9.56813346581784,1.8305571005017123,0.8666666666666667,Mid,1,1,-2.4299703507606525,-2.4228310295410225,-1.9861302240809007,-0.04753313995778422,-2.104204179523998,0.5468571968517011,0.09310287224762681,-0.22914901677242944,0.7203603688354095,-1.6670355200396116,-1.436985365837391,-0.989119355802782,1.1257980885897985,0.35259916055926876,0.8144996139821334,0.3581403891754813,0.6125530498969481
Saint Michael's College,Yes,1910,1380,463,16,64,1715,106,13030,5860,500,750,79.0,88,14.5,34,10190,84,5.7935157455438375,5.666665240224555,3.9440319762223828,3.793745093657405,3.665148060848766,5.749485775324345,72.26287897408827,9.442351022087843,8.52150081906591,3468.58928429813,53942.39364317825,6.588845563563279,9.126868146634914,1.8309068312826524,5.7935157455438375,5.666665240224555,3.9440319762223828,3.793745093657405,3.665148060848766,5.749485775324345,72.26287897408827,9.442351022087843,8.52150081906591,3468.58928429813,53942.39364317825,6.588845563563279,9.126868146634914,1.8309068312826524,0.7225130890052356,Mid,1,1,0.1585862813332729,0.15567323846539224,0.035673326202722754,-0.5868962977653778,-0.07998010676048815,-0.6927348872095733,0.7188368632154515,-0.22914901677242944,-0.960715953306189,0.3307179114196808,0.5120879513281108,0.16016400330539635,0.9383237726310382,0.4761503431549651,-0.16607541321359,0.3581403891754813,0.6125530498969481
Saint Olaf College,Yes,2248,1673,745,38,73,2888,105,14350,3750,550,550,82.0,88,10.0,31,12502,83,5.886281527749994,5.781544377487221,4.118952793075831,5.369882157677974,3.7609632933924453,5.735465499659385,74.79245153058919,9.65214536925229,8.024199890786795,3736.5073126492257,53942.39364317825,5.111366001999691,8.66494745865426,1.8322016241684722,5.886281527749994,5.781544377487221,4.118952793075831,5.369882157677974,3.7609632933924453,5.735465499659385,74.79245153058919,9.65214536925229,8.024199890786795,3736.5073126492257,53942.39364317825,5.111366001999691,8.66494745865426,1.8322016241684722,0.7442170818505338,Mid,1,1,0.3087296129846096,0.34802449220660137,0.5266412460369035,0.7767056047201572,0.43472651820919167,-0.6981485957704842,0.9906235739953856,0.12378880488361321,-1.5716298036474603,0.5551825236557095,0.5120879513281108,-1.0468573563083918,0.7420738947418721,0.9335684515339128,-0.01843847128128937,0.3581403891754813,0.6125530498969481
Saint Peter's College,Yes,1606,1413,530,23,38,1921,1154,9408,5520,500,450,78.0,78,12.1,22,7669,53,5.693596868258128,5.680848528628931,3.9950476229308176,4.417175042264962,3.686944572231756,9.692211759538617,64.31764080653244,9.442351022087843,7.708544607869356,3381.5199008967597,39361.14463169006,5.828139320813687,7.12024725786717,1.828851107391723,5.693596868258128,5.680848528628931,3.9950476229308176,4.417175042264962,3.686944572231756,9.692211759538617,64.31764080653244,9.442351022087843,7.708544607869356,3381.5199008967597,39361.14463169006,5.828139320813687,7.12024725786717,1.828851107391723,0.8798256537982565,Mid,1,1,-0.0031344822258343057,0.1794214435073314,0.17886409328232422,-0.04753313995778422,0.03710783961523897,0.8296866346019534,-0.13482916125717018,-0.22914901677242944,-1.9593994081301285,0.2577702434217395,-0.2828555413330692,-0.4612920948206636,0.08579840488433134,-0.2500857551712498,0.9040109141784601,0.3581403891754813,0.6125530498969481
Saint Vincent College,Yes,700,595,278,19,35,1035,182,10850,3936,500,900,62.0,64,12.3,31,8534,88,5.19706566698009,5.146298506529817,3.741638016711902,4.08228841706668,3.561261881446964,6.569877266572251,67.68748605707488,9.442351022087843,8.819245343756174,2140.223695713882,23500.734234328775,5.893715394744267,8.66494745865426,1.8296614898727144,5.19706566698009,5.146298506529817,3.741638016711902,4.08228841706668,3.561261881446964,6.569877266572251,67.68748605707488,9.442351022087843,8.819245343756174,2140.223695713882,23500.734234328775,5.893715394744267,8.66494745865426,1.8296614898727144,0.85,Mid,1,1,-0.8067804716818173,-0.7156180683498904,-0.5324062373126774,-0.337261774390416,-0.6380427796921677,-0.3759536379958345,0.22723958198900848,-0.22914901677242944,-0.5949489827396871,-0.7822010981159766,-1.1475366140165175,-0.40771996836088487,0.7420738947418721,0.036202210709703954,0.7011280460678576,0.3581403891754813,0.6125530498969481
Saint Xavier University,Yes,785,647,295,15,65,1670,726,10860,4624,600,794,87.0,100,13.7,15,8953,55,5.26738251905357,5.199488876463799,3.766008971877225,3.6884527234691826,3.6599599754912413,8.860607377148998,67.70979579733606,9.845917647123215,8.61416919660542,4205.420538622495,75365.02473070551,6.341334969722225,5.67618042622164,1.8300099546491404,5.26738251905357,5.199488876463799,3.766008971877225,3.6884527234691826,3.6599599754912413,8.860607377148998,67.70979579733606,9.845917647123215,8.61416919660542,4205.420538622495,75365.02473070551,6.341334969722225,5.67618042622164,1.8300099546491404,0.824203821656051,Mid,1,1,-0.6929711964246543,-0.6265572119790171,-0.4640018165174354,-0.6779904542213022,-0.1078498079920617,0.508575704131079,0.22963662369803453,0.4497726389260374,-0.8468766417178408,0.9480430791331619,1.6800113003699915,-0.042038843535126456,-0.5277223720549751,0.1593061454124084,0.5256548549648711,0.3581403891754813,0.6125530498969481
Salem-Teikyo University,Yes,489,384,120,23,52,700,45,10575,3952,400,620,46.0,24,13.0,9,8946,98,4.973178723523461,4.863276300865382,3.372171987698658,4.417175042264962,3.4725544525560954,4.533104806453966,67.06860036700895,8.96107520321098,8.214923924494002,1183.7172790157958,1878.4935399138549,6.119944455137463,4.135322577728063,1.8300043405318778,4.973178723523461,4.863276300865382,3.372171987698658,4.417175042264962,3.4725544525560954,4.533104806453966,67.06860036700895,8.96107520321098,8.214923924494002,1183.7172790157958,1878.4935399138549,6.119944455137463,4.135322577728063,1.8300043405318778,0.7852760736196319,Mid,1,1,-1.1691461069880413,-1.1895046015650756,-1.569423848921503,-0.04753313995778422,-1.1145672332892769,-1.1624212344588023,0.16074419500376247,-1.0388011424180428,-1.3373331290205177,-1.5835724849046677,-2.326342320114572,-0.2229029900664657,-1.18236541463741,0.1573228174789494,0.26085686514922973,0.3581403891754813,0.6125530498969481
Salem College,Yes,335,284,132,28,69,534,216,10475,6300,500,2000,68.0,68,11.2,46,9599,60,4.730812743478768,4.66337243536369,3.416457551822798,4.777728697775314,3.40657249449107,6.8383950790531145,66.84093102126377,9.442351022087843,10.171715522398618,2572.256540860469,27520.52043115919,5.527531557925774,10.790398173053111,1.8305005892560424,4.730812743478768,4.66337243536369,3.416457551822798,4.777728697775314,3.40657249449107,6.8383950790531145,66.84093102126377,9.442351022087843,10.171715522398618,2572.256540860469,27520.52043115919,5.527531557925774,10.790398173053111,1.8305005892560424,0.8477611940298507,Mid,1,1,-1.561420444113573,-1.524219503445356,-1.4451230842221887,0.26440143846515807,-1.4690134945250166,-0.27226971515987175,0.13628255128989472,-0.22914901677242944,1.0665053144911143,-0.4202393232555936,-0.9283850943804479,-0.706872473805698,1.6450848531462385,0.33263514362687996,0.6858990294823579,0.3581403891754813,0.6125530498969481
Salisbury State University,No,4216,2290,736,20,52,4296,1027,5130,4690,600,1450,73.0,75,17.9,18,5125,56,6.234095177114243,5.965579589788471,4.11464164894733,4.170730633321285,3.826967186995917,9.479835182811769,51.69318601621696,9.845917647123215,9.617414096506403,2962.9344405957,35531.398971011564,7.584136852632175,6.329553707860191,1.8253351530577433,6.234095177114243,5.965579589788471,4.11464164894733,4.170730633321285,3.826967186995917,9.479835182811769,51.69318601621696,9.845917647123215,9.617414096506403,2962.9344405957,35531.398971011564,7.584136852632175,6.329553707860191,1.8253351530577433,0.543168880455408,Low,0,0,0.8716731775988071,0.6561692490542769,0.514540722480301,-0.26074560260699386,0.7892906142261138,0.7476807654565617,-1.4912476731641928,0.4497726389260374,0.38556868420312496,-0.09292516745590934,-0.4916463924532397,0.9732634709368446,-0.2501326687269887,-1.4921849342824516,-1.386027460391916,-1.0987972149572356,-1.6325116659989423
Samford University,Yes,1680,1395,691,34,76,2959,402,8236,3700,569,1650,75.0,75,14.7,17,9533,61,5.71968289990313,5.673156664847533,4.092132084872761,5.149577531776267,3.7651671385216234,7.847559837807865,61.318912703276276,9.727522048598797,9.838551735908597,3127.017536070735,35531.398971011564,6.649854000037834,6.118308313178587,1.830452824467565,5.71968289990313,5.673156664847533,4.092132084872761,5.149577531776267,3.7651671385216234,7.847559837807865,61.318912703276276,9.727522048598797,9.838551735908597,3127.017536070735,35531.398971011564,6.649854000037834,6.118308313178587,1.830452824467565,0.8303571428571429,Low,0,1,0.03908629797562801,0.1665423457249763,0.451360856019211,0.5861080901616065,0.4573090124628911,0.11740335721016941,-0.4570236939313886,0.25059527689674654,0.6572272294828756,0.044545418704219096,-0.4916463924532397,0.21000461555961872,-0.3398815888114029,0.3157610323835252,0.5675115553117477,-1.0987972149572356,0.6125530498969481
San Diego State University,No,9402,7020,2151,20,70,16407,5550,8384,5110,612,2400,87.0,93,19.5,7,7930,41,6.655015329951168,6.590264690892382,4.465353918177476,4.170730633321285,4.011633118014475,12.771683066404067,61.71245132441182,9.890319308733991,10.4918640185218,4205.420538622495,62329.492559452454,8.025457623415027,3.5140781476818708,1.82910994677052,6.655015329951168,6.590264690892382,4.465353918177476,4.170730633321285,4.011633118014475,12.771683066404067,61.71245132441182,9.890319308733991,10.4918640185218,4205.420538622495,62329.492559452454,8.025457623415027,3.5140781476818708,1.82910994677052,0.7466496490108487,Low,0,0,1.5529411257920083,1.7021290747800983,1.498920262786886,-0.26074560260699386,1.7812913178523953,2.018775963189248,-0.4147404365769312,0.5244697217532128,1.4597946476206283,0.9480430791331619,0.9693375120855497,1.3337988114138362,-1.4463049754933548,-0.1586442433125062,-0.0018914340999885851,-1.0987972149572356,-1.6325116659989423
Santa Clara University,Yes,4019,2779,888,40,73,3891,128,13584,5928,630,1278,88.0,92,13.9,19,10872,100,6.208187852794271,6.077040919517795,4.180336239930117,5.473292195405891,3.8110439253137316,6.0310471295175265,73.34413823980195,9.955518251301774,9.403345872246657,4302.5631252927,60591.59251052614,6.4037473763683845,6.5349533390638825,1.8313326897922448,6.208187852794271,6.077040919517795,4.180336239930117,5.473292195405891,3.8110439253137316,6.0310471295175265,73.34413823980195,9.955518251301774,9.403345872246657,4302.5631252927,60591.59251052614,6.4037473763683845,6.5349533390638825,1.8313326897922448,0.6914655386912167,Mid,1,1,0.8297416388884687,0.842797796482141,0.6989323647066183,0.8661712529818544,0.7037529803722217,-0.5840144062402315,0.8350113918224318,0.6341541487893395,0.12259462628051393,1.029430185416124,0.8745903245365926,0.008948736859618622,-0.16286735762255852,0.6265955580060729,-0.3772699807534504,0.3581403891754813,0.6125530498969481
Sarah Lawrence College,Yes,1380,768,263,57,82,1000,105,19300,6694,600,700,89.0,93,6.1,18,14779,83,5.605138114279126,5.3073780514623214,3.718662889521087,6.219270798359038,3.55375894356424,5.735465499659385,83.1059109463388,9.845917647123215,8.409880082919223,4400.82631344925,62329.492559452454,3.598715482573954,6.329553707860191,1.8331593157919228,5.605138114279126,5.3073780514623214,3.718662889521087,6.219270798359038,3.55375894356424,5.735465499659385,83.1059109463388,9.845917647123215,8.409880082919223,4400.82631344925,62329.492559452454,3.598715482573954,6.329553707860191,1.8331593157919228,0.5565217391304348,High,2,1,-0.14630679986573053,-0.4459098066227206,-0.5968928467838119,1.5115579172644587,-0.678347559344125,-0.6981485957704842,1.8838526628397612,0.4497726389260374,-1.0978374622751548,1.1117561437041261,0.9693375120855497,-2.2826114973981997,-0.2501326687269887,1.2718970719694351,-1.2951973889443846,1.8150779933081982,0.6125530498969481
Savannah Coll. of Art and Design,Yes,1109,688,386,20,65,1897,208,8325,5000,1200,1600,14.0,98,16.1,26,6874,55,5.475889976308333,5.2383011302725935,3.8736744936276266,4.170730633321285,3.6845553836830076,6.778868616300926,61.556119044621354,11.468747385922915,9.785696442692036,117.29476653353467,71483.10904926102,7.067858726213781,7.840523349237043,1.8279711143834694,5.475889976308333,5.2383011302725935,3.8736744936276266,4.170730633321285,3.6845553836830076,6.778868616300926,61.556119044621354,11.468747385922915,9.785696442692036,117.29476653353467,71483.10904926102,7.067858726213781,7.840523349237043,1.8279711143834694,0.6203787195671776,Low,0,1,-0.3554975767142494,-0.56157077616018,-0.16180612476084086,-0.26074560260699386,0.024273438010233267,-0.29525492092209876,-0.4315373598372601,3.179865230418292,0.5922966635947635,-2.4770327616069596,1.4683762334705521,0.5514920012666231,0.3918121831278882,-0.5609653882233335,-0.8608234292812997,-1.0987972149572356,0.6125530498969481
Schreiner College,Yes,584,413,131,19,51,521,99,8955,5900,500,1488,51.0,56,11.8,23,8545,52,5.084707350320899,4.910915749540672,3.412946929939088,4.08228841706668,3.4003695407956904,5.648713680425285,63.189374364027245,9.442351022087843,9.661519095933366,1452.1285394184367,16606.132242389616,5.728958206066383,7.306201546172464,1.8296709737984305,5.084707350320899,4.910915749540672,3.412946929939088,4.08228841706668,3.4003695407956904,5.648713680425285,63.189374364027245,9.442351022087843,9.661519095933366,1452.1285394184367,16606.132242389616,5.728958206066383,7.306201546172464,1.8296709737984305,0.7071917808219178,Mid,1,1,-0.9886347244110868,-1.1097380930537866,-1.454976701159122,-0.337261774390416,-1.5023349328457616,-0.7316464440072331,-0.2560543162754711,-0.22914901677242944,0.43974987206550303,-1.3586946375389468,-1.5234179245724684,-0.5423177327277025,0.16480224108923644,0.03955264567777565,-0.27029545708802344,0.3581403891754813,0.6125530498969481
Scripps College,Yes,855,632,139,60,83,569,7,17238,7350,600,800,95.0,100,8.2,41,18372,73,5.319414283627439,5.18462823099279,3.4402072633522027,6.332033025583393,3.422398271266156,2.276675341792298,79.83624540881351,9.845917647123215,8.626435575433408,5013.952455197691,75365.02473070551,4.448258560593803,10.12852980378421,1.8342817069405526,5.319414283627439,5.18462823099279,3.4402072633522027,6.332033025583393,3.422398271266156,2.276675341792298,79.83624540881351,9.845917647123215,8.626435575433408,5013.952455197691,75365.02473070551,4.448258560593803,10.12852980378421,1.8342817069405526,0.7391812865497076,High,2,1,-0.6087567123872402,-0.6514395696974287,-1.3784623706718802,1.6091146533387966,-1.383999536564682,-2.0337059225665857,1.5325476016306274,0.4497726389260374,-0.8318078970334455,1.6254398345940284,1.6800113003699915,-1.588580481499189,1.3638859589907049,1.6684099364515772,-0.05269343181828984,1.8150779933081982,0.6125530498969481
Seattle Pacific University,Yes,1183,1016,411,42,82,1922,704,12669,4875,600,1250,83.0,85,16.8,20,10368,66,5.51429201409044,5.480759819745782,3.8981721498086026,5.572727488079942,3.6870433310748134,8.806567810369913,71.54195313135853,9.845917647123215,9.365994585919545,3828.050899130615,49267.05353907696,7.271300283648758,6.734949707633466,1.8310221363384993,5.51429201409044,5.480759819745782,3.8981721498086026,5.572727488079942,3.6870433310748134,8.806567810369913,71.54195313135853,9.845917647123215,9.365994585919545,3828.050899130615,49267.05353907696,7.271300283648758,6.734949707633466,1.8310221363384993,0.8588334742180896,Mid,1,1,-0.2933430865813202,-0.1556029563115307,-0.09304607943093794,0.9521981331052524,0.03763835892251837,0.4877091768037313,0.6413779016180805,0.4497726389260374,0.07671009872843897,0.6318787272247831,0.25719681074029643,0.7176928148990249,-0.07789765626183243,0.5168847502633427,0.7612159354019669,0.3581403891754813,0.6125530498969481
Seattle University,Yes,2115,1540,494,28,72,2993,347,12825,4375,500,1500,85.0,85,12.2,16,10175,89,5.851689590110617,5.732307777171978,3.9686282863342432,4.777728697775314,3.7671369274610984,7.6034787048123995,71.85512336748643,9.442351022087843,9.675230393594894,4014.4961141771587,49267.05353907696,5.860981033586721,5.900711370401069,1.8308969726489501,5.851689590110617,5.732307777171978,3.9686282863342432,4.777728697775314,3.7671369274610984,7.6034787048123995,71.85512336748643,9.442351022087843,9.675230393594894,4014.4961141771587,49267.05353907696,5.860981033586721,5.900711370401069,1.8308969726489501,0.7281323877068558,Mid,1,1,0.25274184851010584,0.2655837459905372,0.10471027348232559,0.26440143846515807,0.467890455413286,0.02315527316166764,0.6750260799131185,-0.22914901677242944,0.4565936404384389,0.7880845382194887,0.25719681074029643,-0.43446218134192693,-0.4323290036172367,0.47266753317918614,-0.12785129095070955,0.3581403891754813,0.6125530498969481
Seton Hall University,Yes,4576,3565,1000,16,36,4384,1530,12000,6484,650,1000,81.0,84,14.4,15,10080,64,6.278244619840406,6.218279912729028,4.220922535974553,3.793745093657405,3.8301855303483863,10.214903167904046,70.16942043070692,10.026082431745259,8.993154813797165,3646.0827031697963,47766.80550904597,6.558213800428661,5.67618042622164,1.830834009986915,6.278244619840406,6.218279912729028,4.220922535974553,3.793745093657405,3.8301855303483863,10.214903167904046,70.16942043070692,10.026082431745259,8.993154813797165,3646.0827031697963,47766.80550904597,6.558213800428661,5.67618042622164,1.830834009986915,0.7790646853146853,Mid,1,1,0.9431299611650211,1.0792854483628265,0.812850020141566,-0.5868962977653778,0.8065791246327217,1.0315156870259676,0.4939078687110157,0.7528645357434074,-0.3813083118461038,0.47942381108114585,0.17540598418550252,0.13513949985508442,-0.5277223720549751,0.4504243913747645,0.21860517528585827,0.3581403891754813,0.6125530498969481
Seton Hill College,Yes,936,794,197,24,56,752,210,11240,4180,350,2000,71.0,71,11.2,37,10065,71,5.374200171305678,5.328182316120615,3.595795018571346,4.493818501377219,3.489379653101693,6.7939429999091505,68.54775234660038,8.679599645871866,10.171715522398618,2803.316583884286,30798.352141016087,5.527531557925774,9.56813346581784,1.8308239848037011,5.374200171305678,5.328182316120615,3.595795018571346,4.493818501377219,3.489379653101693,6.7939429999091505,68.54775234660038,8.679599645871866,10.171715522398618,2803.316583884286,30798.352141016087,5.527531557925774,9.56813346581784,1.8308239848037011,0.8482905982905983,Mid,1,1,-0.520084623305876,-0.4110755757472144,-0.9417585071425194,0.018775285270126344,-1.0241845043916062,-0.289434185186192,0.31966980093019354,-1.5123285343587667,1.0665053144911143,-0.22665472844581655,-0.7496836000340958,-0.706872473805698,1.1257980885897985,0.4468827436007992,0.6895001929484448,0.3581403891754813,0.6125530498969481
Shippensburg University of Penn.,No,5818,3281,1116,14,53,5268,300,7844,3504,450,1700,80.0,83,18.8,13,6719,72,6.406109931308549,6.171478620563491,4.257762138964277,3.5777357214550345,3.858696833403421,7.3651341286114285,60.25360261327403,9.213393432273651,9.889943873748738,3556.7767888093103,46295.29542396985,7.834281847704038,5.2034945525684675,1.8277810588261503,6.406109931308549,6.171478620563491,4.257762138964277,3.5777357214550345,3.858696833403421,7.3651341286114285,60.25360261327403,9.213393432273651,9.889943873748738,3556.7767888093103,46295.29542396985,7.834281847704038,5.2034945525684675,1.8277810588261503,0.5639394981093159,Low,0,0,1.1500826048003465,1.0009223317930493,0.9162514538459132,-0.7737777547234982,0.9597380345404423,-0.06887772985913919,-0.5714845836094821,-0.6143252338289236,0.7203603688354095,0.4046023533364621,0.09518189874570733,1.1776184819345592,-0.7285459060471434,-0.6281072874937854,-1.2447396109936282,-1.0987972149572356,-1.6325116659989423
Shorter College,Yes,540,445,165,23,70,1115,111,7210,3600,500,2000,62.0,65,13.2,18,7356,58,5.035674711065069,4.959503711477066,3.5177250671418596,4.417175042264962,3.5773081627435253,5.817839369280871,58.45397380348555,9.442351022087843,10.171715522398618,2140.223695713882,24468.81775259251,6.183677590318551,6.329553707860191,1.8285221872909474,5.035674711065069,4.959503711477066,3.5177250671418596,4.417175042264962,3.5773081627435253,5.817839369280871,58.45397380348555,9.442351022087843,10.171715522398618,2140.223695713882,24468.81775259251,6.183677590318551,6.329553707860191,1.8285221872909474,0.8240740740740741,Low,0,1,-1.067995062268938,-1.0283834135367704,-1.1608853231749643,-0.04753313995778422,-0.5518443009095576,-0.666341223802777,-0.7648434155513482,-0.22914901677242944,1.0665053144911143,-0.7822010981159766,-1.0947584403093151,-0.17083644547256602,-0.2501326687269887,-0.3662850422945822,0.5247722737567625,-1.0987972149572356,0.6125530498969481
Siena College,Yes,2961,1932,628,24,68,2669,616,10800,5100,575,1090,71.0,82,14.1,42,8189,100,6.040628656668945,5.866424908040835,4.057601640227833,4.493818501377219,3.7471580015353334,8.573740013335751,67.57573425547379,9.750869219198945,9.136414888717972,2803.316583884286,44852.305090025206,6.465798760875629,10.264131539363945,1.829354131556079,6.040628656668945,5.866424908040835,4.057601640227833,4.493818501377219,3.7471580015353334,8.573740013335751,67.57573425547379,9.750869219198945,9.136414888717972,2803.316583884286,44852.305090025206,6.465798760875629,10.264131539363945,1.829354131556079,0.6524822695035462,Mid,1,1,0.5585436243105615,0.49014669872070377,0.3544407702156266,0.018775285270126344,0.3605663352209994,0.39780639114224875,0.21523255159059804,0.28987231007147457,-0.2053191692701864,-0.22665472844581655,0.01651265888576715,0.05964138157856781,1.4214971999277994,-0.0723798345962104,-0.6424456417672791,0.3581403891754813,0.6125530498969481
Siena Heights College,Yes,464,419,183,10,31,686,287,9240,3880,475,1090,29.0,49,7.2,17,9431,47,4.939940042068296,4.9203256910753925,3.5635799464153397,3.0648578681207974,3.467763057036545,7.293196152876924,63.90346271855359,9.330500213309353,9.136414888717972,477.50063363371055,11743.775211777287,4.0555152379089465,6.118308313178587,1.8303779942808869,4.939940042068296,4.9203256910753925,3.5635799464153397,3.0648578681207974,3.467763057036545,7.293196152876924,63.90346271855359,9.330500213309353,9.136414888717972,477.50063363371055,11743.775211777287,4.0555152379089465,6.118308313178587,1.8303779942808869,0.9030172413793104,Mid,1,1,-1.2229435984195816,-1.0939822813810685,-1.0321798031795366,-1.2174962818199055,-1.1403059697228433,-0.09665544581816274,-0.17932999991451426,-0.4173160543227945,-0.2053191692701864,-2.175248403229149,-1.7885048919121829,-1.9094306588272838,-0.3398815888114029,0.2893253894209727,1.0617669129675793,0.3581403891754813,0.6125530498969481
Simmons College,Yes,1003,782,295,23,53,1144,160,16160,6950,500,1200,74.0,81,8.9,33,14086,79,5.415804416016658,5.31867227216896,3.766008971877225,4.417175042264962,3.5827817289075083,6.370629090618169,78.0236433192539,9.442351022087843,9.297325805521908,3044.4176772221554,43437.61538665517,4.712269889220786,8.975326246182142,1.8328932622067156,5.415804416016658,5.31867227216896,3.766008971877225,4.417175042264962,3.5827817289075083,6.370629090618169,78.0236433192539,9.442351022087843,9.297325805521908,3044.4176772221554,43437.61538665517,4.712269889220786,8.975326246182142,1.8328932622067156,0.7796610169491526,High,2,1,-0.45274729521800433,-0.42699899683848147,-0.4640018165174354,-0.04753313995778422,-0.5224410349358758,-0.45289018201859543,1.3377948721197985,-0.22914901677242944,-0.007646689375954711,-0.024657633443134833,-0.06061368145330422,-1.3728974215619376,0.8739402534841448,1.1779069604962096,0.22266159842964445,1.8150779933081982,0.6125530498969481
Simpson College,Yes,1016,872,300,27,57,1116,602,11250,4980,550,1400,66.0,73,15.8,36,7411,70,5.4235309949621335,5.386480226943049,3.772869978595508,4.709852044651068,3.577499782879429,8.533928236061197,68.56955069496276,9.65214536925229,9.557721089085858,2423.7905034076744,33112.30773484874,6.9795700655441655,9.42317822480527,1.8285815332478514,5.4235309949621335,5.386480226943049,3.772869978595508,4.709852044651068,3.577499782879429,8.533928236061197,68.56955069496276,9.65214536925229,9.557721089085858,2423.7905034076744,33112.30773484874,6.9795700655441655,9.42317822480527,1.8285815332478514,0.8582677165354331,Mid,1,1,-0.44024166784602103,-0.3134627584473353,-0.4447443361498129,0.20567765393688317,-0.5508149431466132,0.38243370057561604,0.32201189678612024,0.12378880488361321,0.3122382660840021,-0.544625769857051,-0.6235308993858222,0.479364912667751,1.0642129526815685,-0.345319592418945,0.7573674852694278,0.3581403891754813,0.6125530498969481
Sioux Falls College,Yes,437,400,211,13,35,614,271,8990,3064,500,1700,73.0,73,14.8,7,7881,48,4.90181513214622,4.8900167980360685,3.6254771330458224,3.4609232634102094,3.4410865560519417,7.200466043850783,63.277866243530774,9.442351022087843,9.889943873748738,2962.9344405957,33112.30773484874,6.680232225176779,3.5140781476818708,1.8290623620888005,4.90181513214622,4.8900167980360685,3.6254771330458224,3.4609232634102094,3.4410865560519417,7.200466043850783,63.277866243530774,9.442351022087843,9.889943873748738,2962.9344405957,33112.30773484874,6.680232225176779,3.5140781476818708,1.8290623620888005,0.9153318077803204,Mid,1,1,-1.2846495513957181,-1.1447308656282869,-0.8584467192035049,-0.8748385657786061,-1.2836085681017193,-0.1324617164711459,-0.24654641866676708,-0.22914901677242944,0.7203603688354095,-0.09292516745590934,-0.6235308993858222,0.2348219920998793,-1.4463049754933548,-0.1754547273199305,1.145534215031597,0.3581403891754813,0.6125530498969481
Skidmore College,Yes,4293,2728,591,25,62,2322,263,18710,5970,500,700,87.0,92,12.7,29,14837,81,6.243870006116107,6.066438872777756,4.035401280000443,4.568038251472815,3.7221857706499573,7.152215174856935,82.19481287711528,9.442351022087843,8.409880082919223,4205.420538622495,60591.59251052614,6.023602095364745,8.344048523822103,1.8331807099840365,6.243870006116107,6.066438872777756,4.035401280000443,4.568038251472815,3.7221857706499573,7.152215174856935,82.19481287711528,9.442351022087843,8.409880082919223,4205.420538622495,60591.59251052614,6.023602095364745,8.344048523822103,1.8331807099840365,0.6354530631260191,High,2,1,0.8874939399290419,0.8250459484855236,0.29212877741523,0.08298682799864276,0.22641884806527945,-0.15109302934869595,1.785960887885206,-0.22914901677242944,-1.0978374622751548,0.9480430791331619,0.8745903245365926,-0.3016095177954872,0.605737985971725,1.2794551076939926,-0.7582833114086404,1.8150779933081982,0.6125530498969481
Smith College,Yes,2925,1598,632,51,88,2479,95,18820,6390,500,1050,85.0,97,10.3,44,21199,90,6.03384101214051,5.754317641481256,4.059910852701782,5.978908263498306,3.734011817263014,5.588195222866951,82.36609560782951,9.442351022087843,9.07415018729466,4014.4961141771587,69589.80855298844,5.2171744721156745,10.530382002328931,1.834950865036127,6.03384101214051,5.754317641481256,4.059910852701782,5.978908263498306,3.734011817263014,5.588195222866951,82.36609560782951,9.442351022087843,9.07415018729466,4014.4961141771587,69589.80855298844,5.2171744721156745,10.530382002328931,1.834950865036127,0.5463247863247863,High,2,1,0.5475576816566269,0.30243660801093636,0.36092227004614563,1.3036072146864357,0.2899467900985635,-0.7550146929351397,1.8043641433579878,-0.22914901677242944,-0.2818088082871408,0.7880845382194887,1.3651568927969056,-0.9604175254095518,1.5346153654579844,1.904806841034755,-1.364560060595839,1.8150779933081982,0.6125530498969481
South Dakota State University,No,2807,2589,1701,13,37,7000,1103,3811,2190,500,1970,62.0,65,15.0,29,5084,67,6.01094714208291,6.036430259849988,4.393525462412794,3.4609232634102094,3.9006132989637026,9.609622756662302,46.401885394415665,9.442351022087843,10.145369194952067,2140.223695713882,24468.81775259251,6.74074047959393,8.344048523822103,1.8252569807518988,6.01094714208291,6.036430259849988,4.393525462412794,3.4609232634102094,3.9006132989637026,9.609622756662302,46.401885394415665,9.442351022087843,10.145369194952067,2140.223695713882,24468.81775259251,6.74074047959393,8.344048523822103,1.8252569807518988,0.9223370146063413,Low,0,0,0.5105034808177673,0.7748001470525542,1.2973120828912168,-0.8748385657786061,1.1849076860293641,0.7977961923172828,-2.059764748529874,-0.22914901677242944,1.0341399288112185,-0.7822010981159766,-1.0947584403093151,0.28425398250735084,0.605737985971725,-1.5198012647848962,1.1931856919173836,-1.0987972149572356,-1.6325116659989423
Southeast Missouri State University,No,2281,1870,1408,18,43,6553,1246,4680,3540,200,2150,75.0,76,17.1,8,5916,45,5.894524647691081,5.847264989297652,4.333730719497722,3.9902206092359616,3.891114741873969,9.83310613604373,50.00077438750194,7.5513713682819406,10.298193025279089,3127.017536070735,36780.940288277394,7.357428527211942,3.8339176338051995,1.8266761452903377,5.894524647691081,5.847264989297652,4.333730719497722,3.9902206092359616,3.891114741873969,9.83310613604373,50.00077438750194,7.5513713682819406,10.298193025279089,3127.017536070735,36780.940288277394,7.357428527211942,3.8339176338051995,1.8266761452903377,0.8198158702323542,Low,0,0,0.32207127261084806,0.4580657266691436,1.1294801399919991,-0.41691464264756517,1.13388270668164,0.8840907783219097,-1.6730866912512783,-3.410351221839536,1.22187775373758,0.044545418704219096,-0.42352364534226566,0.7880549588848036,-1.310419180097965,-1.0184457462610126,0.49580671899470047,-1.0987972149572356,-1.6325116659989423
Southeastern Oklahoma State Univ.,No,818,700,447,20,50,2962,651,3738,2619,450,1022,55.0,59,19.6,9,4444,53,5.292506418688947,5.249194329609367,3.9305815173450465,4.170730633321285,3.7653420510568334,8.669768068742858,46.075901924378215,9.213393432273651,9.029244340875435,1686.8014102927957,19018.1657525989,8.052536594781495,4.135322577728063,1.8238956450875095,5.292506418688947,5.249194329609367,3.9305815173450465,4.170730633321285,3.7653420510568334,8.669768068742858,46.075901924378215,9.213393432273651,9.029244340875435,1686.8014102927957,19018.1657525989,8.052536594781495,4.135322577728063,1.8238956450875095,0.8557457212713936,Low,0,0,-0.6523076467232548,-0.5433314282715347,-0.002079434930068756,-0.26074560260699386,0.4582486192276272,0.4348861118316448,-2.094789628469536,-0.6143252338289236,-0.33697380392415843,-1.162083176610684,-1.391918192175684,1.3559208750186327,-1.18236541463741,-2.0007272810562235,0.7402121318280355,-1.0987972149572356,-1.6325116659989423
Southern California College,Yes,385,340,193,18,38,784,127,9520,4124,630,1818,63.0,65,18.6,11,8219,43,4.820711930275535,4.783119698622095,3.5868663502369813,3.9902206092359616,3.499044376240431,6.0192383297886245,64.59106702291916,9.955518251301774,10.00588627176054,2209.4456195013977,24468.81775259251,7.779125994302875,4.693250809609002,1.8293816462520143,4.820711930275535,4.783119698622095,3.5868663502369813,3.9902206092359616,3.499044376240431,6.0192383297886245,64.59106702291916,9.955518251301774,10.00588627176054,2209.4456195013977,24468.81775259251,7.779125994302875,4.693250809609002,1.8293816462520143,0.8831168831168831,Mid,1,1,-1.4159167562514263,-1.3237171601245863,-0.9668195021565384,-0.41691464264756517,-0.9722669032342087,-0.5885741882098692,-0.10545122868837843,0.6341541487893395,0.8627908626458604,-0.7242062241732836,-1.0947584403093151,1.1325591153654024,-0.9453261344609437,-0.06265957716728995,0.9263988238715478,0.3581403891754813,0.6125530498969481
Southern Illinois University at Edwardsville,No,2540,2195,994,13,40,6063,2550,5472,3598,221,2216,76.0,81,16.5,8,7498,43,5.955088310618679,5.940976416816931,4.218884233767726,3.4609232634102094,3.879749642674239,11.194671570196798,52.9152282633752,7.746709200564641,10.351271044986499,3210.7343245943,43437.61538665517,7.184542364269632,3.8339176338051995,1.8286740335591543,5.955088310618679,5.940976416816931,4.218884233767726,3.4609232634102094,3.879749642674239,11.194671570196798,52.9152282633752,7.746709200564641,10.351271044986499,3210.7343245943,43437.61538665517,7.184542364269632,3.8339176338051995,1.8286740335591543,0.8641732283464567,Low,0,0,0.4200948100909713,0.6149742045940542,0.8071289115137837,-0.8748385657786061,1.0728309125541053,1.40983781948292,-1.3599468959100753,-3.0817336497043364,1.2870819300099885,0.11468424657347391,-0.06061368145330422,0.646816259628484,-1.310419180097965,-0.31264153411017787,0.7975385132705489,-1.0987972149572356,-1.6325116659989423
Southern Methodist University,Yes,4301,3455,1166,41,69,4892,387,12772,5078,576,1802,74.0,88,13.5,17,12726,72,6.2448747641742015,6.200642644635413,4.272298920233444,5.523485196294676,3.8473413406484855,7.784169024219231,71.74900788966134,9.754739736973393,9.990581023483267,3044.4176772221554,53942.39364317825,6.278554485115751,6.118308313178587,1.8323074413479377,6.2448747641742015,6.200642644635413,4.272298920233444,5.523485196294676,3.8473413406484855,7.784169024219231,71.74900788966134,9.754739736973393,9.990581023483267,3044.4176772221554,53942.39364317825,6.278554485115751,6.118308313178587,1.8323074413479377,0.8033015577772611,Mid,1,1,0.8891201615676477,1.049753971097117,0.9570533057306269,0.9095959481215096,0.898737844950587,0.09292599325465443,0.663624637164698,0.2963836967244428,0.8439889911354787,-0.024657633443134833,0.5120879513281108,-0.09332712383236806,-0.3398815888114029,0.9709510280024543,0.38347150923109086,0.3581403891754813,0.6125530498969481
Southwest Baptist University,Yes,1093,1093,642,12,32,1770,967,7070,2500,400,1000,52.0,54,15.9,13,4718,71,5.4672254252190955,5.525471275554533,4.065610807286729,3.3372059894156245,3.6712681542905345,9.371019243418122,58.042683305322456,8.96107520321098,8.993154813797165,1509.1334387814354,15109.610865197004,7.0090747632262,5.2034945525684675,1.8245132939089395,5.4672254252190955,5.525471275554533,4.065610807286729,3.3372059894156245,3.6712681542905345,9.371019243418122,58.042683305322456,8.96107520321098,8.993154813797165,1509.1334387814354,15109.610865197004,7.0090747632262,5.2034945525684675,1.8245132939089395,1.0,Low,0,1,-0.3695213313451357,-0.08073901855629047,0.3769209081502962,-0.9818731086748947,-0.04710378264912302,0.7056632048367507,-0.8090340007881737,-1.0388011424180428,-0.3813083118461038,-1.3109353183553147,-1.6050055807115493,0.5034686642441683,-0.7285459060471434,-1.782527321328981,1.7214721572963374,-1.0987972149572356,0.6125530498969481
Southwest Missouri State University,No,6118,5254,3204,15,37,13131,3374,4740,2590,500,1360,70.0,75,19.9,11,4632,56,6.432597824897913,6.433348626786532,4.581425548273661,3.6884527234691826,3.984577515823341,11.750329674462353,50.23243651573507,9.442351022087843,9.508527712617221,2725.181328249345,35531.398971011564,8.13343456690402,4.693250809609002,1.8243255112584975,6.432597824897913,6.433348626786532,4.581425548273661,3.6884527234691826,3.984577515823341,11.750329674462353,50.23243651573507,9.442351022087843,9.508527712617221,2725.181328249345,35531.398971011564,8.13343456690402,4.693250809609002,1.8243255112584975,0.8587773782281791,Low,0,0,1.1929538068465382,1.4393920593211116,1.8247102276704363,-0.6779904542213022,1.6359522384531715,1.6243964421439516,-1.6481960480938216,-0.22914901677242944,0.2518062151450685,-0.2921172878935758,-0.4916463924532397,1.422010168462389,-0.9453261344609437,-1.8488662591562124,0.7608343539821754,-1.0987972149572356,-1.6325116659989423
Southwest State University,No,1047,938,511,13,33,2091,546,4285,2750,600,1800,58.0,75,16.5,31,6591,51,5.441535954679391,5.431610769866076,3.981371729246918,3.4609232634102094,3.7028883388808387,8.36573299238016,48.42471012914823,9.845917647123215,9.988659024785472,1874.458100634458,35531.398971011564,7.184542364269632,8.66494745865426,1.8276189373564637,5.441535954679391,5.431610769866076,3.981371729246918,3.4609232634102094,3.7028883388808387,8.36573299238016,48.42471012914823,9.845917647123215,9.988659024785472,1874.458100634458,35531.398971011564,7.184542364269632,8.66494745865426,1.8276189373564637,0.8958930276981852,Low,0,0,-0.41110026921921483,-0.23789710988734372,0.14047858151397372,-0.8748385657786061,0.12275562341112278,0.31748775711630284,-1.8424249138908768,0.4497726389260374,0.8416278943466902,-1.0048623785543536,-0.4916463924532397,0.646816259628484,0.7420738947418721,-0.6853807686843107,1.01330591645645,-1.0987972149572356,-1.6325116659989423
Southwestern Adventist College,Yes,321,318,172,11,27,620,280,7536,3736,430,1651,44.0,77,13.0,12,5309,36,4.703047955286374,4.738778863369489,3.536211389562006,3.2055940737410316,3.443451979156724,7.253221475371824,59.39176826313399,9.11555052083504,9.83959363321175,1084.0968907915749,38057.447169980325,6.119944455137463,4.953607358725779,1.8256744417323392,4.703047955286374,4.738778863369489,3.536211389562006,3.2055940737410316,3.443451979156724,7.253221475371824,59.39176826313399,9.11555052083504,9.83959363321175,1084.0968907915749,38057.447169980325,6.119944455137463,4.953607358725779,1.8256744417323392,0.9906542056074766,Low,0,1,-1.606358326408743,-1.3979605384785694,-1.108997895324639,-1.095737735489672,-1.2709018312858078,-0.11209103774235463,-0.6640832808319623,-0.7789267328414803,0.6585071577052745,-1.6670355200396116,-0.3539307841170397,-0.2229029900664657,-0.8347120348951067,-1.3723226880284634,1.6578993154752482,-1.0987972149572356,0.6125530498969481
Southwestern College,Yes,213,155,75,28,66,504,147,7200,3532,550,1500,56.0,56,11.8,12,7818,52,4.432025759127709,4.249853212089516,3.1445610288967463,4.777728697775314,3.391967586597523,6.2408458726873715,58.4247707949809,9.65214536925229,9.675230393594894,1748.2432357532678,16606.132242389616,5.728958206066383,4.953607358725779,1.8290005070353479,4.432025759127709,4.249853212089516,3.1445610288967463,4.777728697775314,3.391967586597523,6.2408458726873715,58.4247707949809,9.65214536925229,9.675230393594894,1748.2432357532678,16606.132242389616,5.728958206066383,4.953607358725779,1.8290005070353479,0.7276995305164319,Low,0,1,-2.045013340304842,-2.2166075465502706,-2.20828251071282,0.26440143846515807,-1.5474691080043623,-0.5030039269095373,-0.767981095712354,0.12378880488361321,0.4565936404384389,-1.1106065529137321,-1.5234179245724684,-0.5423177327277025,-0.8347120348951067,-0.19730657857260525,-0.13079571285238953,-1.0987972149572356,0.6125530498969481
Southwestern University,Yes,1244,912,352,44,77,1177,43,11850,4675,600,1050,83.0,89,11.3,35,12995,67,5.544058116136299,5.414250025240752,3.837249346644259,5.668515457022506,3.5888082054224557,4.471466100405743,69.85481504349505,9.845917647123215,9.07415018729466,3828.050899130615,55559.757364651494,5.561395109609361,9.276119865145814,1.832430781698902,5.544058116136299,5.414250025240752,3.837249346644259,5.668515457022506,3.5888082054224557,4.471466100405743,69.85481504349505,9.845917647123215,9.07415018729466,3828.050899130615,55559.757364651494,5.561395109609361,9.276119865145814,1.832430781698902,0.7331189710610932,Mid,1,1,-0.24516603654031524,-0.26696558197141534,-0.2640442629411666,1.0350695150852658,-0.49006760844491004,-1.1862220496917506,0.4601054924304006,0.4497726389260374,-0.2818088082871408,0.6318787272247831,0.6002637149158834,-0.6792077728800088,1.0017342937327451,1.0145241049345295,-0.09393108454640224,0.3581403891754813,0.6125530498969481
Spalding University,Yes,283,201,97,10,45,589,263,8400,2800,600,900,50.0,56,10.6,40,6860,89,4.62061517564447,4.429322368728344,3.27104159672121,3.0648578681207974,3.430918622909066,7.152215174856935,61.75472188110785,9.845917647123215,8.819245343756174,1396.2317942061482,16606.132242389616,5.321775689285814,9.991196421752138,1.8279542205523973,4.62061517564447,4.429322368728344,3.27104159672121,3.0648578681207974,3.430918622909066,7.152215174856935,61.75472188110785,9.845917647123215,8.819245343756174,1396.2317942061482,16606.132242389616,5.321775689285814,9.991196421752138,1.8279542205523973,0.7102473498233216,Low,0,1,-1.7397774803076522,-1.9161080989575805,-1.8532767292325645,-1.2174962818199055,-1.33822934615495,-0.15109302934869595,-0.41019873029626974,0.4497726389260374,-0.5949489827396871,-1.4055255332295136,-1.5234179245724684,-0.8749639552550215,1.3055390172857926,-0.5669335583738543,-0.24951057817445907,-1.0987972149572356,0.6125530498969481
Spelman College,Yes,3713,1237,443,47,83,1971,107,7000,5565,660,2400,73.0,80,12.5,18,9988,65,6.165113413209037,5.600703797247835,3.9271319590445035,5.805977812818098,3.6918071916194535,5.763386780605784,57.83502955243905,10.060656850163479,10.4918640185218,2962.9344405957,42051.00625139571,5.958866657838342,6.329553707860191,1.8307721571060678,6.165113413209037,5.600703797247835,3.9271319590445035,5.805977812818098,3.6918071916194535,5.763386780605784,57.83502955243905,10.060656850163479,10.4918640185218,2962.9344405957,42051.00625139571,5.958866657838342,6.329553707860191,1.8307721571060678,0.3331537840021546,Low,0,1,0.7600247700761219,0.045228761274191655,-0.011761658542043129,1.1539956758627181,0.06322918115049883,-0.6873672330281743,-0.8313450945467799,0.8110292102757778,1.4597946476206283,-0.09292516745590934,-0.13620911968157937,-0.3544948895129964,-0.2501326687269887,0.42857330764952706,-2.8146119066263044,-1.0987972149572356,0.6125530498969481
Spring Arbor College,Yes,372,362,181,15,32,1501,353,8600,3550,385,665,48.0,48,15.4,9,10938,49,4.798596382314083,4.824498751510145,3.558746948347537,3.6884527234691826,3.638835948655937,7.631755980269378,62.27869683944758,8.880013134565676,8.327266116050648,1287.7609688263303,11132.909264168271,6.86078471362386,4.135322577728063,1.8313717157312712,4.798596382314083,4.824498751510145,3.558746948347537,3.6884527234691826,3.638835948655937,7.631755980269378,62.27869683944758,8.880013134565676,8.327266116050648,1287.7609688263303,11132.909264168271,6.86078471362386,4.135322577728063,1.8313717157312712,0.9731182795698925,Low,0,1,-1.4517112267259815,-1.254432928963958,-1.0457450668833967,-0.6779904542213022,-0.22132525724499535,0.034074097575603104,-0.3539009063448587,-1.1751721662959185,-1.1993253415885843,-1.4964035600187222,-1.8218082056103093,0.3823236670850935,-1.18236541463741,0.64038245118618,1.5386147896926674,-1.0987972149572356,0.6125530498969481
St. Bonaventure University,Yes,1489,1313,375,13,45,1688,131,10456,4927,500,1050,91.0,91,17.7,32,9828,78,5.649600512225836,5.636718368519904,3.862308792634355,3.4609232634102094,3.6620554279339443,6.065978084287668,66.797512607741,9.442351022087843,9.07415018729466,4600.715532505121,58884.14428434742,7.527854978439318,8.821390068071972,1.8306624665349764,5.649600512225836,5.636718368519904,3.862308792634355,3.4609232634102094,3.6620554279339443,6.065978084287668,66.797512607741,9.442351022087843,9.07415018729466,4600.715532505121,58884.14428434742,7.527854978439318,8.821390068071972,1.8306624665349764,0.8817998656816656,Mid,1,1,-0.07434349182084235,0.10553081526068006,-0.1937073854255391,-0.8748385657786061,-0.09659331749534997,-0.5705263683871301,0.13161751499025973,-0.22914901677242944,-0.2818088082871408,1.279225486180553,0.781503315639944,0.9272842059255697,0.808539510579746,0.3898223583007146,0.917440083975485,0.3581403891754813,0.6125530498969481
St. John's College,Yes,323,278,122,31,51,393,4,16150,5450,275,800,63.0,72,7.2,26,15622,64,4.7070928513330905,4.649068932631948,3.379896939724738,4.970662962552278,3.326996141581338,1.7259678206926459,78.00646220849632,8.183355647664726,8.626435575433408,2209.4456195013977,31942.302495605825,4.0555152379089465,7.840523349237043,1.8334581212675354,4.7070928513330905,4.649068932631948,3.379896939724738,4.970662962552278,3.326996141581338,1.7259678206926459,78.00646220849632,8.183355647664726,8.626435575433408,2209.4456195013977,31942.302495605825,4.0555152379089465,7.840523349237043,1.8334581212675354,0.8606811145510835,High,2,1,-1.5998115787374125,-1.5481689928731062,-1.5477414460189312,0.4313193649006998,-1.8964870281814998,-2.2463529555337187,1.3359488694944337,-2.3471616845571717,-0.8318078970334455,-0.7242062241732836,-0.6873174824544503,-1.9094306588272838,0.3918121831278882,1.3774576113613641,0.7737841282915572,1.8150779933081982,0.6125530498969481
St. John Fisher College,Yes,1368,1064,354,19,51,1687,677,10570,5600,400,800,86.0,81,14.5,29,7908,66,5.600014258133635,5.5090393016053705,3.8395024329951295,4.08228841706668,3.6619397298099794,8.738098866925009,67.05725057100857,8.96107520321098,8.626435575433408,4109.398290283845,43437.61538665517,6.588845563563279,8.344048523822103,1.8290886384742733,5.600014258133635,5.5090393016053705,3.8395024329951295,4.08228841706668,3.6619397298099794,8.738098866925009,67.05725057100857,8.96107520321098,8.626435575433408,4109.398290283845,43437.61538665517,6.588845563563279,8.344048523822103,1.8290886384742733,0.7777777777777778,Mid,1,1,-0.15459986670880937,-0.1082523762109319,-0.25772029796780116,-0.337261774390416,-0.09721483235598732,0.4612709730093099,0.15952473058672445,-1.0388011424180428,-0.8318078970334455,0.8675946043813189,-0.06061368145330422,0.16016400330539635,0.605737985971725,-0.16617193416463774,0.20985125177266403,0.3581403891754813,0.6125530498969481
St. Lawrence University,Yes,2753,1820,505,31,56,1801,45,18720,5730,650,825,90.0,94,11.5,38,14980,85,6.00012335173878,5.831311664620441,3.9769306698695135,4.970662962552278,3.6746163977010617,4.533104806453966,82.21041132878898,10.026082431745259,8.676645679461924,4500.210363367248,64098.054902977776,5.628767251036452,9.71106985349749,1.8332329109392556,6.00012335173878,5.831311664620441,3.9769306698695135,4.970662962552278,3.6746163977010617,4.533104806453966,82.21041132878898,10.026082431745259,8.676645679461924,4500.210363367248,64098.054902977776,5.628767251036452,9.71106985349749,1.8332329109392556,0.6610969851071559,High,2,1,0.4929849529218705,0.43135380946536284,0.12801341170967734,0.4313193649006998,-0.029117466489802613,-1.1624212344588023,1.7876368437152763,0.7528645357434074,-0.7701268378722608,1.1950211720584536,1.0657563528339236,-0.6241683558478293,1.186525502100285,1.2978964062625775,-0.5838458128602707,1.8150779933081982,0.6125530498969481
St. Martin's College,Yes,191,165,63,5,25,494,574,11550,4270,300,500,43.0,77,14.5,8,9209,40,4.3586852277826065,4.29330283877784,3.0561683234975394,2.1486200566855134,3.386862418136884,8.451703136193753,69.21766646438154,8.360621760581918,7.873683591318896,1035.9441923891093,38057.447169980325,6.588845563563279,3.8339176338051995,1.8302107294031862,4.3586852277826065,4.29330283877784,3.0561683234975394,2.1486200566855134,3.386862418136884,8.451703136193753,69.21766646438154,8.360621760581918,7.873683591318896,1035.9441923891093,38057.447169980325,6.588845563563279,3.8339176338051995,1.8302107294031862,0.8638743455497382,Mid,1,1,-2.16371650282183,-2.1438563894017157,-2.456383242684154,-2.0101834480079033,-1.574893390746455,0.3506837737045898,0.39164787252527755,-2.0489462340837274,-1.756532921293452,-1.7073783698341902,-0.3539307841170397,0.16016400330539635,-1.310419180097965,0.2302348701618685,0.7955054245933539,0.3581403891754813,0.6125530498969481
St. Mary's College of California,Yes,2643,1611,465,36,80,2615,248,13332,6354,630,1584,88.0,89,16.1,17,9619,78,5.977352143668985,5.759133640669506,3.9456754953654447,5.262121851799814,3.7435406877313886,7.05802660583034,72.85596497384392,9.955518251301774,9.768459363528828,4302.5631252927,55559.757364651494,7.067858726213781,6.118308313178587,1.8305149635528848,5.977352143668985,5.759133640669506,3.9456754953654447,5.262121851799814,3.7435406877313886,7.05802660583034,72.85596497384392,9.955518251301774,9.768459363528828,4302.5631252927,55559.757364651494,7.067858726213781,6.118308313178587,1.8305149635528848,0.6095346197502838,Mid,1,1,0.4561292830399872,0.3105004175411078,0.04028635734099385,0.683476302864234,0.3411346088654233,-0.18746246135305983,0.7825602352408786,0.6341541487893395,0.5711216168546095,1.029430185416124,0.6002637149158834,0.5514920012666231,-0.3398815888114029,0.33771322502732753,-0.9345881852129093,0.3581403891754813,0.6125530498969481
St. Mary's College of Maryland,No,1340,695,285,42,73,1315,209,6800,4730,675,1250,84.0,89,11.6,23,10357,63,5.587868623317578,5.24467993898887,3.7518757621191576,5.572727488079942,3.6119482753916947,6.78642221273591,57.234112741345434,10.111671110903158,9.365994585919545,3920.713741190657,55559.757364651494,5.662278553171516,7.306201546172464,1.8310150994538743,5.587868623317578,5.24467993898887,3.7518757621191576,5.572727488079942,3.6119482753916947,6.78642221273591,57.234112741345434,10.111671110903158,9.365994585919545,3920.713741190657,55559.757364651494,5.662278553171516,7.306201546172464,1.8310150994538743,0.5186567164179104,Low,0,0,-0.17425782714351612,-0.5508902306478494,-0.5036709234900614,0.9521981331052524,-0.36576224489011544,-0.2923382186643866,-0.8959098381512957,0.8968506935626589,0.07671009872843897,0.7095126551829224,0.6002637149158834,-0.5967914238632761,0.16480224108923644,0.514398794023314,-1.552766408586097,-1.0987972149572356,-1.6325116659989423
St. Mary's University of San Antonio,Yes,1243,1020,414,33,60,2149,418,8678,3858,700,1736,82.0,83,16.2,7,7651,72,5.543582877098518,5.483170474846318,3.900995921638258,5.091356782638988,3.707969810993261,7.91284220696353,62.48087674460456,10.194537490294326,9.92608640750622,3736.5073126492257,46295.29542396985,7.097139250590258,3.5140781476818708,1.8288327558735462,5.543582877098518,5.483170474846318,3.900995921638258,5.091356782638988,3.707969810993261,7.91284220696353,62.48087674460456,10.194537490294326,9.92608640750622,3736.5073126492257,46295.29542396985,7.097139250590258,3.5140781476818708,1.8288327558735462,0.8205953338696702,Low,0,1,-0.24593522072403393,-0.1515666052213802,-0.08512031389753162,0.5357381533712033,0.150052612537252,0.1426111155467498,-0.3321779432034403,1.0362571162148249,0.7647599932947479,0.5551825236557095,0.09518189874570733,0.5754126153059119,-1.4463049754933548,-0.2565688899044372,0.501108859876381,-1.0987972149572356,0.6125530498969481
St. Norbert College,Yes,1334,1243,568,30,56,1946,95,12140,4450,425,1100,74.0,78,15.1,36,8595,88,5.585230565430776,5.603632017064926,4.020776067407438,4.908029058750458,3.6893949215204733,5.588195222866951,70.46072959364247,9.090470749740545,9.15165023999676,3044.4176772221554,39361.14463169006,6.770871990413645,9.42317822480527,1.8297138463793423,5.585230565430776,5.603632017064926,4.020776067407438,4.908029058750458,3.6893949215204733,5.588195222866951,70.46072959364247,9.090470749740545,9.15165023999676,3044.4176772221554,39361.14463169006,6.770871990413645,9.42317822480527,1.8297138463793423,0.931784107946027,Mid,1,1,-0.17852757823916607,0.0501317120315549,0.25107871640427615,0.3771313679720627,0.05027078854214886,-0.7550146929351397,0.5252072117604308,-0.8211185263638522,-0.18660316336359328,-0.024657633443134833,-0.2828555413330692,0.3088698067143141,1.0642129526815685,0.05469846172047301,1.2574475989665437,0.3581403891754813,0.6125530498969481
St. Paul's College,Yes,651,581,243,8,17,617,34,5000,3650,600,600,45.0,45,14.0,8,8426,45,5.152236935005401,5.131126553485071,3.6855644692611054,2.7493332105333432,3.4422727690397843,4.157841735730244,51.21463675096332,9.845917647123215,8.162552350641706,1133.3544180454874,9420.178727194447,6.434817764376509,3.8339176338051995,1.8295673629053528,5.152236935005401,5.131126553485071,3.6855644692611054,2.7493332105333432,3.4422727690397843,4.157841735730244,51.21463675096332,9.845917647123215,8.162552350641706,1133.3544180454874,9420.178727194447,6.434817764376509,3.8339176338051995,1.8295673629053528,0.8924731182795699,Low,0,1,-0.8793366989060606,-0.7410216730373711,-0.6897935251430694,-1.490473824946659,-1.2772363904504327,-1.3073231570114363,-1.5426647912125298,0.4497726389260374,-1.4016694654541817,-1.6257670327235363,-1.9151831965988537,0.03433157324728856,-1.310419180097965,0.002949495291278098,0.9900426868816565,-1.0987972149572356,0.6125530498969481
St. Thomas Aquinas College,Yes,861,609,215,10,27,1117,815,8650,5700,500,1750,69.0,73,16.1,13,6534,67,5.323659818782323,5.161093687864987,3.6335429677730935,3.0648578681207974,3.5776911938864617,9.064984712138143,62.408437222659295,9.442351022087843,9.939954628262615,2648.1614235052466,33112.30773484874,7.067858726213781,5.2034945525684675,1.8275451707663999,5.323659818782323,5.161093687864987,3.6335429677730935,3.0648578681207974,3.5776911938864617,9.064984712138143,62.408437222659295,9.442351022087843,9.939954628262615,2648.1614235052466,33112.30773484874,7.067858726213781,5.2034945525684675,1.8275451707663999,0.7073170731707317,Low,0,1,-0.6018852261814692,-0.6908453224278733,-0.8358075264018134,-1.2174962818199055,-0.5497867087960151,0.587492792106181,-0.33996111564076614,-0.22914901677242944,0.7817965352714337,-0.3566453943418077,-0.6235308993858222,0.5514920012666231,-0.7285459060471434,-0.7114406694283693,-0.269443181686062,-1.0987972149572356,0.6125530498969481
Stephens College,Yes,450,405,194,17,34,614,388,13900,5200,450,2150,46.0,63,10.9,17,9995,59,4.920477418081641,4.89813953011878,3.5891183490041336,3.894175451333956,3.4410865560519417,7.788464182484147,73.94795576591089,9.213393432273651,10.298193025279089,1183.7172790157958,22556.828963349828,5.425214130072482,6.118308313178587,1.8307768941501272,4.920477418081641,4.89813953011878,3.5891183490041336,3.894175451333956,3.4410865560519417,7.788464182484147,73.94795576591089,9.213393432273651,10.298193025279089,1183.7172790157958,22556.828963349828,5.425214130072482,6.118308313178587,1.8307768941501272,0.9,Mid,1,1,-1.2544442567284777,-1.1311303308650338,-0.960498589814217,-0.5000085327852752,-1.2836085681017193,0.09458450094914682,0.8998877990678651,-0.6143252338289236,1.22187775373758,-1.5835724849046677,-1.1989966331316235,-0.7904603108847902,-0.3398815888114029,0.43024678744441475,1.0412427498106844,0.3581403891754813,0.6125530498969481
Stetson University,Yes,1557,1227,489,37,69,1964,81,12315,4565,600,1365,85.0,90,12.5,24,10307,73,5.675603695823896,5.595789509970499,3.9647836357214574,5.316571396825102,3.6911355321130057,5.35649205443559,70.82177895032844,9.845917647123215,9.514749609632632,4014.4961141771587,57206.93660181433,5.958866657838342,7.488071014907595,1.830982967747047,5.675603695823896,5.595789509970499,3.9647836357214574,5.316571396825102,3.6911355321130057,5.35649205443559,70.82177895032844,9.845917647123215,9.514749609632632,4014.4961141771587,57206.93660181433,5.958866657838342,7.488071014907595,1.830982967747047,0.7880539499036608,Mid,1,1,-0.03225680289196971,0.03700038019853281,0.09391910438190838,0.7305835658560428,0.05962111603898401,-0.8444832209799878,0.5639997013574195,0.4497726389260374,0.2594495611473877,0.7880845382194887,0.6900649668386472,-0.3544948895129964,0.24207061628816592,0.503047461530779,0.27975279653676416,0.3581403891754813,0.6125530498969481
Stevens Institute of Technology,Yes,1768,1249,380,51,93,1263,11,16900,5680,450,750,89.0,89,19.0,33,12837,79,5.749144449052813,5.606545158338421,3.867522054996467,5.978908263498306,3.603592065688748,2.7699530690981207,79.27613563643655,9.213393432273651,8.52150081906591,4400.82631344925,55559.757364651494,7.889197441801203,8.975326246182142,1.8323588194076925,5.749144449052813,5.606545158338421,3.867522054996467,5.978908263498306,3.603592065688748,2.7699530690981207,79.27613563643655,9.213393432273651,8.52150081906591,4400.82631344925,55559.757364651494,7.889197441801203,8.975326246182142,1.8323588194076925,0.706447963800905,High,2,1,0.0867704228732389,0.05500941558708314,-0.17907479552847522,1.3036072146864357,-0.41065068673345007,-1.8432344996760794,1.4723673184761457,-0.6143252338289236,-0.960715953306189,1.1117561437041261,0.6002637149158834,1.2224815695707842,0.8739402534841448,0.9891016180795446,-0.2753551192028361,1.8150779933081982,0.6125530498969481
Stockton College of New Jersey,No,4019,1579,710,23,65,4365,765,3040,4351,711,1125,78.0,92,19.5,7,5599,64,6.208187852794271,5.747202955743985,4.101836866654089,4.417175042264962,3.8294973681898514,8.952832526344949,42.72399975028591,10.230183099646418,9.18918471405435,3381.5199008967597,60591.59251052614,8.025457623415027,3.5140781476818708,1.8261739073494605,6.208187852794271,5.747202955743985,4.101836866654089,4.417175042264962,3.8294973681898514,8.952832526344949,42.72399975028591,10.230183099646418,9.18918471405435,3381.5199008967597,60591.59251052614,8.025457623415027,3.5140781476818708,1.8261739073494605,0.39288380194078126,Low,0,0,0.8297416388884687,0.2905239252197197,0.47860024701528436,-0.04753313995778422,0.8028824094795247,0.5441869925011926,-2.4549305006542093,1.096223859296172,-0.14049359717716683,0.2577702434217395,0.8745903245365926,1.3337988114138362,-1.4463049754933548,-1.1958739136445118,-2.40831075951131,-1.0987972149572356,-1.6325116659989423
Stonehill College,Yes,3646,2300,585,25,69,2022,926,12170,6172,480,800,79.0,79,13.0,30,7495,97,6.155173482875365,5.968105648271542,4.03165018962399,4.568038251472815,3.6966145409262308,9.293056949539084,70.52286549633784,9.35327442003725,8.626435575433408,3468.58928429813,40692.25666426344,6.119944455137463,8.50587730878895,1.828670871483549,6.155173482875365,5.968105648271542,4.03165018962399,4.568038251472815,3.6966145409262308,9.293056949539084,70.52286549633784,9.35327442003725,8.626435575433408,3468.58928429813,40692.25666426344,6.119944455137463,8.50587730878895,1.828670871483549,0.6308283049917718,Mid,1,1,0.7439367878353967,0.6603988291836197,0.28160021327766477,0.08298682799864276,0.08905361919706592,0.6755592933383472,0.5318833249130331,-0.37900292043178496,-0.8318078970334455,0.3307179114196808,-0.21028570541136532,-0.2229029900664657,0.6744919519989533,-0.3137586167399897,-0.7897422762628755,0.3581403891754813,0.6125530498969481
SUNY at Albany,No,13528,9198,1843,16,61,10168,1231,6550,4355,700,1560,93.0,96,17.4,16,9075,74,6.83792739674161,6.733743843392017,4.418358174807234,3.793745093657405,3.9518367092626696,9.810796673155012,56.466408968895834,10.194537490294326,9.742298966274333,4805.090244554321,67728.00439442915,7.4429419900118345,5.900711370401069,1.8301067258136259,6.83792739674161,6.733743843392017,4.418358174807234,3.793745093657405,3.9518367092626696,9.810796673155012,56.466408968895834,10.194537490294326,9.742298966274333,4805.090244554321,67728.00439442915,7.4429419900118345,5.900711370401069,1.8301067258136259,0.6799231224127735,Low,0,0,1.848988078170598,1.9423676030859685,1.3670125643287896,-0.5868962977653778,1.4600730009222693,0.8754763307093126,-0.9783947949995171,1.0362571162148249,0.5389846388109432,1.4504528230391855,1.263654675854437,0.8579148600429469,-0.4323290036172367,0.19349298987946642,-0.45578489061383226,-1.0987972149572356,-1.6325116659989423
SUNY at Binghamton,No,14463,6166,1757,60,94,8544,671,6550,4598,700,1000,83.0,100,18.0,15,8055,80,6.870996412984851,6.520418077959993,4.403595106471195,6.332033025583393,3.9284827762101346,8.722545549705135,56.466408968895834,10.194537490294326,8.993154813797165,3828.050899130615,75365.02473070551,7.612181242529127,5.67618042622164,1.8292293083547442,6.870996412984851,6.520418077959993,4.403595106471195,6.332033025583393,3.9284827762101346,8.722545549705135,56.466408968895834,10.194537490294326,8.993154813797165,3828.050899130615,75365.02473070551,7.612181242529127,5.67618042622164,1.8292293083547442,0.42632925395837656,Low,0,0,1.902510962957558,1.5851793492924922,1.3255755696834481,1.6091146533387966,1.3346187934635714,0.4552653046047842,-0.9783947949995171,1.0362571162148249,-0.3813083118461038,0.6318787272247831,1.6800113003699915,0.9961742295717294,-0.5277223720549751,-0.11647676566658707,-2.180804959421123,-1.0987972149572356,-1.6325116659989423
SUNY at Buffalo,No,15039,9649,3087,36,100,13963,3124,6550,4731,708,957,90.0,97,13.6,15,11177,56,6.890245034056456,6.758877411983333,4.570892457013472,5.262121851799814,3.992172798754093,11.596218091736366,56.466408968895834,10.220509555613507,8.92044187777239,4500.210363367248,69589.80855298844,6.309991187296932,5.67618042622164,1.8315100517711385,6.890245034056456,6.758877411983333,4.570892457013472,5.262121851799814,3.992172798754093,11.596218091736366,56.466408968895834,10.220509555613507,8.92044187777239,4500.210363367248,69589.80855298844,6.309991187296932,5.67618042622164,1.8315100517711385,0.6415985105392645,Low,0,0,1.9336652531349667,1.9844507310126382,1.795145936818928,0.683476302864234,1.6767530833626174,1.5648886824766928,-0.9783947949995171,1.0799500196774472,-0.47063317972888,1.1950211720584536,1.3651568927969056,-0.06764502846155519,-0.5277223720549751,0.6892531318716414,-0.7164801708821787,-1.0987972149572356,-1.6325116659989423
SUNY at Stony Brook,No,12512,6969,1724,27,66,9744,1351,6550,4712,600,1200,91.0,96,10.5,7,13705,57,6.7990894443839025,6.586355299706069,4.397706929154052,4.709852044651068,3.946202602411589,9.98273751011737,56.466408968895834,9.845917647123215,9.297325805521908,4600.715532505121,67728.00439442915,5.287039952492017,3.5140781476818708,1.832738219944914,6.7990894443839025,6.586355299706069,4.397706929154052,4.709852044651068,3.946202602411589,9.98273751011737,56.466408968895834,9.845917647123215,9.297325805521908,4600.715532505121,67728.00439442915,5.287039952492017,3.5140781476818708,1.832738219944914,0.5569852941176471,Low,0,0,1.7861280513069961,1.6955832709555734,1.3090486278304696,0.20567765393688317,1.4298073318313318,0.9418685760030082,-0.9783947949995171,0.4497726389260374,-0.007646689375954711,1.279225486180553,1.263654675854437,-0.9033411845194759,-1.4463049754933548,1.123134387300349,-1.2920441516015004,-1.0987972149572356,-1.6325116659989423
SUNY College  at Brockport,No,7294,3564,904,7,34,5758,1363,6550,4460,500,705,79.0,83,19.0,14,6632,49,6.524455784479992,6.2181222101628055,4.1864858286466005,2.569862268252232,3.8720939465977877,9.99915584131689,56.466408968895834,9.442351022087843,8.42136860623572,3468.58928429813,46295.29542396985,7.889197441801203,5.444039108195632,1.827671391938804,6.524455784479992,6.2181222101628055,4.1864858286466005,2.569862268252232,3.8720939465977877,9.99915584131689,56.466408968895834,9.442351022087843,8.42136860623572,3468.58928429813,46295.29542396985,7.889197441801203,5.444039108195632,1.827671391938804,0.48862078420619687,Low,0,0,1.3416278088583682,1.0790213944444742,0.7161930363309519,-1.6457438988012263,1.0317055362992646,0.9482082559276224,-0.9783947949995171,-0.22914901677242944,-1.083724281271644,0.3307179114196808,0.09518189874570733,1.2224815695707842,-0.6263490551654358,-0.6668498699648215,-1.7570796523026286,-1.0987972149572356,-1.6325116659989423
SUNY College  at Oswego,No,8000,4556,1464,17,70,6943,869,6550,4810,500,1500,69.0,85,22.0,21,5280,63,6.572251962501858,6.354979715113297,4.346211663081798,3.894175451333956,3.899443828658835,9.179261603965477,56.466408968895834,9.442351022087843,9.675230393594894,2648.1614235052466,49267.05353907696,8.686254510907828,6.929932557777247,1.8256221796405858,6.572251962501858,6.354979715113297,4.346211663081798,3.894175451333956,3.899443828658835,9.179261603965477,56.466408968895834,9.442351022087843,9.675230393594894,2648.1614235052466,49267.05353907696,8.686254510907828,6.929932557777247,1.8256221796405858,0.5695,Low,0,0,1.4189869087089504,1.3081727729139205,1.164511664651385,-0.5000085327852752,1.178625447833614,0.6316190134718619,-0.9783947949995171,-0.22914901677242944,0.4565936404384389,-0.3566453943418077,0.25719681074029643,1.8736343382931653,0.004942020606680277,-1.3907855846133559,-1.2069154419293988,-1.0987972149572356,-1.6325116659989423
SUNY College at Buffalo,No,5318,3515,1025,8,29,7626,2091,6550,4040,550,1230,71.0,78,18.7,12,7511,42,6.3585256095669065,6.210336226867943,4.22926590780386,2.7493332105333432,3.9127392329563415,10.80890006613692,56.466408968895834,9.65214536925229,9.338837729249391,2803.316583884286,39361.14463169006,7.8067341713197935,4.953607358725779,1.8286877133709245,6.3585256095669065,6.210336226867943,4.22926590780386,2.7493332105333432,3.9127392329563415,10.80890006613692,56.466408968895834,9.65214536925229,9.338837729249391,2803.316583884286,39361.14463169006,7.8067341713197935,4.953607358725779,1.8286877133709245,0.6609627679578789,Low,0,0,1.0730663987085143,1.0659847048935192,0.836268204352713,-1.490473824946659,1.250046582990357,1.2608782309561501,-0.9783947949995171,0.12378880488361321,0.04334901104871166,-0.22665472844581655,-0.2828555413330692,1.1551135115319071,-0.8347120348951067,-0.3078087970049177,-0.5847587973795416,-1.0987972149572356,-1.6325116659989423
SUNY College at Cortland,No,7888,3519,1036,6,40,5011,346,6550,4680,630,1274,82.0,85,17.8,17,5563,53,6.564979099225811,6.210976158254887,4.232862812669111,2.3713672987497,3.851047243662943,7.598722551286246,56.466408968895834,9.955518251301774,9.398056647987387,3736.5073126492257,49267.05353907696,7.556028261153151,6.118308313178587,1.8261140944618368,6.564979099225811,6.210976158254887,4.232862812669111,2.3713672987497,3.851047243662943,7.598722551286246,56.466408968895834,9.955518251301774,9.398056647987387,3736.5073126492257,49267.05353907696,7.556028261153151,6.118308313178587,1.8261140944618368,0.44612068965517243,Low,0,0,1.4072156295051197,1.0670561927852293,0.8463640004466273,-1.8174726933497243,0.9186454607064306,0.02131875940995221,-0.9783947949995171,0.6341541487893395,0.11609703061197015,0.5551825236557095,0.25719681074029643,0.9503002630614447,-0.3398815888114029,-1.2170043185248165,-2.0461777936479044,-1.0987972149572356,-1.6325116659989423
SUNY College at Fredonia,No,4877,2798,814,13,48,4123,298,6550,4420,620,1481,82.0,90,16.3,10,6442,66,6.3123865165137145,6.080937571879458,4.15012711000294,3.4609232634102094,3.820399276089465,7.354253882862656,56.466408968895834,9.919500355507711,9.653473471884622,3736.5073126492257,57206.93660181433,7.126346294770561,4.421054272265976,1.8274239913141694,6.3123865165137145,6.080937571879458,4.15012711000294,3.4609232634102094,3.820399276089465,7.354253882862656,56.466408968895834,9.919500355507711,9.653473471884622,3736.5073126492257,57206.93660181433,7.126346294770561,4.421054272265976,1.8274239913141694,0.5737133483698995,Low,0,0,0.9983893250545446,0.8493222706818894,0.6141413492794909,-0.8748385657786061,0.7540086745384929,-0.07307896533856369,-0.9783947949995171,0.5735611068222635,0.42986615199478956,0.5551825236557095,0.6900649668386472,0.599273199975862,-1.060970526681064,-0.7542503546071325,-1.178255007277525,-1.0987972149572356,-1.6325116659989423
SUNY College at Geneseo,No,8598,4562,1143,56,93,5060,146,6550,4170,600,650,79.0,84,19.1,25,5716,76,6.609320595110279,6.355706866247584,4.265703322419896,6.180642261153285,3.852542136948286,6.2304356624443615,56.466408968895834,9.845917647123215,8.290621844560157,3468.58928429813,47766.80550904597,7.916566217876475,7.666103609271758,1.8263642722664164,6.609320595110279,6.355706866247584,4.265703322419896,6.180642261153285,3.852542136948286,6.2304356624443615,56.466408968895834,9.845917647123215,8.290621844560157,3468.58928429813,47766.80550904597,7.916566217876475,7.666103609271758,1.8263642722664164,0.5305885089555711,Low,0,0,1.4789832550688502,1.3093902997484037,0.9385407753364112,1.4781382686650963,0.9266758276654425,-0.5070236655837428,-0.9783947949995171,0.4497726389260374,-1.244341330331405,0.3307179114196808,0.17540598418550252,1.2448403880402457,0.31770887154146105,-1.1286227253121397,-1.4716028469047506,-1.0987972149572356,-1.6325116659989423
SUNY College at New Paltz,No,8399,3609,656,19,53,4658,1478,6550,4240,550,1500,85.0,93,15.3,8,6608,53,6.597300835382198,6.225172355369888,4.073420771583162,4.08228841706668,3.8397227363956996,10.150131811116616,56.466408968895834,9.65214536925229,9.675230393594894,4014.4961141771587,62329.492559452454,6.830893399583299,3.8339176338051995,1.8276407477277803,6.597300835382198,6.225172355369888,4.073420771583162,4.08228841706668,3.8397227363956996,10.150131811116616,56.466408968895834,9.65214536925229,9.675230393594894,4014.4961141771587,62329.492559452454,6.830893399583299,3.8339176338051995,1.8276407477277803,0.42969401119180856,Low,0,0,1.4595290260600116,1.0908260119055124,0.3988419235764444,-0.337261774390416,0.857811721015716,1.0065052480644663,-0.9783947949995171,0.12378880488361321,0.4565936404384389,0.7880845382194887,0.9693375120855497,0.3579040707316264,-1.310419180097965,-0.6776757072031152,-2.157916891228818,-1.0987972149572356,-1.6325116659989423
SUNY College at Plattsburgh,No,5549,3583,853,9,40,5004,475,6550,4176,600,1380,80.0,90,17.9,16,6174,65,6.381081175004429,6.221110492041959,4.166425845759727,2.91344153033716,3.8508322326196485,8.12823909766369,56.466408968895834,9.845917647123215,9.533289468567643,3556.7767888093103,57206.93660181433,7.584136852632175,5.900711370401069,1.8270552386533232,6.381081175004429,6.221110492041959,4.166425845759727,2.91344153033716,3.8508322326196485,8.12823909766369,56.466408968895834,9.845917647123215,9.533289468567643,3556.7767888093103,57206.93660181433,7.584136852632175,5.900711370401069,1.8270552386533232,0.6457019282753649,Low,0,0,1.109573046542769,1.084024911877522,0.6598886567434221,-1.348494791392716,0.9174904501148223,0.22578323134839048,-0.9783947949995171,0.4497726389260374,0.2822250195523527,0.4046023533364621,0.6900649668386472,0.9732634709368446,-0.4323290036172367,-0.884521494054423,-0.6885675167292421,-1.0987972149572356,-1.6325116659989423
SUNY College at Potsdam,No,3150,2289,650,16,51,3598,234,6840,4660,500,1000,71.0,75,15.1,17,6436,59,6.0748691185688095,5.9653263350644945,4.070097442055863,3.793745093657405,3.798207107783766,6.965314942895658,57.35521593625938,9.442351022087843,8.993154813797165,2803.316583884286,35531.398971011564,6.770871990413645,6.118308313178587,1.827415995622348,6.0748691185688095,5.9653263350644945,4.070097442055863,3.793745093657405,3.798207107783766,6.965314942895658,57.35521593625938,9.442351022087843,8.993154813797165,2803.316583884286,35531.398971011564,6.770871990413645,6.118308313178587,1.827415995622348,0.7266666666666667,Low,0,0,0.6139625180520205,0.6557452045773284,0.3895139990086736,-0.5868962977653778,0.6347953120475305,-0.2232616093384413,-0.8828980591746408,-0.22914901677242944,-0.3813083118461038,-0.22665472844581655,-0.4916463924532397,0.3088698067143141,-0.3398815888114029,-0.757075033571806,-0.13782155649778083,-1.0987972149572356,-1.6325116659989423
SUNY College at Purchase,No,2119,1264,390,5,33,2478,1441,6550,4760,1125,1362,80.0,100,14.9,8,8170,46,5.852763634295895,5.6137630183912055,3.877715145180822,2.1486200566855134,3.733939407227278,10.102764424255795,56.466408968895834,11.311533707000489,9.511019009384498,3556.7767888093103,75365.02473070551,6.710527469549969,3.8339176338051995,1.8293366250358762,5.852763634295895,5.6137630183912055,3.877715145180822,2.1486200566855134,3.733939407227278,10.102764424255795,56.466408968895834,11.311533707000489,9.511019009384498,3556.7767888093103,75365.02473070551,6.710527469549969,3.8339176338051995,1.8293366250358762,0.5965077866918358,Low,0,0,0.25448021117447805,0.06709485132035492,-0.15046482002917422,-2.0101834480079033,0.28955781306309514,0.9882150778934706,-0.9783947949995171,2.9153840652993837,0.25486667132741747,0.4046023533364621,1.6800113003699915,0.25957157781628776,-1.310419180097965,-0.07856445257115723,-1.0232005345405353,-1.0987972149572356,-1.6325116659989423
Susquehanna University,Yes,2096,1512,465,27,59,1442,166,16130,4710,400,800,83.0,86,13.9,37,10554,90,5.846557932865067,5.721362777955041,3.9456754953654447,4.709852044651068,3.630767971752661,6.427325383330498,77.97207900787531,8.96107520321098,8.626435575433408,3828.050899130615,50796.25679590814,6.4037473763683845,9.56813346581784,1.8311394060750281,5.846557932865067,5.721362777955041,3.9456754953654447,4.709852044651068,3.630767971752661,6.427325383330498,77.97207900787531,8.96107520321098,8.626435575433408,3828.050899130615,50796.25679590814,6.4037473763683845,9.56813346581784,1.8311394060750281,0.7213740458015268,High,2,1,0.24443615542569544,0.24725766545286093,0.04028635734099385,0.20567765393688317,-0.2646653510064492,-0.43099780182840153,1.332254610170322,-1.0388011424180428,-0.8318078970334455,0.6318787272247831,0.3405662242258264,0.008948736859618622,1.1257980885897985,0.5583132301697213,-0.17382352004918422,1.8150779933081982,0.6125530498969481
Sweet Briar College,Yes,462,402,146,36,68,527,41,14500,6000,500,600,91.0,99,6.5,48,18953,61,4.937198484478727,4.8932788306510995,3.4626216004176213,5.262121851799814,3.4032555847808235,4.407210947656441,75.0700786829547,9.442351022087843,8.162552350641706,4600.715532505121,73408.11248759447,3.7681432822763865,11.044582378144527,1.8344317232520115,4.937198484478727,4.8932788306510995,3.4626216004176213,5.262121851799814,3.4032555847808235,4.407210947656441,75.0700786829547,9.442351022087843,8.162552350641706,4600.715532505121,73408.11248759447,3.7681432822763865,11.044582378144527,1.8344317232520115,0.8701298701298701,Mid,1,1,-1.2273808659186818,-1.1392689856194627,-1.3155497874732165,0.683476302864234,-1.486831490233704,-1.2110331645966375,1.0204528707952358,-0.22914901677242944,-1.4016694654541817,1.279225486180553,1.5733239615731247,-2.144198094957098,1.753076593954856,1.7214069664515457,0.8380573423799045,0.3581403891754813,0.6125530498969481
Syracuse University,Yes,10477,7260,2442,28,67,10142,117,15150,6870,635,960,73.0,84,11.3,13,14231,67,6.709953415591071,6.608262671148043,4.503101532683348,4.777728697775314,3.9514995295284385,5.896273818368087,76.25180166573061,9.973340535904601,8.925612058321176,2962.9344405957,47766.80550904597,5.561395109609361,5.2034945525684675,1.8329505797065107,6.709953415591071,6.608262671148043,4.503101532683348,4.777728697775314,3.9514995295284385,5.896273818368087,76.25180166573061,9.973340535904601,8.925612058321176,2962.9344405957,47766.80550904597,5.561395109609361,5.2034945525684675,1.8329505797065107,0.6929464541376348,Mid,1,1,1.6418595504131728,1.732264521036718,1.6048703041028827,0.26440143846515807,1.4582617164489458,-0.6360549970094623,1.1474215958931988,0.664136645408876,-0.4642818243896722,-0.09292516745590934,0.17540598418550252,-0.6792077728800088,-0.7285459060471434,1.198155806949118,-0.36719635838691744,0.3581403891754813,0.6125530498969481
Tabor College,Yes,257,183,109,19,41,396,38,7850,3410,400,1500,55.0,70,10.0,15,7233,53,4.557071573782218,4.364878821593114,3.3268657131841017,4.08228841706668,3.3290346455253603,4.305379009819839,60.2701689559369,8.96107520321098,9.675230393594894,1686.8014102927957,29680.22624897121,5.111366001999691,5.67618042622164,1.828386957376181,4.557071573782218,4.364878821593114,3.3268657131841017,4.08228841706668,3.3290346455253603,4.305379009819839,60.2701689559369,8.96107520321098,9.675230393594894,1686.8014102927957,29680.22624897121,5.111366001999691,5.67618042622164,1.828386957376181,0.7120622568093385,Low,0,1,-1.8426241104101415,-2.0240110427153297,-1.6965895445429928,-0.337261774390416,-1.8855364574093967,-1.25035396304698,-0.5697046339613,-1.0388011424180428,0.4565936404384389,-1.162083176610684,-0.8106418143240208,-1.0468573563083918,-0.5277223720549751,-0.41405840627124463,-0.23716504713706033,-1.0987972149572356,0.6125530498969481
Talladega College,Yes,4414,1500,335,30,60,908,119,5666,2964,1000,1400,56.0,58,15.5,7,5970,46,6.258856428444504,5.716605518452602,3.8174810278555205,4.908029058750458,3.5324064217884494,5.921609605826462,53.586245079408485,11.027920112452334,9.557721089085858,1748.2432357532678,18191.521233243842,6.890597360271821,3.5140781476818708,1.8267575772832974,6.258856428444504,5.716605518452602,3.8174810278555205,4.908029058750458,3.5324064217884494,5.921609605826462,53.586245079408485,11.027920112452334,9.557721089085858,1748.2432357532678,18191.521233243842,6.890597360271821,3.5140781476818708,1.8267575772832974,0.33982782057091077,Low,0,1,0.911749773539316,0.23929220843890267,-0.319529999452776,0.3771313679720627,-0.7930504528824621,-0.6262719818435328,-1.2878503463017168,2.438259845296428,0.3122382660840021,-1.1106065529137321,-1.436985365837391,0.40667899640865135,-1.4463049754933548,-0.9896778494112125,-2.7692131472192787,-1.0987972149572356,0.6125530498969481
Taylor University,Yes,1769,1092,437,41,80,1757,81,10965,4000,450,1250,60.0,61,14.2,32,8294,98,5.749470129260648,5.524912454493544,3.9218896496967526,5.523485196294676,3.6698427095648345,5.35649205443559,67.94323741212035,9.213393432273651,9.365994585919545,2005.1172269621243,20740.590958343037,6.496691212510575,8.821390068071972,1.829449760324536,5.749470129260648,5.524912454493544,3.9218896496967526,5.523485196294676,3.6698427095648345,5.35649205443559,67.94323741212035,9.213393432273651,9.365994585919545,2005.1172269621243,20740.590958343037,6.496691212510575,8.821390068071972,1.829449760324536,0.6172979084228377,Mid,1,1,0.08729754300627016,-0.08167469699416549,-0.02647577754680939,0.9095959481215096,-0.054761081226480636,-0.8444832209799878,0.2547184615280369,-0.6143252338289236,0.07671009872843897,-0.8953947540471879,-1.2980146652677276,0.0848788535167615,0.808539510579746,-0.03859657021989301,-0.8817800126741949,0.3581403891754813,0.6125530498969481
Tennessee Wesleyan College,Yes,232,182,99,7,29,402,237,7070,3640,400,3158,59.0,65,8.9,16,6286,36,4.4891252031238045,4.361102897192032,3.280878013387712,2.569862268252232,3.333055854269772,6.985598937315216,58.042683305322456,8.96107520321098,10.981998859408627,1939.231936198742,24468.81775259251,4.712269889220786,5.900711370401069,1.8272122919802782,4.4891252031238045,4.361102897192032,3.280878013387712,2.569862268252232,3.333055854269772,6.985598937315216,58.042683305322456,8.96107520321098,10.981998859408627,1939.231936198742,24468.81775259251,4.712269889220786,5.900711370401069,1.8272122919802782,0.7844827586206896,Low,0,1,-1.9525967126095087,-2.0303333725124233,-1.8256678653120355,-1.6457438988012263,-1.8639350614080747,-0.21542926446429086,-0.8090340007881737,-1.0388011424180428,2.0619052526998116,-0.9505941608742655,-1.0947584403093151,-1.3728974215619376,-0.4323290036172367,-0.8290384615809254,0.25546050323242964,-1.0987972149572356,0.6125530498969481
Texas A&M Univ. at College Station,No,14474,10519,6392,49,85,31643,2798,5130,3412,600,2144,89.0,91,23.1,29,8471,69,6.871371666403496,6.803991828745006,4.76625338665809,5.8938321544801,4.084125629371548,11.377367848982797,51.69318601621696,9.845917647123215,10.293293179700658,4400.82631344925,58884.14428434742,8.967103676820505,8.344048523822103,1.8296068073756506,6.871371666403496,6.803991828745006,4.76625338665809,5.8938321544801,4.084125629371548,11.377367848982797,51.69318601621696,9.845917647123215,10.293293179700658,4400.82631344925,58884.14428434742,8.967103676820505,8.344048523822103,1.8296068073756506,0.7267514163327345,Low,0,0,1.9031183183546563,2.059989378261266,2.343485185227824,1.23000324536072,2.1707114013361504,1.4803831091866153,-1.4912476731641928,0.4497726389260374,1.215858493852514,1.1117561437041261,0.781503315639944,2.1030730059438842,0.605737985971725,0.016884245155311953,-0.13724506434644135,-1.0987972149572356,-1.6325116659989423
Texas A&M University at Galveston,No,529,481,243,22,47,1206,134,4860,3122,600,650,100.0,88,17.4,16,6415,43,5.022746221600381,5.009891418082336,3.6855644692611054,4.337922600177787,3.5939366335075724,6.100190727841851,50.690045334674295,9.845917647123215,8.290621844560157,5555.753581215777,53942.39364317825,7.4429419900118345,5.900711370401069,1.827387919923563,5.022746221600381,5.009891418082336,3.6855644692611054,4.337922600177787,3.5939366335075724,6.100190727841851,50.690045334674295,9.845917647123215,8.290621844560157,5555.753581215777,53942.39364317825,7.4429419900118345,5.900711370401069,1.827387919923563,0.9092627599243857,Low,0,0,-1.0889200890976196,-0.9440152787334315,-0.6897935251430694,-0.1160987382636973,-0.4625183781084204,-0.5573156950931971,-1.5990288497054017,0.4497726389260374,-1.244341330331405,2.0793666584407675,0.5120879513281108,0.8579148600429469,-0.4323290036172367,-0.7669934793481674,1.1042507667611514,-1.0987972149572356,-1.6325116659989423
Texas Christian University,Yes,4095,3079,1195,33,64,5064,660,8490,3320,650,2400,81.0,93,14.8,23,9158,64,6.218340809544697,6.135470779557551,4.280403980065562,5.091356782638988,3.8526633891481366,8.693698488863802,61.99151357805301,10.026082431745259,10.4918640185218,3646.0827031697963,62329.492559452454,6.680232225176779,7.306201546172464,1.8301714226820767,6.218340809544697,6.135470779557551,4.280403980065562,5.091356782638988,3.8526633891481366,8.693698488863802,61.99151357805301,10.026082431745259,10.4918640185218,3646.0827031697963,62329.492559452454,6.680232225176779,7.306201546172464,1.8301714226820767,0.7518925518925519,Low,0,1,0.84617440877805,0.9406315468251022,0.9798025955949674,0.5357381533712033,0.9273271782795183,0.44412646654155435,-0.3847569471430926,0.7528645357434074,1.4597946476206283,0.47942381108114585,0.9693375120855497,0.2348219920998793,0.16480224108923644,0.21634878365845625,0.03377233310726897,-1.0987972149572356,0.6125530498969481
Texas Lutheran College,Yes,497,423,215,27,57,895,429,7850,3410,490,1700,54.0,58,13.8,24,7002,50,4.9834317713823,4.926519391473387,3.6335429677730935,4.709852044651068,3.5291770983461186,7.956414595712106,60.2701689559369,9.398209033684472,9.889943873748738,1626.4694472851354,18191.521233243842,6.372586736365998,7.488071014907595,1.8281231495660066,4.9834317713823,4.926519391473387,3.6335429677730935,4.709852044651068,3.5291770983461186,7.956414595712106,60.2701689559369,9.398209033684472,9.889943873748738,1626.4694472851354,18191.521233243842,6.372586736365998,7.488071014907595,1.8281231495660066,0.8511066398390342,Low,0,1,-1.152551337575268,-1.0836116774120672,-0.8358075264018134,0.20567765393688317,-0.8103979468644847,0.15943590698626692,-0.5697046339613,-0.303409250383206,0.7203603688354095,-1.2126299455806546,-1.436985365837391,-0.01650783055462927,0.24207061628816592,-0.5072551413067319,0.7086557356879205,-1.0987972149572356,0.6125530498969481
Texas Southern University,No,4345,3245,2604,15,85,5584,3101,7860,3360,600,1700,65.0,75,18.2,21,3605,10,6.250365314947359,6.165238149294439,4.521926858513341,3.6884527234691826,3.867501354673811,11.581478971022573,60.29776105196702,9.845917647123215,9.889943873748738,2351.2286673140156,35531.398971011564,7.668079344995264,6.929932557777247,1.8215710769204856,6.250365314947359,6.165238149294439,4.521926858513341,3.6884527234691826,3.867501354673811,11.581478971022573,60.29776105196702,9.845917647123215,9.889943873748738,2351.2286673140156,35531.398971011564,7.668079344995264,6.929932557777247,1.8215710769204856,0.7468354430379747,Low,0,0,0.8980067312281147,0.9904734156439525,1.6577092470555441,-0.6779904542213022,1.0070347462140303,1.5591974032254594,-0.5667400362452639,0.4497726389260374,0.7203603688354095,-0.6054188583331771,-0.4916463924532397,1.0418399737171882,0.004942020606680277,-2.821939372505698,-0.0006276084901261414,-1.0987972149572356,-1.6325116659989423
Texas Wesleyan University,Yes,592,501,279,19,44,1204,392,6400,3484,600,1800,80.0,83,14.5,10,7936,43,5.093195868516318,5.036172207732057,3.7431186312989397,4.08228841706668,3.593587795118034,7.805544493066428,55.996507579890206,9.845917647123215,9.988659024785472,3556.7767888093103,46295.29542396985,6.588845563563279,4.421054272265976,1.8291157423070934,5.093195868516318,5.036172207732057,3.7431186312989397,4.08228841706668,3.593587795118034,7.805544493066428,55.996507579890206,9.845917647123215,9.988659024785472,3556.7767888093103,46295.29542396985,6.588845563563279,4.421054272265976,1.8291157423070934,0.8462837837837838,Low,0,1,-0.9748958826492524,-0.9000112675710359,-0.5282504468415923,-0.337261774390416,-0.46439229132005255,0.10117979378303912,-1.0288827529671758,0.4497726389260374,0.8416278943466902,0.4046023533364621,0.09518189874570733,0.16016400330539635,-1.060970526681064,-0.15659682445081782,0.6758492505194044,-1.0987972149572356,0.6125530498969481
The Citadel,No,1500,1242,611,12,36,2024,292,7070,2439,400,779,95.0,94,17.1,17,7744,84,5.65389226804481,5.603145031618707,4.047594409320197,3.3372059894156245,3.6968000444760265,7.321209284283297,58.042683305322456,8.96107520321098,8.583123796564333,5013.952455197691,64098.054902977776,7.357428527211942,6.118308313178587,1.8289268627268618,5.65389226804481,5.603145031618707,4.047594409320197,3.3372059894156245,3.6968000444760265,7.321209284283297,58.042683305322456,8.96107520321098,8.583123796564333,5013.952455197691,64098.054902977776,7.357428527211942,6.118308313178587,1.8289268627268618,0.828,Low,0,0,-0.06739719651701226,0.0493163136627488,0.32635246471600865,-0.9818731086748947,0.09005011947682816,-0.0858386164678227,-0.8090340007881737,-1.0388011424180428,-0.8850146458838831,1.6254398345940284,1.0657563528339236,0.7880549588848036,-0.3398815888114029,-0.22332328027796214,0.5514775764210138,-1.0987972149572356,-1.6325116659989423
Thiel College,Yes,1154,951,253,15,31,791,140,11172,4958,700,1350,68.0,76,11.6,16,9186,60,5.499558071712642,5.440099186429626,3.702490565469288,3.6884527234691826,3.5010945539519724,6.166580186859816,68.39918462668824,10.194537490294326,9.496020108486013,2572.256540860469,36780.940288277394,5.662278553171516,5.900711370401069,1.8301930445132022,5.499558071712642,5.440099186429626,3.702490565469288,3.6884527234691826,3.5010945539519724,6.166580186859816,68.39918462668824,10.194537490294326,9.496020108486013,2572.256540860469,36780.940288277394,5.662278553171516,5.900711370401069,1.8301930445132022,0.8240901213171578,Mid,1,1,-0.3171902761845416,-0.2236842805853324,-0.6422853417505403,-0.6779904542213022,-0.961253622543014,-0.5316804514483064,0.3037071309450128,1.0362571162148249,0.236441135041996,-0.4202393232555936,-0.42352364534226566,-0.5967914238632761,-0.4323290036172367,0.22398723858158978,0.5248814318233085,0.3581403891754813,0.6125530498969481
Tiffin University,Yes,845,734,254,5,21,662,351,7600,3800,600,1200,59.0,74,19.0,40,5096,39,5.312266887220609,5.27900667580794,3.70414066474216,2.1486200566855134,3.4592655426425227,7.622379229066514,59.572729433533354,9.845917647123215,9.297325805521908,1939.231936198742,34308.59715981074,7.889197441801203,9.991196421752138,1.8252799608262051,5.312266887220609,5.27900667580794,3.70414066474216,2.1486200566855134,3.4592655426425227,7.622379229066514,59.572729433533354,9.845917647123215,9.297325805521908,1939.231936198742,34308.59715981074,7.889197441801203,9.991196421752138,1.8252799608262051,0.8686390532544379,Low,0,1,-0.6203249208756821,-0.49341425179456455,-0.6376538414974815,-2.0101834480079033,-1.185953481483404,0.03045341282777448,-0.6446401376988145,0.4497726389260374,-0.007646689375954711,-0.9505941608742655,-0.558311349746167,1.2224815695707842,1.3055390172857926,-1.511682976342988,0.8279163675814561,-1.0987972149572356,0.6125530498969481
Transylvania University,Yes,759,729,244,57,81,867,51,10900,4450,500,1000,81.0,91,12.1,41,10219,70,5.246776780851915,5.274716206953013,3.687292875453718,6.219270798359038,3.5220233007272816,4.704334939473199,67.7989000455813,9.442351022087843,8.993154813797165,3646.0827031697963,58884.14428434742,5.828139320813687,10.12852980378421,1.8309258279844745,5.246776780851915,5.274716206953013,3.687292875453718,6.219270798359038,3.5220233007272816,4.704334939473199,67.7989000455813,9.442351022087843,8.993154813797165,3646.0827031697963,58884.14428434742,5.828139320813687,10.12852980378421,1.8309258279844745,0.9604743083003953,Mid,1,1,-0.7263220086654892,-0.5005981241933966,-0.6849422329510908,1.5115579172644587,-0.84882719167615,-1.096303416295722,0.2392103164884853,-0.22914901677242944,-0.3813083118461038,0.47942381108114585,0.781503315639944,-0.4612920948206636,1.3638859589907049,0.4828614052159634,1.45260677884351,0.3581403891754813,0.6125530498969481
Trenton State College,No,5042,2312,944,55,94,5167,902,5391,5411,700,1000,81.0,87,14.4,6,8504,81,6.330155088554854,5.971121452509949,4.201325215409941,6.141465611282132,3.8557459990144043,9.245945022811222,52.63043520586672,10.194537490294326,8.993154813797165,3646.0827031697963,52354.631663757325,6.558213800428661,3.1721327255834275,1.829635528514449,6.330155088554854,5.971121452509949,4.201325215409941,6.141465611282132,3.8557459990144043,9.245945022811222,52.63043520586672,10.194537490294326,8.993154813797165,3646.0827031697963,52354.631663757325,6.558213800428661,3.1721327255834275,1.829635528514449,0.45854819516065054,Low,0,0,1.0271481253524237,0.665448429486321,0.7578442416126899,1.4442444179862461,0.9438865465369778,0.6573677650729616,-1.3905461242873234,1.0362571162148249,-0.3813083118461038,0.47942381108114585,0.4255260215207906,0.13513949985508442,-1.5915826153084158,0.02703070882801127,-1.9616422465827439,-1.0987972149572356,-1.6325116659989423
Tri-State University,Yes,1262,1102,276,14,40,978,98,9456,4350,468,1323,53.0,53,12.8,24,7603,65,5.552543018659834,5.530476196173023,3.7386582872093292,3.5777357214550345,3.548877070413074,5.633794401716762,64.43508389125773,9.298262606784581,9.46181600511621,1567.2469311353118,14394.04498133871,6.05581660003175,7.488071014907595,1.8287834912648482,5.552543018659834,5.530476196173023,3.7386582872093292,3.5777357214550345,3.548877070413074,5.633794401716762,64.43508389125773,9.298262606784581,9.46181600511621,1567.2469311353118,14394.04498133871,6.05581660003175,7.488071014907595,1.8287834912648482,0.873217115689382,Mid,1,1,-0.23143304681799368,-0.07235888288691741,-0.5407697449949702,-0.7737777547234982,-0.7045723295237635,-0.737407288429772,-0.12221063817140022,-0.4715495013915048,0.19442279303039836,-1.2622472080135945,-1.644016946781447,-0.27529199961519973,0.24207061628816592,-0.2739728503119074,0.8590576945569994,0.3581403891754813,0.6125530498969481
Trinity College CT,Yes,3058,1798,478,46,84,1737,244,18810,5690,500,680,91.0,96,10.4,48,18034,91,6.05848565180155,5.824143044356551,3.9561632906164648,5.760943417605722,3.667624423475918,7.032034003339551,82.35055167262159,9.442351022087843,8.36315335385267,4600.715532505121,67728.00439442915,5.252173428845612,11.044582378144527,1.8341910221405553,6.05848565180155,5.824143044356551,3.9561632906164648,5.760943417605722,3.667624423475918,7.032034003339551,82.35055167262159,9.442351022087843,8.36315335385267,4600.715532505121,67728.00439442915,5.252173428845612,11.044582378144527,1.8341910221405553,0.5879659908436887,High,2,1,0.5874455392055674,0.4193508198171979,0.06972351130966178,1.1150339710778354,-0.06667741765579485,-0.19749909529574408,1.8026940449803475,-0.22914901677242944,-1.1552393377686976,1.279225486180553,1.263654675854437,-0.9318252596102692,1.753076593954856,1.6363732531118909,-1.0813043418270203,1.8150779933081982,0.6125530498969481
Trinity College DC,Yes,247,189,100,19,49,309,639,11412,6430,500,900,89.0,93,8.3,37,11806,96,4.530778658221271,4.387082835834325,3.285711262400833,4.08228841706668,3.260774812803486,8.63738672133123,68.9209240945939,9.442351022087843,8.819245343756174,4400.82631344925,62329.492559452454,4.48649314013176,9.56813346581784,1.831853277033583,4.530778658221271,4.387082835834325,3.285711262400833,4.08228841706668,3.260774812803486,8.63738672133123,68.9209240945939,9.442351022087843,8.819245343756174,4400.82631344925,62329.492559452454,4.48649314013176,9.56813346581784,1.831853277033583,0.7651821862348178,Mid,1,1,-1.8851797364962204,-1.9868331000605268,-1.8121018972546095,-0.337261774390416,-2.252219156898274,0.4223825646913933,0.35976476546580416,-0.22914901677242944,-0.5949489827396871,1.1117561437041261,0.9693375120855497,-1.5573448858410492,1.1257980885897985,0.8105060766588759,0.12417233405067438,0.3581403891754813,0.6125530498969481
Trinity College VT,Yes,222,185,91,16,41,484,541,11010,5208,550,500,58.0,78,10.4,26,9586,78,4.459723732572656,4.3723652080174435,3.2400790294618957,3.793745093657405,3.3816298765634056,8.349959241407316,68.04283430591143,9.65214536925229,7.873683591318896,1874.458100634458,39361.14463169006,5.252173428845612,7.840523349237043,1.830491221167519,4.459723732572656,4.3723652080174435,3.2400790294618957,3.793745093657405,3.3816298765634056,8.349959241407316,68.04283430591143,9.65214536925229,7.873683591318896,1874.458100634458,39361.14463169006,5.252173428845612,7.840523349237043,1.830491221167519,0.8333333333333334,Mid,1,1,-2.000183599056364,-2.011475991973971,-1.9401824933004723,-0.5868962977653778,-1.6030019048292325,0.3113969716909649,0.26541952329351476,0.12378880488361321,-1.756532921293452,-1.0048623785543536,-0.2828555413330692,-0.9318252596102692,0.3918121831278882,0.3293256310566352,0.5877564781535826,0.3581403891754813,0.6125530498969481
Trinity University,Yes,2425,1818,601,62,93,2110,95,12240,5150,500,490,94.0,96,9.6,20,14703,93,5.929055997977812,5.8306638126766,4.041556414132357,6.4047571911467545,3.704571691826141,5.588195222866951,70.66745896534864,9.442351022087843,7.841917018736534,4908.960288837765,67728.00439442915,4.968327625700188,6.734949707633466,1.8331310851977243,5.929055997977812,5.8306638126766,4.041556414132357,6.4047571911467545,3.704571691826141,5.588195222866951,70.66745896534864,9.442351022087843,7.841917018736534,4908.960288837765,67728.00439442915,4.968327625700188,6.734949707633466,1.8331310851977243,0.7496907216494846,Mid,1,1,0.37796097520557387,0.43026905955684375,0.30940501391701886,1.6720322845414457,0.1317983704786549,-0.7550146929351397,0.5474189865574124,-0.22914901677242944,-1.7955568564298532,1.5374762658306833,1.263654675854437,-1.1637120187547967,-0.07789765626183243,1.2619239054976912,0.018794836291012335,0.3581403891754813,0.6125530498969481
Tulane University,Yes,7033,5125,1223,47,75,4941,1534,19040,5950,350,800,98.0,98,9.1,21,16920,74,6.505515303802936,6.419737805110759,4.288016706310528,5.805977812818098,3.8488804754128583,10.219801902413787,82.70669798917886,8.679599645871866,8.626435575433408,5335.66411690255,71483.10904926102,4.786206015813514,6.929932557777247,1.833872579503316,6.505515303802936,6.419737805110759,4.288016706310528,5.805977812818098,3.8488804754128583,10.219801902413787,82.70669798917886,8.679599645871866,8.626435575433408,5335.66411690255,71483.10904926102,4.786206015813514,6.929932557777247,1.833872579503316,0.7287075216834921,High,2,1,1.3109722502644556,1.4166023807409458,1.0011700030653408,1.1539956758627181,0.907005871222742,1.0334072561781558,1.840959733657562,-1.5123285343587667,-0.8318078970334455,1.8949733327345775,1.4683762334705521,-1.312495581586508,0.004942020606680277,1.5238753931464337,-0.1239390605091883,1.8150779933081982,0.6125530498969481
Tusculum College,Yes,626,372,145,12,34,983,40,7700,3400,450,800,70.0,70,21.9,28,4933,52,5.127949707239389,4.842428189638766,3.4594960294230397,3.3372059894156245,3.5499982589230368,4.374027314214041,59.853487819489224,9.213393432273651,8.626435575433408,2725.181328249345,29680.22624897121,8.660437844142361,8.179318836422599,1.8249604823669547,5.127949707239389,4.842428189638766,3.4594960294230397,3.3372059894156245,3.5499982589230368,4.374027314214041,59.853487819489224,9.213393432273651,8.626435575433408,2725.181328249345,29680.22624897121,8.660437844142361,8.179318836422599,1.8249604823669547,0.5942492012779552,Low,0,1,-0.9186460779318318,-1.2244122482286015,-1.324322643197927,-0.9818731086748947,-0.6985494546781109,-1.2238465018477889,-0.61447440948251,-0.6143252338289236,-0.8318078970334455,-0.2921172878935758,-0.8106418143240208,1.8525435096748848,0.5357515534995189,-1.6245467664507112,-1.0385640967189325,-1.0987972149572356,0.6125530498969481
Tuskegee University,Yes,2267,1827,611,20,59,2825,144,6735,3395,600,1425,70.0,74,12.2,7,10872,65,5.891043299800046,5.833573163509395,4.047594409320197,4.170730633321285,3.757126213154859,6.209419572256754,57.036317971395306,9.845917647123215,9.587810069736516,2725.181328249345,34308.59715981074,5.860981033586721,3.5140781476818708,1.8313326897922448,5.891043299800046,5.833573163509395,4.047594409320197,4.170730633321285,3.757126213154859,6.209419572256754,57.036317971395306,9.845917647123215,9.587810069736516,2725.181328249345,34308.59715981074,5.860981033586721,3.5140781476818708,1.8313326897922448,0.8059108954565505,Low,0,1,0.3164366392517963,0.4351404164767825,0.32635246471600865,-0.26074560260699386,0.41411423594055,-0.5151386977046785,-0.9171616460095295,0.4497726389260374,0.3492013481473054,-0.2921172878935758,-0.558311349746167,-0.43446218134192693,-1.4463049754933548,0.6265955580060729,0.401220991466221,-1.0987972149572356,0.6125530498969481
Union College KY,Yes,484,384,177,9,45,634,78,7800,2950,500,600,60.0,88,14.1,9,6864,64,4.966678879514898,4.863276300865382,3.5488939937044037,2.91344153033716,3.4488645353896805,5.302162766305102,60.13186099132863,9.442351022087843,8.162552350641706,2005.1172269621243,53942.39364317825,6.465798760875629,4.135322577728063,1.8279590527836858,4.966678879514898,4.863276300865382,3.5488939937044037,2.91344153033716,3.4488645353896805,5.302162766305102,60.13186099132863,9.442351022087843,8.162552350641706,2005.1172269621243,53942.39364317825,6.465798760875629,4.135322577728063,1.8279590527836858,0.7933884297520661,Low,0,1,-1.1796662385651215,-1.1895046015650756,-1.0734003496129112,-1.348494791392716,-1.2418263025085483,-0.8654616196426677,-0.5845649575677309,-0.22914901677242944,-1.4016694654541817,-0.8953947540471879,0.5120879513281108,0.05964138157856781,-1.18236541463741,-0.565226451299498,0.316039497202013,-1.0987972149572356,0.6125530498969481
Union College NY,Yes,3495,1712,528,49,84,1915,123,18732,6204,450,1024,94.0,96,11.5,49,15411,88,6.132033526275405,5.795190839862284,3.993634917920345,5.8938321544801,3.6863507000664253,5.971143812348176,82.2291222464023,9.213393432273651,9.032489446995747,4908.960288837765,67728.00439442915,5.628767251036452,11.169601799750874,1.8333857018044066,6.132033526275405,5.795190839862284,3.993634917920345,5.8938321544801,3.6863507000664253,5.971143812348176,82.2291222464023,9.213393432273651,9.032489446995747,4908.960288837765,67728.00439442915,5.628767251036452,11.169601799750874,1.8333857018044066,0.4898426323319027,High,2,1,0.7064842908525738,0.37087384683723124,0.17489891147716452,1.23000324536072,0.033917637705103615,-0.6071451283983669,1.7896472144954025,-0.6143252338289236,-0.33298732378307716,1.5374762658306833,1.263654675854437,-0.6241683558478293,1.806191872967965,1.3518736170430783,-1.7487682820367652,1.8150779933081982,0.6125530498969481
Univ. of Wisconsin at OshKosh,No,4800,2900,1515,14,48,7764,1472,6874,2394,518,1890,73.0,78,19.2,14,5901,56,6.303872386330935,6.101383804829016,4.357107287271323,3.5777357214550345,3.91524943219447,10.142524729298296,57.4577883831542,9.519901952576197,10.073251725439206,2962.9344405957,39361.14463169006,7.943876210224716,5.444039108195632,1.8266533215530252,6.303872386330935,6.101383804829016,4.357107287271323,3.5777357214550345,3.91524943219447,10.142524729298296,57.4577883831542,9.519901952576197,10.073251725439206,2962.9344405957,39361.14463169006,7.943876210224716,5.444039108195632,1.8266533215530252,0.6041666666666666,Low,0,0,0.9846090297629599,0.8835570206621228,1.1950935132835472,-0.7737777547234982,1.2635310378474665,1.0035678932686323,-0.8718772928848783,-0.09868479386129346,0.9455465671832195,-0.09292516745590934,-0.2828555413330692,1.2671511833654492,-0.6263490551654358,-1.0265088047331283,-0.9711025806677062,-1.0987972149572356,-1.6325116659989423
University of Alabama at Birmingham,No,1797,1260,938,24,35,6960,4698,4440,5175,750,2200,96.0,96,6.7,16,16352,33,5.7585098252001865,5.6118472495260185,4.199146118041278,4.493818501377219,3.8997938398453758,12.424784931727089,49.054102484152104,10.352802615829257,10.338539475874114,5120.066987885137,67728.00439442915,3.851390492559412,5.900711370401069,1.8336974640676238,5.7585098252001865,5.6118472495260185,4.199146118041278,4.493818501377219,3.8997938398453758,12.424784931727089,49.054102484152104,10.352802615829257,10.338539475874114,5120.066987885137,67728.00439442915,3.851390492559412,5.900711370401069,1.8336974640676238,0.7011686143572621,Low,0,0,0.10192847731414997,0.06388712751708048,0.7517279489869523,0.018775285270126344,1.1805056611540152,1.884826713806209,-1.7748006516348211,1.302507133936391,1.271441718087908,1.7143437339653733,1.263654675854437,-2.07618960025174,-0.4323290036172367,1.4620114670934699,-0.3112668066424256,-1.0987972149572356,-1.6325116659989423
University of Arkansas at Fayetteville,No,3235,3108,2133,25,65,9978,1530,5028,3300,500,2000,73.0,89,14.8,10,6820,39,6.0895558535361385,6.140793105241765,4.462827439877949,4.568038251472815,3.9493481202654372,10.214903167904046,51.31839343196589,9.442351022087843,10.171715522398618,2962.9344405957,55559.757364651494,6.680232225176779,4.421054272265976,1.8279056580538824,6.0895558535361385,6.140793105241765,4.462827439877949,4.568038251472815,3.9493481202654372,10.214903167904046,51.31839343196589,9.442351022087843,10.171715522398618,2962.9344405957,55559.757364651494,6.680232225176779,4.421054272265976,1.8279056580538824,0.960741885625966,Low,0,0,0.6377333014878186,0.9495431389781395,1.491828941024628,0.08298682799864276,1.4467046333913736,1.0315156870259676,-1.5315167863930363,-0.22914901677242944,1.0665053144911143,-0.09292516745590934,0.6002637149158834,0.2348219920998793,-1.060970526681064,-0.5840894807241601,1.4544269184998055,-1.0987972149572356,-1.6325116659989423
University of California at Berkeley,No,19873,8252,3215,95,100,19532,2061,11648,6246,636,1933,93.0,97,15.8,10,13919,78,7.0260234664039105,6.676444972247326,4.582392903811429,7.397925182085458,4.031906684173519,10.781065532516035,69.42698498625599,9.976890294834265,10.112358716804403,4805.090244554321,69589.80855298844,6.9795700655441655,4.421054272265976,1.8328261100547814,7.0260234664039105,6.676444972247326,4.582392903811429,7.397925182085458,4.031906684173519,10.781065532516035,69.42698498625599,9.976890294834265,10.112358716804403,4805.090244554321,69589.80855298844,6.9795700655441655,4.421054272265976,1.8328261100547814,0.4152367533839883,Mid,1,0,2.153425446109327,1.8464275571798343,1.8274254021400116,2.53127593336289,1.890198206003649,1.2501303643268982,0.4141378352738728,0.6701084182472429,0.9935879065646855,1.4504528230391855,1.3651568927969056,0.479364912667751,-1.060970526681064,1.154183776157063,-2.256259410353627,0.3581403891754813,-1.6325116659989423
University of California at Irvine,No,15698,10775,2478,85,100,12677,864,12024,5302,790,1818,96.0,96,16.1,11,15934,66,6.911319370332173,6.816509043991105,4.5074073023259515,7.130556590431673,3.9801809913537083,9.168956976223562,70.21951712983854,10.472916762891767,10.00588627176054,5120.066987885137,67728.00439442915,7.067858726213781,4.693250809609002,1.8335624843410225,6.911319370332173,6.816509043991105,4.5074073023259515,7.130556590431673,3.9801809913537083,9.168956976223562,70.21951712983854,10.472916762891767,10.00588627176054,5120.066987885137,67728.00439442915,7.067858726213781,4.693250809609002,1.8335624843410225,0.6863931711045993,Mid,1,0,1.967774501022781,2.0809479448322405,1.616955742547212,2.2999608221542487,1.6123346965312253,0.6276400438170194,0.49929044492648017,1.5045756166543094,0.8627908626458604,1.7143437339653733,1.263654675854437,0.5514920012666231,-0.9453261344609437,1.414326488370125,-0.4117737167333926,0.3581403891754813,-1.6325116659989423
University of Central Florida,No,6986,2959,1918,25,60,12330,7152,6618,4234,700,1600,80.0,98,22.2,9,6742,46,6.5020244710031925,6.1128622123217875,4.4305970987335614,4.568038251472815,3.9766891031789333,13.309164548905565,56.67710348585909,10.194537490294326,9.785696442692036,3556.7767888093103,71483.10904926102,8.737742749554304,4.135322577728063,1.8278096858943427,6.5020244710031925,6.1128622123217875,4.4305970987335614,4.568038251472815,3.9766891031789333,13.309164548905565,56.67710348585909,10.194537490294326,9.785696442692036,3556.7767888093103,71483.10904926102,8.737742749554304,4.135322577728063,1.8278096858943427,0.42356140853134844,Low,0,0,1.305322265385048,0.902776228995302,1.401364787976088,0.08298682799864276,1.5935767398943135,2.2263159697257446,-0.9557569902061166,1.0362571162148249,0.5922966635947635,0.4046023533364621,1.4683762334705521,1.9156974608106905,-1.18236541463741,-0.6179940566254278,-2.199632657969515,-1.0987972149572356,-1.6325116659989423
University of Charleston,Yes,682,535,204,22,43,771,611,9500,3540,400,750,26.0,58,2.5,10,7683,57,5.181000498172312,5.0783766076963985,3.61092919905037,4.337922600177787,3.495177077940273,8.55961720632559,64.54239649437741,8.96107520321098,8.52150081906591,385.8345517334257,18191.521233243842,1.8258041698705985,4.421054272265976,1.8288653349288033,5.181000498172312,5.0783766076963985,3.61092919905037,4.337922600177787,3.495177077940273,8.55961720632559,64.54239649437741,8.96107520321098,8.52150081906591,385.8345517334257,18191.521233243842,1.8258041698705985,4.421054272265976,1.8288653349288033,0.7844574780058651,Mid,1,1,-0.8327822787164461,-0.829345092319607,-0.8992798745712642,-0.1160987382636973,-0.9930415128967993,0.3923530917177533,-0.11068057181604922,-1.0388011424180428,-0.960715953306189,-2.2520472347806404,-1.436985365837391,-3.73098471270631,-1.060970526681064,-0.2450595203429534,0.25528853705599996,0.3581403891754813,0.6125530498969481
University of Chicago,Yes,6348,2999,922,68,94,3340,39,18930,6380,500,1254,75.0,99,5.3,36,36854,90,6.451977724214298,6.12050574242394,4.193255551103468,6.612336887273793,3.785800546646698,4.340095410558931,82.53672187565274,9.442351022087843,9.3713776341146,3127.017536070735,73408.11248759447,3.24696175793728,9.42317822480527,1.837098994362712,6.451977724214298,6.12050574242394,4.193255551103468,6.612336887273793,3.785800546646698,4.340095410558931,82.53672187565274,9.442351022087843,9.3713776341146,3127.017536070735,73408.11248759447,3.24696175793728,9.42317822480527,1.837098994362712,0.47243226212980466,High,2,1,1.2243205735705334,0.9155743978638234,0.7351942999443493,1.8516207702243794,0.5681489235682341,-1.2369487718527052,1.8226968660091545,-0.22914901677242944,0.08332295326461239,0.044545418704219096,1.5733239615731247,-2.5699753770791163,1.0642129526815685,2.6636874804643904,-1.8671987401035555,1.8150779933081982,0.6125530498969481
University of Cincinnati,No,6855,5553,2408,26,57,11036,2011,8907,4697,556,1851,89.0,95,10.8,6,13889,54,6.492160022542241,6.463567786845344,4.498967045991316,4.639999884647015,3.962525283732368,10.733841250466057,63.06764382136968,9.67619067674545,10.03706323361773,4400.82631344925,65897.48921732574,5.390861215980252,3.1721327255834275,1.8328139150010432,6.492160022542241,6.463567786845344,4.498967045991316,4.639999884647015,3.962525283732368,10.733841250466057,63.06764382136968,9.67619067674545,10.03706323361773,4400.82631344925,65897.48921732574,5.390861215980252,3.1721327255834275,1.8328139150010432,0.8100656455142232,Mid,1,0,1.2893564521120173,1.4899903965198695,1.5932656228117485,0.14524475095617614,1.5174905946073614,1.2318954518240166,-0.2691334998337089,0.16424031638708458,0.9010904851219897,1.1117561437041261,1.1638582779526243,-0.8185247945859512,-1.5915826153084158,1.149875567119474,0.4294828231660381,0.3581403891754813,-1.6325116659989423
University of Connecticut at Storrs,No,9735,7187,2064,23,63,12478,1660,11656,5072,700,2300,89.0,95,16.0,16,10178,71,6.672725497544287,6.602856497064378,4.45290909928634,4.417175042264962,3.978192915826783,10.368431521941325,69.44402105715075,10.194537490294326,10.416746076838082,4400.82631344925,65897.48921732574,7.038504105436441,5.900711370401069,1.8308989461683398,6.672725497544287,6.602856497064378,4.45290909928634,4.417175042264962,3.978192915826783,10.368431521941325,69.44402105715075,10.194537490294326,10.416746076838082,4400.82631344925,65897.48921732574,7.038504105436441,5.900711370401069,1.8308989461683398,0.7382639958911146,Mid,1,0,1.5816053972862658,1.7232125348561596,1.4639901329509781,-0.04753313995778422,1.6016550204767717,1.0907982421237532,0.41596825427537626,1.0362571162148249,1.3675153286527078,1.1117561437041261,1.1638582779526243,0.5275108544518977,-0.4323290036172367,0.4733647284727083,-0.05893311263015844,0.3581403891754813,-1.6325116659989423
University of Dallas,Yes,681,588,246,44,74,1058,73,10760,6230,500,1200,85.0,93,13.4,26,8731,63,5.180094699898522,5.13876078218646,3.690725337523394,5.668515457022506,3.5660260241056,5.207275550978722,67.48608784585522,9.442351022087843,9.297325805521908,4014.4961141771587,62329.492559452454,6.247023944018424,7.840523349237043,1.8298285385777848,5.180094699898522,5.13876078218646,3.690725337523394,5.668515457022506,3.5660260241056,5.207275550978722,67.48608784585522,9.442351022087843,9.297325805521908,4014.4961141771587,62329.492559452454,6.247023944018424,7.840523349237043,1.8298285385777848,0.8634361233480177,Mid,1,1,-0.8342483319032635,-0.7282390782420975,-0.6753079950566357,1.0350695150852658,-0.6124504419855001,-0.9021008229086369,0.20560060695993532,-0.22914901677242944,-0.007646689375954711,0.7880845382194887,0.9693375120855497,-0.11908588055207388,0.3918121831278882,0.09521636155754258,0.7925245083071198,0.3581403891754813,0.6125530498969481
University of Dayton,Yes,6361,5293,1507,26,51,5889,665,11380,4220,500,900,75.0,85,14.8,25,8894,93,6.453050506577987,6.437393210046734,4.355426447497608,4.639999884647015,3.875441321458775,8.706864767338805,68.85177795261305,9.442351022087843,8.819245343756174,3127.017536070735,49267.05353907696,6.680232225176779,7.666103609271758,1.829962422512366,6.453050506577987,6.437393210046734,4.355426447497608,4.639999884647015,3.875441321458775,8.706864767338805,68.85177795261305,9.442351022087843,8.819245343756174,3127.017536070735,49267.05353907696,6.680232225176779,7.666103609271758,1.829962422512366,0.8321018707750354,Mid,1,1,1.22605689395064,1.4461642259607494,1.1903757305626559,0.14524475095617614,1.0496871867265254,0.4492104175421469,0.3523354460561669,-0.22914901677242944,-0.5949489827396871,0.044545418704219096,0.25719681074029643,0.2348219920998793,0.31770887154146105,0.14251422422668306,0.5793797076898645,0.3581403891754813,0.6125530498969481
University of Delaware,Yes,14446,10516,3252,22,57,14130,4522,10220,4230,530,1300,75.0,87,18.3,15,10650,75,6.870415872762347,6.803843216654928,4.585618867241433,4.337922600177787,3.9936308753911236,12.346007717100637,66.25383703713331,9.570307072602095,9.432165418805424,3127.017536070735,52354.631663757325,7.695934006011985,5.67618042622164,1.8311986930541648,6.870415872762347,6.803843216654928,4.585618867241433,4.337922600177787,3.9936308753911236,12.346007717100637,66.25383703713331,9.570307072602095,9.432165418805424,3127.017536070735,52354.631663757325,7.695934006011985,5.67618042622164,1.8311986930541648,0.7279523743596843,Mid,1,1,1.9015713466346928,2.059740545248339,1.8364800394506586,-0.1160987382636973,1.684585676206881,1.8544081335001323,0.07320298377346605,-0.013888070295108445,0.1579982604829097,0.044545418704219096,0.4255260215207906,1.0645957340584027,-0.5277223720549751,0.5792578446676955,-0.12907579467556968,0.3581403891754813,0.6125530498969481
University of Denver,Yes,2974,2001,580,29,60,2666,554,15192,4695,400,1350,84.0,91,15.9,21,11762,67,6.043058007217844,5.886989423793615,4.0284901864035785,4.843751032487945,3.746959388856064,8.390698927647824,76.32700400349613,8.96107520321098,9.496020108486013,3920.713741190657,58884.14428434742,7.0090747632262,6.929932557777247,1.8318301918759952,6.043058007217844,5.886989423793615,4.0284901864035785,4.843751032487945,3.746959388856064,8.390698927647824,76.32700400349613,8.96107520321098,9.496020108486013,3920.713741190657,58884.14428434742,7.0090747632262,6.929932557777247,1.8318301918759952,0.6728312037659717,Mid,1,1,0.5624755782755502,0.5245794989826329,0.27273071314781616,0.32152095127645364,0.3594994144495422,0.3271279596857492,1.15550161556756,-1.0388011424180428,0.236441135041996,0.7095126551829224,0.781503315639944,0.5034686642441683,0.004942020606680277,0.8023506649084207,-0.5040262068043367,0.3581403891754813,0.6125530498969481
University of Detroit Mercy,Yes,927,731,415,24,50,2149,2217,11130,3996,600,2166,75.0,79,13.5,14,10891,51,5.368369184197639,5.276436158036233,3.901931935967972,4.493818501377219,3.707969810993261,10.921957493599344,68.3071252180306,9.845917647123215,10.311197618545238,3127.017536070735,40692.25666426344,6.278554485115751,5.444039108195632,1.8313439619149352,5.368369184197639,5.276436158036233,3.901931935967972,4.493818501377219,3.707969810993261,10.921957493599344,68.3071252180306,9.845917647123215,10.311197618545238,3127.017536070735,40692.25666426344,6.278554485115751,5.444039108195632,1.8313439619149352,0.7885652642934197,Mid,1,1,-0.5295221961953214,-0.4977182736381595,-0.08249310796137632,0.018775285270126344,0.150052612537252,1.3045335753697795,0.2938159246971027,0.4497726389260374,1.2378533646656307,0.044545418704219096,-0.21028570541136532,-0.09332712383236806,-0.6263490551654358,0.6305777184696573,0.28323090738060946,0.3581403891754813,0.6125530498969481
University of Dubuque,Yes,576,558,137,11,39,662,131,10430,3620,400,1500,85.0,98,16.5,18,8767,45,5.07609326928274,5.105332530781726,3.4335642646344304,3.2055940737410316,3.4592655426425227,6.065978084287668,66.73801386169808,8.96107520321098,9.675230393594894,4014.4961141771587,71483.10904926102,7.184542364269632,6.329553707860191,1.8298584381077676,5.07609326928274,5.105332530781726,3.4335642646344304,3.2055940737410316,3.4592655426425227,6.065978084287668,66.73801386169808,8.96107520321098,9.675230393594894,4014.4961141771587,71483.10904926102,7.184542364269632,6.329553707860191,1.8298584381077676,0.96875,Mid,1,1,-1.0025767922234354,-0.7842106516825832,-1.3971079459704356,-1.095737735489672,-1.185953481483404,-0.5705263683871301,0.1252247477849954,-1.0388011424180428,0.4565936404384389,0.7880845382194887,1.4683762334705521,0.646816259628484,-0.2501326687269887,0.10577912151392237,1.5089004674570707,0.3581403891754813,0.6125530498969481
University of Evansville,Yes,2096,1626,694,35,67,2551,407,11800,4340,700,960,60.0,81,15.8,26,7780,77,5.846557932865067,5.764639169704346,4.093684767072547,5.206477408178991,3.7391337083815492,7.868211321011239,69.74936547595105,10.194537490294326,8.925612058321176,2005.1172269621243,43437.61538665517,6.9795700655441655,7.840523349237043,1.8289628246313598,5.846557932865067,5.764639169704346,4.093684767072547,5.206477408178991,3.7391337083815492,7.868211321011239,69.74936547595105,10.194537490294326,8.925612058321176,2005.1172269621243,43437.61538665517,6.9795700655441655,7.840523349237043,1.8289628246313598,0.7757633587786259,Mid,1,1,0.24443615542569544,0.3197187615989919,0.4557189259362495,0.635335268105144,0.31746090472414457,0.12537760208846563,0.4487755975664263,1.0362571162148249,-0.4642818243896722,-0.8953947540471879,-0.06061368145330422,0.479364912667751,0.3918121831278882,-0.2106188342546954,0.1961485813504547,0.3581403891754813,0.6125530498969481
University of Florida,No,12445,8836,3623,54,85,24470,3286,7090,4180,630,1530,88.0,97,13.4,20,14737,66,6.796410277443031,6.712596543779327,4.6157926405027405,6.101723071962636,4.056991450228345,11.697309709094132,58.10176471123018,9.955518251301774,9.709069186992618,4302.5631252927,69589.80855298844,6.247023944018424,6.734949707633466,1.8331437424315624,6.796410277443031,6.712596543779327,4.6157926405027405,6.101723071962636,4.056991450228345,11.697309709094132,58.10176471123018,9.955518251301774,9.709069186992618,4302.5631252927,69589.80855298844,6.247023944018424,6.734949707633466,1.8331437424315624,0.7100040176777822,Low,0,0,1.7817917643595245,1.9069590015707838,1.921171815753443,1.4098609855660795,2.024950217051034,1.6039236178377583,-0.802686074163714,0.6341541487893395,0.49816321409084025,1.029430185416124,1.3651568927969056,-0.11908588055207388,-0.07789765626183243,1.2663953912642254,-0.25116579498628383,-1.0987972149572356,-1.6325116659989423
University of Georgia,No,11220,7871,3320,43,79,19553,2748,5697,3600,525,1755,88.0,95,14.7,22,7881,63,6.744497128531621,6.651351505084247,4.5914384553715895,5.621058572488037,4.032029248270948,11.341758943898606,53.69206424910569,9.549427133265993,9.944882670474689,4302.5631252927,65897.48921732574,6.649854000037834,7.12024725786717,1.8290623620888005,6.744497128531621,6.651351505084247,4.5914384553715895,5.621058572488037,4.032029248270948,11.341758943898606,53.69206424910569,9.549427133265993,9.944882670474689,4302.5631252927,65897.48921732574,6.649854000037834,7.12024725786717,1.8290623620888005,0.7015151515151515,Low,0,0,1.6977692622180636,1.804411574256008,1.8528144651065177,0.9940119830251011,1.890856603956204,1.4666332915007385,-1.2764807400037854,-0.04901447100702777,0.7878504335676628,1.029430185416124,1.1638582779526243,0.21000461555961872,0.08579840488433134,-0.1754547273199305,-0.30890955898659656,-1.0987972149572356,-1.6325116659989423
University of Hartford,Yes,5081,4040,1194,11,26,3768,1415,14220,6000,500,1440,61.0,76,10.7,9,10625,66,6.334263746265116,6.288283532795717,4.280128294573208,3.2055940737410316,3.805803599401354,10.068809924114925,74.55029499911223,9.442351022087843,9.605629639834593,2072.1143548522737,36780.940288277394,5.356382251004348,4.135322577728063,1.8311833333274457,6.334263746265116,6.288283532795717,4.280128294573208,3.2055940737410316,3.805803599401354,10.068809924114925,74.55029499911223,9.442351022087843,9.605629639834593,2072.1143548522737,36780.940288277394,5.356382251004348,4.135322577728063,1.8311833333274457,0.7951190710490061,Mid,1,1,1.0337980725911897,1.1964980633519433,0.979028801285381,-1.095737735489672,0.6756026498611364,0.9751040826115818,0.9646053730092705,-0.22914901677242944,0.37109196117654986,-0.8392638380900032,-0.42352364534226566,-0.8466922550814785,-1.18236541463741,0.5738316354121084,0.32781182824189004,0.3581403891754813,0.6125530498969481
University of Hawaii at Manoa,No,3580,2603,1627,36,69,11028,2411,4460,3038,687,1281,85.0,87,11.8,6,12833,54,6.145188327702073,6.03952986090342,4.379615158911169,5.262121851799814,3.9624315052805006,11.085041701525437,49.134257386519074,10.151775246117147,9.4073027395701,4014.4961141771587,52354.631663757325,5.728958206066383,3.1721327255834275,1.8323569798586383,6.145188327702073,6.03952986090342,4.379615158911169,5.262121851799814,3.9624315052805006,11.085041701525437,49.134257386519074,10.151775246117147,9.4073027395701,4014.4961141771587,52354.631663757325,5.728958206066383,3.1721327255834275,1.8323569798586383,0.7270949720670391,Low,0,0,0.727775608259053,0.7799900550108804,1.2582686294171987,0.683476302864234,1.5169868292959992,1.3675059728958405,-1.7661885099466064,0.9643180315206726,0.12745547594797701,0.7880845382194887,0.4255260215207906,-0.5423177327277025,-1.5915826153084158,0.9884517511719835,-0.13490809721059846,-1.0987972149572356,-1.6325116659989423
University of Illinois - Urbana,No,14939,11652,5705,52,88,25422,911,7560,4574,500,1982,87.0,90,17.4,13,8559,81,6.88696064559308,6.857096614252846,4.737180405457625,6.020464589265005,4.0611175673702,9.263744652122154,59.45974658203725,9.442351022087843,10.155952028886263,4205.420538622495,57206.93660181433,7.4429419900118345,5.2034945525684675,1.8296830170509981,6.88696064559308,6.857096614252846,4.737180405457625,6.020464589265005,4.0611175673702,9.263744652122154,59.45974658203725,9.442351022087843,10.155952028886263,4205.420538622495,57206.93660181433,7.4429419900118345,5.2034945525684675,1.8296830170509981,0.7799718856683847,Low,0,0,1.9283494026715642,2.148906933837397,2.261883113158097,1.3395598524165766,2.0471151669440006,0.6642408115011756,-0.6567794366897636,-0.22914901677242944,1.0471405074520714,0.9480430791331619,0.6900649668386472,0.8579148600429469,-0.7285459060471434,0.04380722713906995,0.22477621887653546,-1.0987972149572356,-1.6325116659989423
University of Illinois at Chicago,No,8384,5727,2710,22,50,13518,2916,7230,5088,630,3228,82.0,84,10.0,6,13883,34,6.596382461501407,6.480362241759331,4.533526236482856,4.337922600177787,3.988181309838753,11.45915237838533,58.51230009441006,9.955518251301774,11.021577831426384,3736.5073126492257,47766.80550904597,5.111366001999691,3.1721327255834275,1.832811471113851,6.596382461501407,6.480362241759331,4.533526236482856,4.337922600177787,3.988181309838753,11.45915237838533,58.51230009441006,9.955518251301774,11.021577831426384,3736.5073126492257,47766.80550904597,5.111366001999691,3.1721327255834275,1.832811471113851,0.6830868320610687,Low,0,0,1.458042618993912,1.518110684812246,1.690266392485721,-0.1160987382636973,1.6553113383114624,1.511962916713731,-0.7585766212972657,0.6341541487893395,2.1105264010085207,0.5551825236557095,0.17540598418550252,-1.0468573563083918,-1.5915826153084158,1.1490122025854412,-0.43426440721866766,-1.0987972149572356,-1.6325116659989423
University of Indianapolis,Yes,1487,1276,388,26,51,1417,1646,11120,4080,525,1405,55.0,56,11.1,23,6735,69,5.648816538798747,5.619471653829395,3.8757008265474924,4.639999884647015,3.627227038022599,10.352436161502267,68.28517268451164,9.549427133265993,9.563778476010622,1686.8014102927957,16606.132242389616,5.493547832248623,7.306201546172464,1.8278009892712455,5.648816538798747,5.619471653829395,3.8757008265474924,4.639999884647015,3.627227038022599,10.352436161502267,68.28517268451164,9.549427133265993,9.563778476010622,1686.8014102927957,16606.132242389616,5.493547832248623,7.306201546172464,1.8278009892712455,0.8581035642232683,Mid,1,1,-0.07561236898082495,0.07665327254331868,-0.15611861153940693,0.14524475095617614,-0.2836867738121685,1.084621885694457,0.2914572626128412,-0.04901447100702777,0.31967951816857043,-1.162083176610684,-1.5234179245724684,-0.7346353504225267,0.16480224108923644,-0.6210663571686103,0.7562508729690149,0.3581403891754813,0.6125530498969481
University of Kansas,No,8579,5561,3681,25,50,17880,1673,6994,3384,700,2681,88.0,94,13.7,17,9657,57,6.608185942842059,6.464352226039775,4.620185749136291,4.568038251472815,4.021727592867984,10.383174385357334,57.81716729707706,10.194537490294326,10.68839367157268,4302.5631252927,64098.054902977776,6.341334969722225,6.118308313178587,1.8305421481230941,6.608185942842059,6.464352226039775,4.620185749136291,4.568038251472815,4.021727592867984,10.383174385357334,57.81716729707706,10.194537490294326,10.68839367157268,4302.5631252927,64098.054902977776,6.341334969722225,6.118308313178587,1.8305421481230941,0.6482107471733303,Low,0,0,1.4771467969722905,1.4913038452985423,1.9335023973629888,0.08298682799864276,1.835517487791735,1.0964909665604814,-0.8332642818891117,1.0362571162148249,1.7012232881562848,1.029430185416124,1.0657563528339236,-0.042038843535126456,-0.3398815888114029,0.3473168572517793,-0.671501792804724,-1.0987972149572356,-1.6325116659989423
University of La Verne,Yes,1597,969,226,16,38,1431,1522,13540,5050,630,2298,75.0,68,14.1,23,10139,47,5.690336546056994,5.451649755272451,3.654862342327984,3.793745093657405,3.62921925296415,10.205070499100323,73.2593329309897,9.955518251301774,10.415213076154641,3127.017536070735,27520.52043115919,6.465798760875629,7.306201546172464,1.8308732202050755,5.690336546056994,5.451649755272451,3.654862342327984,3.793745093657405,3.62921925296415,10.205070499100323,73.2593329309897,9.955518251301774,10.415213076154641,3127.017536070735,27520.52043115919,6.465798760875629,7.306201546172464,1.8308732202050755,0.606762680025047,Mid,1,1,-0.008411380947469065,-0.20434424677865815,-0.7759682850486828,-0.5868962977653778,-0.2729848613755156,1.0277189568794733,0.8258995931197131,0.6341541487893395,1.36563210001419,0.044545418704219096,-0.9283850943804479,0.05964138157856781,0.16480224108923644,0.464276385787579,-0.9534437343817472,0.3581403891754813,0.6125530498969481
University of Louisville,No,4777,3057,1823,16,33,9844,6198,6540,3600,530,2440,84.0,92,11.1,24,10207,31,6.301300742367556,6.1313972466672695,4.414997009670138,3.793745093657405,3.9475579943394217,13.004291339644183,56.43530346610693,9.570307072602095,10.521101852719955,3920.713741190657,60591.59251052614,5.493547832248623,7.488071014907595,1.8309179773771653,6.301300742367556,6.1313972466672695,4.414997009670138,3.793745093657405,3.9475579943394217,13.004291339644183,56.43530346610693,9.570307072602095,10.521101852719955,3920.713741190657,60591.59251052614,5.493547832248623,7.488071014907595,1.8309179773771653,0.6399413858069918,Low,0,0,0.9804467709720546,0.9338109075230321,1.3575784427344355,-0.5868962977653778,1.4370883161400412,2.108593983196221,-0.9817368862427296,-0.013888070295108445,1.495712131079676,0.7095126551829224,0.8745903245365926,-0.7346353504225267,0.24207061628816592,0.48008798099940114,-0.7277524206298158,-1.0987972149572356,-1.6325116659989423
University of Maine at Farmington,No,1208,803,438,20,48,1906,344,6810,3970,450,1647,67.0,75,15.9,26,5712,59,5.526685994124625,5.335214560826528,3.9227691155536033,4.170730633321285,3.685455625545891,7.589172536854322,57.26443231932134,9.213393432273651,9.83542253120484,2497.466346891243,35531.398971011564,7.0090747632262,7.840523349237043,1.8263578634935702,5.526685994124625,5.335214560826528,3.9227691155536033,4.170730633321285,3.685455625545891,7.589172536854322,57.26443231932134,9.213393432273651,9.83542253120484,2497.466346891243,35531.398971011564,7.0090747632262,7.840523349237043,1.8263578634935702,0.6647350993377483,Low,0,0,-0.27328317428933774,-0.3993009305154649,-0.024007291919595865,-0.26074560260699386,0.02910941699394846,0.01763117179595542,-0.8926521896014928,-0.6143252338289236,0.653383129491561,-0.48289935398096173,-0.4916463924532397,0.5034686642441683,0.3918121831278882,-1.130886785289947,-0.5590982899858604,-1.0987972149572356,-1.6325116659989423
University of Maine at Machias,No,441,369,172,17,45,633,317,6600,3680,600,400,46.0,46,15.1,4,5935,64,4.907620037011816,4.837103913714555,3.536211389562006,3.894175451333956,3.4484827708778703,7.455037320095249,56.62147033840605,9.845917647123215,7.525479560116736,1183.7172790157958,9971.377891786939,6.770871990413645,2.3994070378288304,1.8267049275572713,4.907620037011816,4.837103913714555,3.536211389562006,3.894175451333956,3.4484827708778703,7.455037320095249,56.62147033840605,9.845917647123215,7.525479560116736,1183.7172790157958,9971.377891786939,6.770871990413645,2.3994070378288304,1.8267049275572713,0.8367346938775511,Low,0,0,-1.2752541931535728,-1.233327105823193,-1.108997895324639,-0.5000085327852752,-1.243877090448947,-0.034163028877506746,-0.9617344230801961,0.4497726389260374,-2.184287331771188,-1.5835724849046677,-1.8851328086857293,0.3088698067143141,-1.9198799308640517,-1.0082776875391843,0.6108935328299653,-1.0987972149572356,-1.6325116659989423
University of Maine at Presque Isle,No,461,381,235,10,40,974,503,6600,3630,400,1675,67.0,67,15.2,11,6408,35,4.935822933477791,4.858130156416085,3.6714353055097564,3.0648578681207974,3.5479750789324744,8.225534479954367,56.62147033840605,8.96107520321098,9.864425421132063,2497.466346891243,26478.47386189595,6.800922726023767,4.693250809609002,1.8273785298364282,4.935822933477791,4.858130156416085,3.6714353055097564,3.0648578681207974,3.5479750789324744,8.225534479954367,56.62147033840605,8.96107520321098,9.864425421132063,2497.466346891243,26478.47386189595,6.800922726023767,4.693250809609002,1.8273785298364282,0.8264642082429501,Low,0,0,-1.2296072235823068,-1.1981211994987153,-0.7294512757800803,-1.2174962818199055,-0.7094177072200417,0.26335231034735307,-0.9617344230801961,-1.0388011424180428,0.6890119935231996,-0.48289935398096173,-0.9851956007117693,0.3334196419182193,-0.9453261344609437,-0.7703107634804228,0.54103066925182,-1.0987972149572356,-1.6325116659989423
University of Maryland at Baltimore County,No,4269,2594,985,27,57,6476,2592,8594,4408,494,2768,82.0,88,18.4,6,7618,55,6.240843629322417,6.037539314520138,4.215799972785725,4.709852044651068,3.889398737559654,11.226723319010183,62.263094723994236,9.415959259964161,10.745376747254573,3736.5073126492257,53942.39364317825,7.723726362558781,3.1721327255834275,1.8287989378742266,6.240843629322417,6.037539314520138,4.215799972785725,4.709852044651068,3.889398737559654,11.226723319010183,62.263094723994236,9.415959259964161,10.745376747254573,3736.5073126492257,53942.39364317825,7.723726362558781,3.1721327255834275,1.8287989378742266,0.6076364488170531,Low,0,0,0.882595686674118,0.7766571252763991,0.7984720047727906,0.20567765393688317,1.1246645608231334,1.4222140973172315,-0.3555772558250807,-0.2735479777525145,1.7712246659730886,0.5551825236557095,0.5120879513281108,1.0873005949977204,-1.5915826153084158,-0.26851594757468455,-0.9475001021050891,-1.0987972149572356,-1.6325116659989423
University of Maryland at College Park,No,14292,10315,3409,22,53,19340,3991,8723,5146,550,1550,89.0,92,18.1,12,9021,63,6.865123201667005,6.793781461019722,4.598850367504849,4.337922600177787,4.030778592284977,12.090092971156382,62.59697640678984,9.65214536925229,9.731288635455384,4400.82631344925,60591.59251052614,7.640161914235766,4.953607358725779,1.8300641416991585,6.865123201667005,6.793781461019722,4.598850367504849,4.337922600177787,4.030778592284977,12.090092971156382,62.59697640678984,9.65214536925229,9.731288635455384,4400.82631344925,60591.59251052614,7.640161914235766,4.953607358725779,1.8300641416991585,0.7217324377273999,Low,0,0,1.893005049313733,2.0428933495138826,1.8736182273317372,-0.1160987382636973,1.8841382471308021,1.7555906862480617,-0.31970376244633714,0.12378880488361321,0.5254588977321721,1.1117561437041261,0.8745903245365926,1.0190329338711737,-0.8347120348951067,0.17844908185373703,-0.17138563277534075,-1.0987972149572356,-1.6325116659989423
University of Massachusetts at Amherst,No,14438,12414,3816,12,39,16282,1940,8566,3897,500,1400,88.0,92,16.7,15,10276,68,6.870142423514777,6.889791338050975,4.630108396262967,3.3372059894156245,4.01072589775663,10.664905388881301,62.190190078851366,9.442351022087843,9.557721089085858,4302.5631252927,60591.59251052614,7.24245169433793,5.67618042622164,1.830962925088686,6.870142423514777,6.889791338050975,4.630108396262967,3.3372059894156245,4.01072589775663,10.664905388881301,62.190190078851366,9.442351022087843,9.557721089085858,4302.5631252927,60591.59251052614,7.24245169433793,5.67618042622164,1.830962925088686,0.8598143787228147,Low,0,0,1.9011287633880336,2.203650303809905,1.9613532930234776,-0.9818731086748947,1.7764178518634992,1.2052769549461093,-0.36341040283366766,-0.22914901677242944,0.3122382660840021,1.029430185416124,0.8745903245365926,0.6941250685837765,-0.5277223720549751,0.4959668890509896,0.7678883363024585,-1.0987972149572356,-1.6325116659989423
University of Massachusetts at Dartmouth,No,3347,2597,1006,10,37,4664,1630,6919,4500,500,1250,74.0,90,15.0,20,7462,56,6.1082875564833135,6.038203649952297,4.222946755683148,3.0648578681207974,3.839923872806063,10.334002844137082,57.593034845903674,9.442351022087843,9.365994585919545,3044.4176772221554,57206.93660181433,6.74074047959393,6.734949707633466,1.828635959336566,6.1082875564833135,6.038203649952297,4.222946755683148,3.0648578681207974,3.839923872806063,10.334002844137082,57.593034845903674,9.442351022087843,9.365994585919545,3044.4176772221554,57206.93660181433,6.74074047959393,6.734949707633466,1.828635959336566,0.775918733193905,Low,0,0,0.668050949020201,0.777769474797168,0.8185316019995404,-1.2174962818199055,0.8588921989333536,1.0775041506077434,-0.8573459084575638,-0.22914901677242944,0.07671009872843897,-0.024657633443134833,0.6900649668386472,0.28425398250735084,-0.07789765626183243,-0.3260922095541531,0.19720548381489222,-1.0987972149572356,-1.6325116659989423
University of Miami,Yes,7122,5386,1643,42,69,7760,876,16500,6526,630,1985,82.0,94,5.9,17,17500,59,6.512057514926921,6.446910675460117,4.382683941891946,5.572727488079942,3.915177440622237,9.193597504072587,78.60369213563342,9.955518251301774,10.158588462808925,3736.5073126492257,64098.054902977776,3.512456060586505,6.118308313178587,1.8340422783592585,6.512057514926921,6.446910675460117,4.382683941891946,5.572727488079942,3.915177440622237,9.193597504072587,78.60369213563342,9.955518251301774,10.158588462808925,3736.5073126492257,64098.054902977776,3.512456060586505,6.118308313178587,1.8340422783592585,0.7562482448750351,High,2,1,1.3215609538916042,1.4621000733941876,1.266882092489218,0.9521981331052524,1.2631443087420122,0.637154595438498,1.400117480534579,0.6341541487893395,1.050379258693573,0.5551825236557095,1.0657563528339236,-2.3530808071033067,-0.3398815888114029,1.5838257763539836,0.06340103767390842,1.8150779933081982,0.6125530498969481
University of Michigan at Ann Arbor,No,19152,12940,4893,66,92,22045,1339,15732,4659,476,1600,75.0,98,11.5,26,14847,87,7.008180434956707,6.911130735936924,4.697092884856932,6.544812904998639,4.0455309744664545,9.966185424108174,77.28194972858581,9.335071721709623,9.785696442692036,3127.017536070735,71483.10904926102,5.628767251036452,7.840523349237043,1.8331843856036354,7.008180434956707,6.911130735936924,4.697092884856932,6.544812904998639,4.0455309744664545,9.966185424108174,77.28194972858581,9.335071721709623,9.785696442692036,3127.017536070735,71483.10904926102,5.628767251036452,7.840523349237043,1.8331843856036354,0.6756474519632414,High,2,0,2.1245461317271235,2.2393805507046007,2.1493654211264976,1.793202100429937,1.9633860727772043,0.9354772487659218,1.2581045462201998,-0.4096253884956128,0.5922966635947635,0.044545418704219096,1.4683762334705521,-0.6241683558478293,0.3918121831278882,1.280753612638271,-0.4848692583787239,1.8150779933081982,-1.6325116659989423
University of Minnesota at Duluth,No,4192,3126,1656,15,45,5887,1254,8828,3474,753,2610,79.0,91,19.0,11,6393,53,6.231009258330768,6.144069957512842,4.38515200100932,3.6884527234691826,3.8753909012745904,9.844904401315976,62.866353819546056,10.362002709969484,10.640606215795708,3468.58928429813,58884.14428434742,7.889197441801203,4.693250809609002,1.8273583548479455,6.231009258330768,6.144069957512842,4.38515200100932,3.6884527234691826,3.8753909012745904,9.844904401315976,62.866353819546056,10.362002709969484,10.640606215795708,3468.58928429813,58884.14428434742,7.889197441801203,4.693250809609002,1.8273583548479455,0.745706106870229,Mid,1,0,0.8666785544054535,0.9550298327128363,1.2738094432338714,-0.6779904542213022,1.0494163362349795,0.8886464925770783,-0.2907608484416511,1.3179844870146287,1.6425183532836571,0.3307179114196808,0.781503315639944,1.2224815695707842,-0.9453261344609437,-0.777438084899471,-0.008309685212503809,0.3581403891754813,-1.6325116659989423
University of Minnesota at Morris,No,1458,874,588,56,86,1846,154,9843,3180,600,1500,74.0,78,14.6,16,6716,51,5.637320072822169,5.387900788148052,4.033531259397096,6.180642261153285,3.6793537267147616,6.311967392847894,65.36795983364998,9.845917647123215,9.675230393594894,3044.4176772221554,39361.14463169006,6.61939203611697,5.900711370401069,1.8277773137170885,5.637320072822169,5.387900788148052,4.033531259397096,6.180642261153285,3.6793537267147616,6.311967392847894,65.36795983364998,9.845917647123215,9.675230393594894,3044.4176772221554,39361.14463169006,6.61939203611697,5.900711370401069,1.8277773137170885,0.5994513031550068,Mid,1,0,-0.09421963626073322,-0.3110842001180395,0.2868800017566903,1.4781382686650963,-0.0036691681004957194,-0.47554147240728517,-0.02197896729209664,0.4497726389260374,0.4565936404384389,-0.024657633443134833,-0.2828555413330692,0.18511882893705714,-0.4323290036172367,-0.6294303413361905,-1.0031778699438643,0.3581403891754813,-1.6325116659989423
University of Minnesota Twin Cities,No,11054,6397,3524,26,55,16502,21836,8949,3744,714,2910,88.0,90,12.2,37,16122,45,6.736996964998407,6.540287060506763,4.608102850710406,4.639999884647015,4.012316985863148,15.819229218185885,63.1741815249253,10.239821095808429,10.834913182581014,4302.5631252927,57206.93660181433,5.860981033586721,9.56813346581784,1.8336238607388846,6.736996964998407,6.540287060506763,4.608102850710406,4.639999884647015,4.012316985863148,15.819229218185885,63.1741815249253,10.239821095808429,10.834913182581014,4302.5631252927,57206.93660181433,5.860981033586721,9.56813346581784,1.8336238607388846,0.5787045413425005,Mid,1,0,1.685630092860293,1.6184475631257398,1.8995881062429403,0.14524475095617614,1.784964964546881,3.195537896116512,-0.2576866915778967,1.112437896597583,1.8812165146518982,1.029430185416124,0.6900649668386472,-0.43446218134192693,1.1257980885897985,1.4360092425130089,-1.1443034448935359,0.3581403891754813,-1.6325116659989423
University of Mississippi,No,3844,3383,1669,26,47,7524,804,4916,3810,600,550,75.0,86,20.3,14,6971,53,6.184003667958488,6.188769737819246,4.387597765055194,4.639999884647015,3.9108479906951823,9.040861149962529,50.90105807206091,9.845917647123215,8.024199890786795,3127.017536070735,50796.25679590814,8.240522013527427,5.444039108195632,1.828086723938611,6.184003667958488,6.188769737819246,4.387597765055194,4.639999884647015,3.9108479906951823,9.040861149962529,50.90105807206091,9.845917647123215,8.024199890786795,3127.017536070735,50796.25679590814,8.240522013527427,5.444039108195632,1.828086723938611,0.8800728407908429,Low,0,0,0.7905990369703746,1.0298742212481917,1.280674216150029,0.14524475095617614,1.2398870822993002,0.5781778586347817,-1.5763568541227528,0.4497726389260374,-1.5716298036474603,0.044545418704219096,0.3405662242258264,1.5094948543988653,-0.6263490551654358,-0.5201234090909705,0.9056923527935123,-1.0987972149572356,-1.6325116659989423
University of Missouri at Columbia,No,6574,4637,2940,32,62,14782,1583,9057,3485,600,1983,87.0,87,12.7,15,10145,58,6.470299885841779,6.364710851537401,4.556984607594294,5.0317442595355875,3.999128601070888,10.278882790943818,63.446635702642304,9.845917647123215,10.15683125066091,4205.420538622495,52354.631663757325,6.023602095364745,5.67618042622164,1.8308771879719643,6.470299885841779,6.364710851537401,4.556984607594294,5.0317442595355875,3.999128601070888,10.278882790943818,63.446635702642304,9.845917647123215,10.15683125066091,4205.420538622495,52354.631663757325,6.023602095364745,5.67618042622164,1.8308771879719643,0.7053544265287496,Mid,1,0,1.2539753700308363,1.3244663866727306,1.7561093714659213,0.48416411722208674,1.7141187238707862,1.0562204104744448,-0.22841319846948563,0.4497726389260374,1.0482205954412727,0.9480430791331619,0.4255260215207906,-0.3016095177954872,-0.5277223720549751,0.4656780990999172,-0.2827936813098539,0.3581403891754813,-1.6325116659989423
University of Missouri at Rolla,No,1877,1826,823,49,77,3926,561,9057,3600,700,1435,88.0,88,14.4,23,9699,49,5.78352750971613,5.833250660318079,4.153967274885715,5.8938321544801,3.8124982481705394,8.412275718370557,63.446635702642304,10.194537490294326,9.599708962212752,4302.5631252927,53942.39364317825,6.558213800428661,7.306201546172464,1.830572002922347,5.78352750971613,5.833250660318079,4.153967274885715,5.8938321544801,3.8124982481705394,8.412275718370557,63.446635702642304,10.194537490294326,9.599708962212752,4302.5631252927,53942.39364317825,6.558213800428661,7.306201546172464,1.830572002922347,0.9728289824187534,Mid,1,0,0.14242011565422455,0.4346004237969688,0.6249199278285246,1.23000324536072,0.7115654084107652,0.33545949748457965,-0.22841319846948563,1.0362571162148249,0.3638186508790911,1.029430185416124,0.5120879513281108,0.13513949985508442,0.16480224108923644,0.3578638149542765,1.5366469053956007,0.3581403891754813,-1.6325116659989423
University of Missouri at Saint Louis,No,1618,1141,479,18,54,4793,4552,7246,3964,500,4288,71.0,73,13.4,15,6433,48,5.69791359798251,5.551670443927117,3.9569563755690553,3.9902206092359616,3.8441734997944743,12.359631568607954,58.55888485885024,9.442351022087843,11.540010290017179,2803.316583884286,33112.30773484874,6.247023944018424,5.67618042622164,1.8274119934639532,5.69791359798251,5.551670443927117,3.9569563755690553,3.9902206092359616,3.8441734997944743,12.359631568607954,58.55888485885024,9.442351022087843,11.540010290017179,2803.316583884286,33112.30773484874,6.247023944018424,5.67618042622164,1.8274119934639532,0.7051915945611866,Low,0,0,0.003852233858947696,-0.03687167237383265,0.07194954293030878,-0.41691464264756517,0.8817206272168003,1.859668769118166,-0.7535713804445703,-0.22914901677242944,2.7473994720393335,-0.22665472844581655,-0.6235308993858222,-0.11908588055207388,-0.5277223720549751,-0.7584888965474067,-0.2839013122380045,-1.0987972149572356,-1.6325116659989423
University of Mobile,Yes,452,331,269,17,54,1417,301,6150,3680,550,1200,59.0,63,16.6,4,5412,52,4.923297200523148,4.765361183890935,3.7280298430721417,3.894175451333956,3.627227038022599,7.37054949199363,55.19699128954545,9.65214536925229,9.297325805521908,1939.231936198742,22556.828963349828,7.213532579413107,2.3994070378288304,1.8258565595030827,4.923297200523148,4.765361183890935,3.7280298430721417,3.894175451333956,3.627227038022599,7.37054949199363,55.19699128954545,9.65214536925229,9.297325805521908,1939.231936198742,22556.828963349828,7.213532579413107,2.3994070378288304,1.8258565595030827,0.7323008849557522,Low,0,1,-1.2498803806932506,-1.3534516502549414,-0.5706016723949017,-0.5000085327852752,-0.2836867738121685,-0.06678667260725231,-1.1147857653987927,0.12378880488361321,-0.007646689375954711,-0.9505941608742655,-1.1989966331316235,0.6704997066339655,-1.9198799308640517,-1.307985011240147,-0.09949594681348622,-1.0987972149572356,0.6125530498969481
University of Montevallo,No,1351,892,570,18,78,2385,331,4440,3030,300,600,72.0,72,18.9,8,5883,51,5.592672310346558,5.40053157044453,4.022074750132744,3.9902206092359616,3.727045097190255,7.525834714363311,49.054102484152104,8.360621760581918,8.162552350641706,2882.5675146975664,31942.302495605825,7.861769460596532,3.8339176338051995,1.8266258146756826,5.592672310346558,5.40053157044453,4.022074750132744,3.9902206092359616,3.727045097190255,7.525834714363311,49.054102484152104,8.360621760581918,8.162552350641706,2882.5675146975664,31942.302495605825,7.861769460596532,3.8339176338051995,1.8266258146756826,0.6602516654330126,Low,0,0,-0.16648296061850335,-0.28993547922449076,0.2547238603479053,-0.41691464264756517,0.25252250086434763,-0.006825730482078455,-1.7748006516348211,-2.0489462340837274,-1.4016694654541817,-0.16025744430696973,-0.6873174824544503,1.2000743836939878,-1.310419180097965,-1.0362263000478105,-0.589595925871055,-1.0987972149572356,-1.6325116659989423
University of Nebraska at Lincoln,No,6277,6003,3526,33,63,16454,3171,5595,3145,500,2070,86.0,92,15.1,48,6813,53,6.446076755648661,6.505912468121204,4.608260661587782,5.091356782638988,4.011972054528199,11.626031320850892,53.34244378515159,9.442351022087843,10.23179416875899,4109.398290283845,60591.59251052614,6.770871990413645,11.044582378144527,1.8278971144336713,6.446076755648661,6.505912468121204,4.608260661587782,5.091356782638988,4.011972054528199,11.626031320850892,53.34244378515159,9.442351022087843,10.23179416875899,4109.398290283845,60591.59251052614,6.770871990413645,11.044582378144527,1.8278971144336713,0.9563485741596304,Low,0,0,1.214769734248707,1.5608914559007419,1.9000310499679154,0.5357381533712033,1.7831120395103859,1.5764005911967953,-1.3140452667358755,-0.22914901677242944,1.1403094742748394,0.8675946043813189,0.8745903245365926,0.3088698067143141,1.753076593954856,-0.5871077291548228,1.4245423219433517,-1.0987972149572356,-1.6325116659989423
University of New England,Yes,1209,750,265,19,54,820,159,11450,5045,900,2500,75.0,75,11.4,13,9718,64,5.527176014542804,5.2925291191473995,3.721812332375164,4.08228841706668,3.5093586311103677,6.3609924314865,69.002869895736,10.777792596683675,10.56413657721219,3127.017536070735,35531.398971011564,5.595139884147383,5.2034945525684675,1.8305854432462205,5.527176014542804,5.2925291191473995,3.721812332375164,4.08228841706668,3.5093586311103677,6.3609924314865,69.002869895736,10.777792596683675,10.56413657721219,3127.017536070735,35531.398971011564,5.595139884147383,5.2034945525684675,1.8305854432462205,0.6203473945409429,Mid,1,1,-0.272490066136602,-0.4707725520746035,-0.5880529875005208,-0.337261774390416,-0.9168601044168896,-0.4566112261183258,0.36856932799847375,2.0174693819460012,1.5485785299599362,0.044545418704219096,-0.4916463924532397,-0.6516401064957508,-0.7285459060471434,0.3626119469448086,-0.8610365113216508,0.3581403891754813,0.6125530498969481
University of New Hampshire,No,9750,7640,2529,24,62,10358,1338,11180,3862,650,2450,89.0,87,17.5,16,7855,75,6.673507878946426,6.635495985961255,4.513384893924595,4.493818501377219,3.9542692202673577,9.964799974329043,68.41669396221715,10.026082431745259,10.52834191116531,4400.82631344925,52354.631663757325,7.471312348698436,5.900711370401069,1.8290369273442744,6.673507878946426,6.635495985961255,4.513384893924595,4.493818501377219,3.9542692202673577,9.964799974329043,68.41669396221715,10.026082431745259,10.52834191116531,4400.82631344925,52354.631663757325,7.471312348698436,5.900711370401069,1.8290369273442744,0.7835897435897435,Mid,1,0,1.5828716977210322,1.777863420651302,1.6337336524929627,0.018775285270126344,1.4731401249711917,0.9349422791612417,0.3055883992640874,0.7528645357434074,1.504606246754974,1.1117561437041261,0.4255260215207906,0.8810919176520503,-0.4323290036172367,-0.18444018967120332,0.24938595237866734,0.3581403891754813,-1.6325116659989423
University of North Carolina at Asheville,No,1757,979,394,32,74,2033,1078,5972,3420,600,750,77.0,83,13.0,11,7011,37,5.745548865206648,5.457968017413619,3.881708266046231,5.0317442595355875,3.6976320537106657,9.56785604889036,54.61463024459769,9.845917647123215,8.52150081906591,3295.568346309384,46295.29542396985,6.119944455137463,4.693250809609002,1.8281336781960278,5.745548865206648,5.457968017413619,3.881708266046231,5.0317442595355875,3.6976320537106657,9.56785604889036,54.61463024459769,9.845917647123215,8.52150081906591,3295.568346309384,46295.29542396985,6.119944455137463,4.693250809609002,1.8281336781960278,0.5571997723392146,Low,0,0,0.08095089626486941,-0.19376507920064584,-0.13925692447847524,0.48416411722208674,0.09451956189987437,0.7816686361386885,-1.1773568082755617,0.4497726389260374,-0.960715953306189,0.18575910445405372,0.09518189874570733,-0.2229029900664657,-0.9453261344609437,-0.5035356383029369,-1.290585207665746,-1.0987972149572356,-1.6325116659989423
University of North Carolina at Chapel Hill,No,14596,5985,3331,75,92,14609,1100,8400,4200,550,1200,88.0,93,8.9,23,15893,83,6.875513154976641,6.504284830923062,4.592366901702076,6.836931732934785,3.9976990982061182,9.604656670637274,61.75472188110785,9.65214536925229,9.297325805521908,4302.5631252927,62329.492559452454,4.712269889220786,7.306201546172464,1.8335489505130815,6.875513154976641,6.504284830923062,4.592366901702076,6.836931732934785,3.9976990982061182,9.604656670637274,61.75472188110785,9.65214536925229,9.297325805521908,4302.5631252927,62329.492559452454,4.712269889220786,7.306201546172464,1.8335489505130815,0.41004384762948753,Low,0,0,1.9098214030220833,1.5581661738072434,1.8554204291750396,2.045929987248018,1.7064396255126553,0.7958786164385784,-0.41019873029626974,0.12378880488361321,-0.007646689375954711,1.029430185416124,0.9693375120855497,-1.3728974215619376,0.16480224108923644,1.4095453237192392,-2.291583082398756,-1.0987972149572356,-1.6325116659989423
University of North Carolina at Charlotte,No,5803,4441,1730,19,62,10099,3255,7248,3109,600,1900,79.0,91,16.8,7,6227,62,6.404747278856502,6.340841118440372,4.398787147715565,4.08228841706668,3.950939566099196,11.67832278169973,58.56470320145071,9.845917647123215,10.082419374579551,3468.58928429813,58884.14428434742,7.271300283648758,3.5140781476818708,1.827130101508518,6.404747278856502,6.340841118440372,4.398787147715565,4.08228841706668,3.950939566099196,11.67832278169973,58.56470320145071,9.845917647123215,10.082419374579551,3468.58928429813,58884.14428434742,7.271300283648758,3.5140781476818708,1.827130101508518,0.7652938135447183,Low,0,0,1.14787712370411,1.2844993987836806,1.3120805863454847,-0.337261774390416,1.4552536677376877,1.5965921149602966,-0.752946236013149,0.4497726389260374,0.9568086491871414,0.3307179114196808,0.781503315639944,0.7176928148990249,-1.4463049754933548,-0.8580743101178573,0.12493165583940233,-1.0987972149572356,-1.6325116659989423
University of North Carolina at Greensboro,No,5191,4134,1500,15,44,7532,1847,8677,3505,600,1300,75.0,94,15.5,17,7392,53,6.345672337489976,6.301089628931348,4.353947230325679,3.6884527234691826,3.9109974505907683,10.571035319096321,62.47829226488381,9.845917647123215,9.432165418805424,3127.017536070735,64098.054902977776,6.890597360271821,6.118308313178587,1.8285611089264358,6.345672337489976,6.301089628931348,4.353947230325679,3.6884527234691826,3.9109974505907683,10.571035319096321,62.47829226488381,9.845917647123215,9.432165418805424,3127.017536070735,64098.054902977776,6.890597360271821,6.118308313178587,1.8285611089264358,0.7963783471392796,Low,0,0,1.0522631127731603,1.2179403261153463,1.186223862357664,-0.6779904542213022,1.2406899608853363,1.1690305064059925,-0.3324556293447505,0.4497726389260374,0.1579982604829097,0.044545418704219096,1.0657563528339236,0.40667899640865135,-0.3398815888114029,-0.3525349969590879,0.3363777945293655,-1.0987972149572356,-1.6325116659989423
University of North Carolina at Wilmington,No,6071,3856,1449,15,67,6635,1145,7558,3680,500,1500,82.0,85,19.1,15,6005,55,6.42854137940983,6.262266730847182,4.342923362412765,3.6884527234691826,3.8929153444387894,9.677882670177594,59.45408714153786,9.442351022087843,9.675230393594894,3736.5073126492257,49267.05353907696,7.916566217876475,5.67618042622164,1.8268097531043141,6.42854137940983,6.262266730847182,4.342923362412765,3.6884527234691826,3.8929153444387894,9.677882670177594,59.45408714153786,9.442351022087843,9.675230393594894,3736.5073126492257,49267.05353907696,7.916566217876475,5.67618042622164,1.8268097531043141,0.6351507165211662,Low,0,0,1.186388366166166,1.1529360677417648,1.1552820591172606,-0.6779904542213022,1.1435553030365881,0.8241536824976162,-0.6573875080867393,-0.22914901677242944,0.4565936404384389,0.5551825236557095,0.25719681074029643,1.2448403880402457,-0.5277223720549751,-0.9712454301308799,-0.7603399619273846,-1.0987972149572356,-1.6325116659989423
University of North Dakota,No,2777,2249,1652,20,54,8334,1435,5634,2703,450,1200,97.0,97,15.9,16,9424,49,6.00496180566096,5.955097898143737,4.384394990374103,4.170730633321285,3.9250694368701,10.094978739192412,53.47661270764267,9.213393432273651,9.297325805521908,5227.304128672231,69589.80855298844,7.0090747632262,5.900711370401069,1.8303728131127623,6.00496180566096,5.955097898143737,4.384394990374103,4.170730633321285,3.9250694368701,10.094978739192412,53.47661270764267,9.213393432273651,9.297325805521908,5227.304128672231,69589.80855298844,7.0090747632262,5.900711370401069,1.8303728131127623,0.8098667626935542,Low,0,0,0.5008160903805422,0.6386189211423984,1.271684665042512,-0.26074560260699386,1.3162827906700212,0.9852087582684195,-1.299629657253149,-0.6143252338289236,-0.007646689375954711,1.8041881665040136,1.3651568927969056,0.5034686642441683,-0.4323290036172367,0.2874950116449799,0.4281299637334103,-1.0987972149572356,-1.6325116659989423
University of North Florida,No,1800,1253,560,44,85,3876,3588,6634,4360,600,2604,82.0,85,17.8,14,6104,47,5.759469387884821,5.608478949452733,4.0155280255877415,5.668515457022506,3.810415752520837,11.874171528274386,56.7264717852249,9.845917647123215,10.636512837696774,3736.5073126492257,49267.05353907696,7.556028261153151,5.444039108195632,1.826954830444428,5.759469387884821,5.608478949452733,4.0155280255877415,5.668515457022506,3.810415752520837,11.874171528274386,56.7264717852249,9.845917647123215,10.636512837696774,3736.5073126492257,49267.05353907696,7.556028261153151,5.444039108195632,1.826954830444428,0.6961111111111111,Low,0,0,0.10348154930872655,0.05824731547190766,0.2363485074916449,1.0350695150852658,0.7003785200745741,1.6722160228856373,-0.9504526759784224,0.4497726389260374,1.6374898057119156,0.5551825236557095,0.25719681074029643,0.9503002630614447,-0.6263490551654358,-0.9199932158112539,-0.3456694310072859,-1.0987972149572356,-1.6325116659989423
University of North Texas,No,4418,2737,2049,23,51,14047,5134,4104,3579,450,1700,86.0,94,22.6,6,5657,35,6.259344289649146,6.0683251537975424,4.450702185078509,4.417175042264962,3.992908845260321,12.608891293675338,47.670516041089854,9.213393432273651,9.889943873748738,4109.398290283845,64098.054902977776,8.840147143811908,3.1721327255834275,1.8262690352419813,6.259344289649146,6.0683251537975424,4.450702185078509,4.417175042264962,3.992908845260321,12.608891293675338,47.670516041089854,9.213393432273651,9.889943873748738,4109.398290283845,64098.054902977776,8.840147143811908,3.1721327255834275,1.8262690352419813,0.6195110909913988,Low,0,0,0.9125393869604119,0.828204298449753,1.457795763993856,-0.04753313995778422,1.6807070268326043,1.9559164849073813,-1.9234583398569618,-0.6143252338289236,0.7203603688354095,0.8675946043813189,1.0657563528339236,1.9993563447660339,-1.5915826153084158,-1.1622675962732452,-0.8667252940014962,-1.0987972149572356,-1.6325116659989423
University of Northern Colorado,No,5530,4007,1697,12,37,8463,1498,7731,4128,540,2286,75.0,75,21.5,8,6309,40,6.379264340525485,6.283711999541562,4.392791580540997,3.3372059894156245,3.9271784492623545,10.17528660318412,59.94003621091639,9.611556673763596,10.405989034060605,3127.017536070735,35531.398971011564,8.556680410095018,3.8339176338051995,1.8272440107923464,6.379264340525485,6.283711999541562,4.392791580540997,3.3372059894156245,3.9271784492623545,10.17528660318412,59.94003621091639,9.611556673763596,10.405989034060605,3127.017536070735,35531.398971011564,8.556680410095018,3.8339176338051995,1.8272440107923464,0.7245931283905968,Low,0,0,1.1066324624691999,1.1888435825305408,1.2952522225356495,-0.9818731086748947,1.3276121234036424,1.016218374711763,-0.605175327481944,0.05550628934752403,1.3543007415731798,0.044545418704219096,-0.4916463924532397,1.7677792649625408,-1.310419180097965,-0.8178329945327503,-0.15192637362707953,-1.0987972149572356,-1.6325116659989423
University of Northern Iowa,No,4144,3379,1853,18,52,10135,1448,6197,2930,595,2380,78.0,82,16.3,26,6333,77,6.224780122301554,6.188102222994002,4.420022982737816,3.9902206092359616,3.9514085702152335,10.111810382936836,55.34890867422508,9.827187993545914,10.477075413744931,3381.5199008967597,44852.305090025206,7.126346294770561,7.840523349237043,1.8272769191026497,6.224780122301554,6.188102222994002,4.420022982737816,3.9902206092359616,3.9514085702152335,10.111810382936836,55.34890867422508,9.827187993545914,10.477075413744931,3381.5199008967597,44852.305090025206,7.126346294770561,7.840523349237043,1.8272769191026497,0.815395752895753,Low,0,0,0.8565965692758818,1.0287565482173342,1.3716853488566942,-0.41691464264756517,1.457773095173743,0.9917080323205784,-1.0984631949367383,0.4182636720578147,1.441627451519313,0.2577702434217395,0.01651265888576715,0.599273199975862,0.3918121831278882,-0.8062073073562886,0.4657397810257668,-1.0987972149572356,-1.6325116659989423
University of Notre Dame,Yes,7700,3700,1906,79,96,7671,30,16850,4400,600,1350,96.0,92,13.1,46,13936,97,6.552518224971774,6.239146221152684,4.428676427234281,6.9579035113615175,3.913563822644188,3.9940025054132655,79.1926560401407,9.845917647123215,9.496020108486013,5120.066987885137,60591.59251052614,6.151859860146799,10.790398173053111,1.8328330026050585,6.552518224971774,6.239146221152684,4.428676427234281,6.9579035113615175,3.913563822644188,3.9940025054132655,79.1926560401407,9.845917647123215,9.496020108486013,5120.066987885137,60591.59251052614,6.151859860146799,10.790398173053111,1.8328330026050585,0.4805194805194805,High,2,1,1.3870474475387164,1.1142235640370746,1.3959738453333006,2.1505892525970363,1.2544761685995416,-1.3705870945384853,1.463397959271099,0.4497726389260374,0.236441135041996,1.7143437339653733,0.8745903245365926,-0.19682982022428813,1.6450848531462385,1.1566187426634664,-1.8121871023693927,1.8150779933081982,0.6125530498969481
University of Oklahoma,No,4743,3970,2233,32,63,13436,2582,5173,3526,765,3176,86.0,90,11.5,11,10244,44,6.297474732659,6.278538184344833,4.476562005750648,5.0317442595355875,3.987428308908628,11.21913522931478,51.84972021250213,10.398486158862523,10.99225335316324,4109.398290283845,57206.93660181433,5.628767251036452,4.693250809609002,1.8309421378384902,6.297474732659,6.278538184344833,4.476562005750648,5.0317442595355875,3.987428308908628,11.21913522931478,51.84972021250213,10.398486158862523,10.99225335316324,4109.398290283845,57206.93660181433,5.628767251036452,4.693250809609002,1.8309421378384902,0.837022981235505,Low,0,0,0.9742542953532287,1.1801806532691497,1.5303791339498891,0.48416411722208674,1.6512663179420037,1.419284076030444,-1.474429055242525,1.3793607307163502,2.074502478859453,0.8675946043813189,0.6900649668386472,-0.6241683558478293,-0.9453261344609437,0.48862327080353807,0.6128545482168315,-1.0987972149572356,-1.6325116659989423
University of Oregon,No,8631,6732,2546,25,61,11669,1605,10602,3660,570,1530,79.0,87,19.7,13,8020,54,6.6112849238935825,6.567777164696547,4.515346514073976,4.568038251472815,3.969693323194394,10.304867182389874,67.12982842510301,9.731428109991333,9.709069186992618,3468.58928429813,52354.631663757325,8.079558815089525,5.2034945525684675,1.8291961764909486,6.6112849238935825,6.567777164696547,4.515346514073976,4.568038251472815,3.969693323194394,10.304867182389874,67.12982842510301,9.731428109991333,9.709069186992618,3468.58928429813,52354.631663757325,8.079558815089525,5.2034945525684675,1.8291961764909486,0.7799791449426486,Mid,1,0,1.482162561715868,1.6644764255665419,1.6392395298469054,0.08298682799864276,1.55599634469743,1.066253873851569,0.1673227659461378,0.25716645871250754,0.49816321409084025,0.3307179114196808,0.4255260215207906,1.3779965760601174,-0.7285459060471434,-0.1281814287292525,0.2248255985948487,0.3581403891754813,-1.6325116659989423
University of Pennsylvania,Yes,12394,5232,2464,85,100,9205,531,17020,7270,500,1544,95.0,96,6.3,38,25765,93,6.794360510663417,6.431052867916103,4.5057414830116835,7.130556590431673,3.938592788514539,8.31800859903966,79.47582678922691,9.442351022087843,9.724650816090508,5013.952455197691,67728.00439442915,3.6839309798109987,9.71106985349749,1.8357830921723073,6.794360510663417,6.431052867916103,4.5057414830116835,7.130556590431673,3.938592788514539,8.31800859903966,79.47582678922691,9.442351022087843,9.724650816090508,5013.952455197691,67728.00439442915,3.6839309798109987,9.71106985349749,1.8357830921723073,0.42213974503792157,High,2,1,1.7784741745534514,1.4355480881046074,1.612280119266588,2.2999608221542487,1.3889284285127754,0.2990597345177566,1.4938228807802454,-0.22914901677242944,0.5173046081351291,1.6254398345940284,1.263654675854437,-2.212995018083676,1.186525502100285,2.198811980035944,-2.2093032311272927,1.8150779933081982,0.6125530498969481
University of Pittsburgh-Main Campus,No,8586,6383,2503,25,59,13138,4289,10786,4560,400,900,93.0,93,7.8,10,13789,66,6.608604286213462,6.5391048961120415,4.510355088991234,4.568038251472815,3.9846438462895573,12.237291147997677,67.54438286225424,8.96107520321098,8.819245343756174,4805.090244554321,62329.492559452454,4.293491081377974,4.421054272265976,1.832772969638214,6.608604286213462,6.5391048961120415,4.510355088991234,4.568038251472815,3.9846438462895573,12.237291147997677,67.54438286225424,8.96107520321098,8.819245343756174,4805.090244554321,62329.492559452454,4.293491081377974,4.421054272265976,1.832772969638214,0.7434195201490799,Mid,1,0,1.477823894346591,1.616468171489702,1.6252295930425538,0.08298682799864276,1.6363085568536218,1.812428943152508,0.2118640409623451,-1.0388011424180428,-0.5949489827396871,1.4504528230391855,0.9693375120855497,-1.715017190369391,-1.060970526681064,1.135410589270642,-0.023863720517422086,0.3581403891754813,-1.6325116659989423
University of Portland,Yes,1758,1485,419,27,58,2041,174,12040,4100,600,1100,92.0,96,13.2,17,9060,72,5.74587673329448,5.710601369237479,3.905650138535103,4.709852044651068,3.698367856547514,6.500091120641643,70.252878444226,9.845917647123215,9.15165023999676,4702.342075565505,67728.00439442915,6.183677590318551,6.118308313178587,1.8300949361685972,5.74587673329448,5.710601369237479,3.905650138535103,4.709852044651068,3.698367856547514,6.500091120641643,70.252878444226,9.845917647123215,9.15165023999676,4702.342075565505,67728.00439442915,6.183677590318551,6.118308313178587,1.8300949361685972,0.8447098976109215,Mid,1,1,0.08148155752679773,0.22923898505389823,-0.07205685335918133,0.20567765393688317,0.09847219641051586,-0.4029004587778045,0.5028749089820225,0.4497726389260374,-0.18660316336359328,1.3643692994630383,1.263654675854437,-0.17083644547256602,-0.3398815888114029,0.18932800165120295,0.6651432139312449,0.3581403891754813,0.6125530498969481
University of Puget Sound,Yes,4044,2826,688,51,83,2738,138,16230,4500,630,1800,79.0,86,15.0,17,11217,63,6.211550225054889,6.086628700162452,4.090571597480307,5.978908263498306,3.7516523639445207,6.14474222189301,78.14371595704351,9.955518251301774,9.988659024785472,3468.58928429813,50796.25679590814,6.74074047959393,6.118308313178587,1.8315327591661754,6.211550225054889,6.086628700162452,4.090571597480307,5.978908263498306,3.7516523639445207,6.14474222189301,78.14371595704351,9.955518251301774,9.988659024785472,3468.58928429813,50796.25679590814,6.74074047959393,6.118308313178587,1.8315327591661754,0.6988130563798219,High,2,1,0.8351837077360024,0.858851378285935,0.44698087847975965,1.3036072146864357,0.3847094494796727,-0.540112837566729,1.3506959241950347,0.6341541487893395,0.8416278943466902,0.3307179114196808,0.3405662242258264,0.28425398250735084,-0.3398815888114029,0.697275089512722,-0.32729000471534775,1.8150779933081982,0.6125530498969481
University of Rhode Island,No,9643,7751,1968,12,40,8894,2456,10330,5558,500,1250,84.0,89,16.6,7,9158,63,6.667898400148873,6.6431779833667886,4.4384529846212475,3.3372059894156245,3.9339502706958416,11.121151858769913,66.5082601176249,9.442351022087843,9.365994585919545,3920.713741190657,55559.757364651494,7.213532579413107,3.5140781476818708,1.8301714226820767,6.667898400148873,6.6431779833667886,4.4384529846212475,3.3372059894156245,3.9339502706958416,11.121151858769913,66.5082601176249,9.442351022087843,9.365994585919545,3920.713741190657,55559.757364651494,7.213532579413107,3.5140781476818708,1.8301714226820767,0.8037954993259359,Mid,1,0,1.5737926406003757,1.7907259983777748,1.4234146961694814,-0.9818731086748947,1.3639894431929416,1.381449341206267,0.10053914853995899,-0.22914901677242944,0.07671009872843897,0.7095126551829224,0.6002637149158834,0.6704997066339655,-1.4463049754933548,0.21634878365845625,0.3868314449009667,0.3581403891754813,-1.6325116659989423
University of Richmond,Yes,5892,2718,756,46,72,2854,594,14500,3285,700,1125,75.0,89,11.7,32,11984,100,6.4127776114151995,6.064335179607562,4.124140992524665,5.760943417605722,3.758905313643361,8.510797640821453,75.0700786829547,10.194537490294326,9.18918471405435,3127.017536070735,55559.757364651494,5.695675107569281,8.821390068071972,1.8319453293854457,6.4127776114151995,6.064335179607562,4.124140992524665,5.760943417605722,3.758905313643361,8.510797640821453,75.0700786829547,10.194537490294326,9.18918471405435,3127.017536070735,55559.757364651494,5.695675107569281,8.821390068071972,1.8319453293854457,0.46130346232179226,Mid,1,1,1.1608743825635417,0.8215235681089347,0.5412034893244645,1.1150339710778354,0.4236713260149418,0.3735021856424739,1.0204528707952358,1.0362571162148249,-0.14049359717716683,0.044545418704219096,0.6002637149158834,-0.5695082346102578,0.808539510579746,0.8430258820440186,-1.9429001090978628,0.3581403891754813,0.6125530498969481
University of Rochester,Yes,8766,5498,1243,56,75,5071,438,17840,6582,500,882,93.0,99,5.9,23,26037,80,6.619237700228386,6.458141809230211,4.293332083056874,6.180642261153285,3.8528752997123585,7.991313342354765,80.81622764499302,9.442351022087843,8.786053649755567,4805.090244554321,73408.11248759447,3.512456060586505,7.306201546172464,1.8358254474181768,6.619237700228386,6.458141809230211,4.293332083056874,6.180642261153285,3.8528752997123585,7.991313342354765,80.81622764499302,9.442351022087843,8.786053649755567,4805.090244554321,73408.11248759447,3.512456060586505,7.306201546172464,1.8358254474181768,0.6271959844855122,High,2,1,1.4950342942274506,1.4809052517154118,1.0160892077159498,1.4781382686650963,0.9284655335118807,0.17291150817837458,1.6378405484209821,-0.22914901677242944,-0.6357236212496702,1.4504528230391855,1.5733239615731247,-2.3530808071033067,0.16480224108923644,2.2137750344809635,-0.8144503885205852,1.8150779933081982,0.6125530498969481
University of San Diego,Yes,3934,2735,886,40,70,3698,217,13600,5940,630,1820,93.0,96,15.6,13,10813,66,6.19658552059035,6.067906554369747,4.179558548369775,5.473292195405891,3.8027272623492996,6.845694294214073,73.37493178715397,9.955518251301774,10.007790647629756,4805.090244554321,67728.00439442915,6.9203320214644535,5.2034945525684675,1.8312974923510013,6.19658552059035,6.067906554369747,4.179558548369775,5.473292195405891,3.8027272623492996,6.845694294214073,73.37493178715397,9.955518251301774,10.007790647629756,4805.090244554321,67728.00439442915,6.9203320214644535,5.2034945525684675,1.8312974923510013,0.6952211489578037,Mid,1,1,0.8109630249362791,0.8275034042171678,0.6967495392743893,0.8661712529818544,0.6590769783233646,-0.2694512382233899,0.838319965409911,0.6341541487893395,0.8651303105105284,1.4504528230391855,1.263654675854437,0.4309706158083841,-0.7285459060471434,0.6141611778285624,-0.35172321528957534,0.3581403891754813,0.6125530498969481
University of San Francisco,Yes,2306,1721,538,23,48,4309,549,13226,6452,750,2450,86.0,86,13.6,8,10074,62,5.900684677624738,5.798292798967356,4.000637526183826,4.417175042264962,3.8274476603163943,8.375134093896527,72.64881063381189,10.352802615829257,10.52834191116531,4109.398290283845,50796.25679590814,6.309991187296932,3.8339176338051995,1.8308300026765054,5.900684677624738,5.798292798967356,4.000637526183826,4.417175042264962,3.8274476603163943,8.375134093896527,72.64881063381189,10.352802615829257,10.52834191116531,4109.398290283845,50796.25679590814,6.309991187296932,3.8339176338051995,1.8308300026765054,0.746313963573287,Mid,1,1,0.33204140809955435,0.3760677030685019,0.19455383920034736,-0.04753313995778422,0.7918716526957328,0.32111784435405566,0.7603028002618342,1.302507133936391,1.504606246754974,0.8675946043813189,0.3405662242258264,-0.06764502846155519,-1.310419180097965,0.4490087083205268,-0.004174865162930047,0.3581403891754813,0.6125530498969481
University of Sci. and Arts of Oklahoma,No,285,280,208,21,43,1140,473,3687,1920,600,1800,67.0,77,23.6,3,3864,43,4.625241877173439,4.653873051047369,3.619311362116597,4.255852904198828,3.5820368670900713,8.121090773402313,45.84567087769287,9.845917647123215,9.988659024785472,2497.466346891243,38057.447169980325,9.09292686357463,1.9499929539750755,1.822371297836981,4.625241877173439,4.653873051047369,3.619311362116597,4.255852904198828,3.5820368670900713,8.121090773402313,45.84567087769287,9.845917647123215,9.988659024785472,2497.466346891243,38057.447169980325,9.09292686357463,1.9499929539750755,1.822371297836981,0.9824561403508771,Low,0,0,-1.7322890684644594,-1.540125076263474,-0.8757528110783912,-0.18710169614595554,-0.5264423330796446,0.22302301855552126,-2.119526510887563,0.4497726389260374,0.8416278943466902,-0.48289935398096173,-0.3539307841170397,2.205863784170408,-2.110816300186537,-2.5392412345120965,1.6021336647549942,-1.0987972149572356,-1.6325116659989423
University of Scranton,Yes,4471,2942,910,29,60,3674,493,11584,5986,650,800,83.0,83,14.1,41,9131,92,6.265764049582558,6.109580169288637,4.188759577203496,4.843751032487945,3.80165613301289,8.19136661526085,69.29041889285321,10.026082431745259,8.626435575433408,3828.050899130615,46295.29542396985,6.465798760875629,10.12852980378421,1.8301504762760277,6.265764049582558,6.109580169288637,4.188759577203496,4.843751032487945,3.80165613301289,8.19136661526085,69.29041889285321,10.026082431745259,8.626435575433408,3828.050899130615,46295.29542396985,6.465798760875629,10.12852980378421,1.8301504762760277,0.6580183404160144,Mid,1,1,0.9229299008102517,0.8972808439558435,0.7225749960043975,0.32152095127645364,0.6533230146683886,0.25015892770498294,0.39946466480694276,0.7528645357434074,-0.8318078970334455,0.6318787272247831,0.09518189874570733,0.05964138157856781,1.3638859589907049,0.20894893960833869,-0.6047876594014111,0.3581403891754813,0.6125530498969481
University of South Carolina at Aiken,No,848,560,377,14,24,1855,1412,5800,3066,500,1500,62.0,62,14.8,3,5035,48,5.314420590286358,5.107620193924114,3.864403665221388,3.5777357214550345,3.680284305644156,10.06485549485357,54.040964258820644,9.442351022087843,9.675230393594894,2140.223695713882,21636.86172344196,6.680232225176779,1.9499929539750755,1.82516227028103,5.314420590286358,5.107620193924114,3.864403665221388,3.5777357214550345,3.680284305644156,10.06485549485357,54.040964258820644,9.442351022087843,9.675230393594894,2140.223695713882,21636.86172344196,6.680232225176779,1.9499929539750755,1.82516227028103,0.660377358490566,Low,0,0,-0.6168391080469758,-0.7803802357858327,-0.18782749499926185,-0.7737777547234982,0.0013297775504288445,0.9735771420536853,-1.2389936215624453,-0.22914901677242944,0.4565936404384389,-0.7822010981159766,-1.2491515938109201,0.2348219920998793,-2.110816300186537,-1.5532601174731975,-0.5887409247304091,-1.0987972149572356,-1.6325116659989423
University of South Carolina at Columbia,No,7693,5815,2328,30,66,12594,3661,8074,3522,495,2941,84.0,88,16.9,18,8246,63,6.5520479687145885,6.488649263011253,4.4889666237087456,4.908029058750458,3.9793564531305488,11.914875500795834,60.88278467157504,9.42037722918111,10.85392047350545,3920.713741190657,53942.39364317825,7.3000789141082825,6.329553707860191,1.8294062773713828,6.5520479687145885,6.488649263011253,4.4889666237087456,4.908029058750458,3.9793564531305488,11.914875500795834,60.88278467157504,9.42037722918111,10.85392047350545,3920.713741190657,53942.39364317825,7.3000789141082825,6.329553707860191,1.8294062773713828,0.755881970622644,Low,0,0,1.3862863280881548,1.5319863019657995,1.5651964277676242,0.3771313679720627,1.6079053873834603,1.6879332205904698,-0.5038829164155897,-0.2661156114726402,1.9045661941374896,0.7095126551829224,0.5120879513281108,0.7412034085943565,-0.2501326687269887,-0.053958015587661085,0.06090953249709589,-1.0987972149572356,-1.6325116659989423
University of South Florida,No,7589,4676,1876,29,63,14770,10962,6760,3776,500,2180,84.0,89,17.0,7,11020,47,6.5450066892534124,6.369331532687532,4.423812944592731,4.843751032487945,3.9990301047998185,14.241177555991642,57.11254066564861,9.442351022087843,10.322503846676609,3920.713741190657,55559.757364651494,7.328788144787452,3.5140781476818708,1.8314196995141132,6.5450066892534124,6.369331532687532,4.423812944592731,4.843751032487945,3.9990301047998185,14.241177555991642,57.11254066564861,9.442351022087843,10.322503846676609,3920.713741190657,55559.757364651494,7.328788144787452,3.5140781476818708,1.8314196995141132,0.6161549611279483,Low,0,0,1.374889872064751,1.3322031597156365,1.3823230174980288,0.32152095127645364,1.7135896150651362,2.5861981087019568,-0.9089719954281894,-0.22914901677242944,1.2517426034902484,0.7095126551829224,0.6002637149158834,0.764657306400675,-1.4463049754933548,0.6573339276893515,-0.8895546762860943,-1.0987972149572356,-1.6325116659989423
University of Southern California,Yes,12229,8498,2477,45,71,13259,1429,17230,6482,600,2210,90.0,94,11.4,10,17007,68,6.787666334568814,6.6919968452869565,4.507288676477813,5.715132863942859,3.9857836492850582,10.087163260074018,79.82307213099354,9.845917647123215,10.346506715772739,4500.210363367248,64098.054902977776,5.595139884147383,4.421054272265976,1.8338986023860189,6.787666334568814,6.6919968452869565,4.507288676477813,5.715132863942859,3.9857836492850582,10.087163260074018,79.82307213099354,9.845917647123215,10.346506715772739,4500.210363367248,64098.054902977776,5.595139884147383,4.421054272265976,1.8338986023860189,0.6949055523755009,High,2,1,1.7676395124873168,1.8724672920566487,1.6166227834006297,1.0754007694010428,1.642431426228042,0.9821909341384267,1.531132215525303,0.4497726389260374,1.2812291464361805,1.1950211720584536,1.0657563528339236,-0.6516401064957508,-1.060970526681064,1.5330686300810055,-0.35386999605141894,1.8150779933081982,0.6125530498969481
University of Southern Colorado,No,1401,1239,605,10,34,3716,675,7100,4380,540,2948,63.0,88,19.4,0,5389,36,5.613990876144891,5.60168155523149,4.0439854351002165,3.0648578681207974,3.8035250617202445,8.732928456754212,58.131264363748365,9.611556673763596,10.858186745006686,2209.4456195013977,53942.39364317825,7.998321504092638,0.0,1.8258163583364053,5.613990876144891,5.60168155523149,4.0439854351002165,3.0648578681207974,3.8035250617202445,8.732928456754212,58.131264363748365,9.611556673763596,10.858186745006686,2209.4456195013977,53942.39364317825,7.998321504092638,0.0,1.8258163583364053,0.8843683083511777,Low,0,0,-0.13197842221147862,0.04686589903908912,0.31622279234543105,-1.2174962818199055,0.6633626499302754,0.45927450058081004,-0.7995165214634117,0.05550628934752403,1.9098071341824636,-0.7242062241732836,0.5120879513281108,1.3116300610018234,-2.939282937555179,-1.3221870831062896,0.9349113863279164,-1.0987972149572356,-1.6325116659989423
University of Southern Indiana,No,2379,2133,1292,8,25,4283,2973,4973,3192,500,1425,56.0,65,22.0,21,4078,38,5.918269856107967,5.92429714126249,4.305947588006021,2.7493332105333432,3.826484937389346,11.49758055665598,51.11422356576479,9.442351022087843,9.587810069736516,1748.2432357532678,24468.81775259251,8.686254510907828,6.929932557777247,1.8229725604181108,5.918269856107967,5.92429714126249,4.305947588006021,2.7493332105333432,3.826484937389346,11.49758055665598,51.11422356576479,9.442351022087843,9.587810069736516,1748.2432357532678,24468.81775259251,8.686254510907828,6.929932557777247,1.8229725604181108,0.8965952080706179,Low,0,0,0.36050338214174854,0.5870467702414066,1.0514984193464336,-1.490473824946659,0.7867000337849704,1.526801352323378,-1.5534535583715934,-0.22914901677242944,0.3492013481473054,-1.1106065529137321,-1.0947584403093151,1.8736343382931653,0.004942020606680277,-2.326830125745999,1.018082353843329,-1.0987972149572356,-1.6325116659989423
University of Southern Mississippi,No,2850,2044,1046,20,50,9260,1387,4652,2470,500,500,78.0,99,18.7,23,5917,45,6.019407448627099,5.899424836289828,4.236094637910721,4.170730633321285,3.9393939050771674,10.03160015620865,49.8919974364544,9.442351022087843,7.873683591318896,3381.5199008967597,73408.11248759447,7.8067341713197935,7.306201546172464,1.8266776636993327,6.019407448627099,5.899424836289828,4.236094637910721,4.170730633321285,3.9393939050771674,10.03160015620865,49.8919974364544,9.442351022087843,7.873683591318896,3381.5199008967597,73408.11248759447,7.8067341713197935,7.306201546172464,1.8266776636993327,0.7171929824561404,Low,0,0,0.5241966614402653,0.5454010967194489,0.8554350906958258,-0.26074560260699386,1.3932319196301177,0.960736116968285,-1.6847740926100183,-0.22914901677242944,-1.756532921293452,0.2577702434217395,1.5733239615731247,1.1551135115319071,0.16480224108923644,-1.0179093301454802,-0.20226434247010575,-1.0987972149572356,-1.6325116659989423
University of St. Thomas MN,Yes,2057,1807,828,26,53,4106,982,11712,4037,500,800,80.0,80,13.8,13,8546,89,5.835866308558704,5.8270869432397445,4.156079796197451,4.639999884647015,3.819735782110695,9.398789399807699,69.56305900565607,9.442351022087843,8.626435575433408,3556.7767888093103,42051.00625139571,6.372586736365998,5.2034945525684675,1.829671835039779,5.835866308558704,5.8270869432397445,4.156079796197451,4.639999884647015,3.819735782110695,9.398789399807699,69.56305900565607,9.442351022087843,8.626435575433408,3556.7767888093103,42051.00625139571,6.372586736365998,5.2034945525684675,1.829671835039779,0.8784637822070978,Mid,1,1,0.22713154098764507,0.42428002327887554,0.6308493547125616,0.14524475095617614,0.7504444735504628,0.7163862132123858,0.42875813547451674,-0.22914901677242944,-0.8318078970334455,0.4046023533364621,-0.13620911968157937,-0.01650783055462927,-0.7285459060471434,0.03985690081601796,0.8947470631232055,0.3581403891754813,0.6125530498969481
University of St. Thomas TX,Yes,374,280,185,45,77,995,408,8550,4050,500,1344,75.0,75,12.6,17,7237,62,4.802052158821369,4.653873051047369,3.5683525622007775,5.715132863942859,3.552660994609158,7.872313837433055,62.148459971347215,9.442351022087843,9.4884742991914,3127.017536070735,35531.398971011564,5.991285805830951,6.118308313178587,1.8283914107945074,4.802052158821369,4.653873051047369,3.5683525622007775,5.715132863942859,3.552660994609158,7.872313837433055,62.148459971347215,9.442351022087843,9.4884742991914,3127.017536070735,35531.398971011564,5.991285805830951,6.118308313178587,1.8283914107945074,0.7486631016042781,Low,0,1,-1.4461179811788978,-1.540125076263474,-1.018784020524878,1.0754007694010428,-0.6842455944065718,0.12696172417028495,-0.367894041237278,-0.22914901677242944,0.2271714169538666,0.044545418704219096,-0.4916463924532397,-0.3280101887390996,-0.3398815888114029,-0.41248512439044266,0.011804662546300276,-1.0987972149572356,0.6125530498969481
University of Tennessee at Knoxville,No,7473,5372,3013,27,53,15749,3237,5764,3262,750,3300,86.0,92,16.5,22,8612,53,6.5370296982952105,6.445489234359489,4.56398929695194,4.709852044651068,4.006759901913139,11.667222144504594,53.919484766467946,10.352802615829257,11.061466567817401,4109.398290283845,60591.59251052614,7.184542364269632,7.12024725786717,1.8297283355374387,6.5370296982952105,6.445489234359489,4.56398929695194,4.709852044651068,4.006759901913139,11.667222144504594,53.919484766467946,10.352802615829257,11.061466567817401,4109.398290283845,60591.59251052614,7.184542364269632,7.12024725786717,1.8297283355374387,0.7188545430215443,Low,0,0,1.36197894768581,1.4597200417858385,1.7757701404062434,0.20567765393688317,1.7551130521875546,1.5923057787960895,-1.25204583133951,1.302507133936391,2.1595280821801417,0.8675946043813189,0.8745903245365926,0.646816259628484,0.08579840488433134,0.059817120743901955,-0.19096191888104355,-1.0987972149572356,-1.6325116659989423
University of Texas at Arlington,No,3281,2559,1448,19,43,10975,8431,4422,2780,500,2850,73.0,73,21.0,4,4696,29,6.09733221399097,6.029727431599651,4.342702744767164,4.08228841706668,3.9618081201201494,13.66418711877032,48.9817600427678,9.442351022087843,10.797585849236846,2962.9344405957,33112.30773484874,8.42585576535617,2.3994070378288304,1.8244657616606041,6.09733221399097,6.029727431599651,4.342702744767164,4.08228841706668,3.9618081201201494,13.66418711877032,48.9817600427678,9.442351022087843,10.797585849236846,2962.9344405957,33112.30773484874,8.42585576535617,2.3994070378288304,1.8244657616606041,0.7799451386772326,Low,0,0,0.6503195012593606,0.763577069927451,1.1546628292937993,-0.337261774390416,1.5136380875205795,2.363402341757417,-1.7825733933745667,-0.22914901677242944,1.8353614123596727,-0.09292516745590934,-0.6235308993858222,1.660902564484489,-1.9198799308640517,-1.7993192819264254,0.2245942779771011,-1.0987972149572356,-1.6325116659989423
University of Texas at Austin,No,14752,9572,5329,48,85,30017,5189,5130,3309,650,3140,91.0,99,19.7,11,7837,65,6.880755011730753,6.754676480869896,4.719498028819988,5.850264966480015,4.0786816987421295,12.631091485311325,51.69318601621696,10.026082431745259,10.971690071731405,4600.715532505121,73408.11248759447,8.079558815089525,4.693250809609002,1.8290192424821443,6.880755011730753,6.754676480869896,4.719498028819988,5.850264966480015,4.0786816987421295,12.631091485311325,51.69318601621696,10.026082431745259,10.971690071731405,4600.715532505121,73408.11248759447,8.079558815089525,4.693250809609002,1.8290192424821443,0.6488611713665944,Low,0,0,1.9183054562837953,1.9774167787580832,2.212252201116457,1.192310901338738,2.1414673334938095,1.964488739147287,-1.4912476731641928,0.7528645357434074,2.049241328676916,1.279225486180553,1.5733239615731247,1.3779965760601174,-0.9453261344609437,-0.19068781141137764,-0.6670774161687403,-1.0987972149572356,-1.6325116659989423
University of Texas at San Antonio,No,4217,3100,1686,17,46,9375,5457,4104,5376,452,1200,94.0,100,25.3,3,4329,50,6.234223347545691,6.139330202319766,4.39076305013233,3.894175451333956,3.941050370927056,12.736281949027363,47.670516041089854,9.222968019915866,9.297325805521908,4908.960288837765,75365.02473070551,9.51267800742027,1.9499929539750755,1.823618605552268,6.234223347545691,6.139330202319766,4.39076305013233,3.894175451333956,3.941050370927056,12.736281949027363,47.670516041089854,9.222968019915866,9.297325805521908,4908.960288837765,75365.02473070551,9.51267800742027,1.9499929539750755,1.823618605552268,0.7351197533791796,Low,0,0,0.871880624085422,0.9470936845527907,1.289558541400498,-0.5000085327852752,1.402130232814141,2.0051063794529562,-1.9234583398569618,-0.5982178689195664,-0.007646689375954711,1.5374762658306833,1.6800113003699915,2.54877789921091,-2.110816300186537,-2.0985984553143853,-0.080321174839006,-1.0987972149572356,-1.6325116659989423
University of the Arts,Yes,974,704,290,5,22,1145,39,12520,3860,1300,700,16.0,59,7.5,9,11641,57,5.398174001978542,5.252781096346868,3.759012588758249,2.1486200566855134,3.5829674485347573,4.340095410558931,71.24046102085966,11.665527109830482,8.409880082919223,151.1934689023835,19018.1657525989,4.175410852508269,4.135322577728063,1.831766015043693,5.398174001978542,5.252781096346868,3.759012588758249,2.1486200566855134,3.5829674485347573,4.340095410558931,71.24046102085966,11.665527109830482,8.409880082919223,151.1934689023835,19018.1657525989,4.175410852508269,4.135322577728063,1.831766015043693,0.7227926078028748,Mid,1,1,-0.4812824839386961,-0.5373258201578683,-0.4836392714989347,-2.0101834480079033,-0.5214433739169101,-1.2369487718527052,0.6089844647000522,3.510908502273347,-1.0978374622751548,-2.448632063343546,-1.391918192175684,-1.8114823883332716,-1.18236541463741,0.7796785869607278,-0.1641740441525978,0.3581403891754813,0.6125530498969481
University of the Pacific,Yes,2459,1997,582,36,66,2664,299,16320,5326,646,1171,87.0,94,11.2,14,13706,65,5.936888169123307,5.88581813467538,4.02975794832685,5.262121851799814,3.746826828951828,7.359702293985747,78.29759617578867,10.012122605516252,9.256273852876658,4205.420538622495,64098.054902977776,5.527531557925774,5.444039108195632,1.8327386355628694,5.936888169123307,5.88581813467538,4.02975794832685,5.262121851799814,3.746826828951828,7.359702293985747,78.29759617578867,10.012122605516252,9.256273852876658,4205.420538622495,64098.054902977776,5.527531557925774,5.444039108195632,1.8327386355628694,0.8121187474583164,High,2,1,0.39063750573096406,0.5226183166848335,0.2762890685540516,0.683476302864234,0.3587873203586098,-0.07097514722219393,1.367229388870464,0.72937986741676,-0.058077334139321896,0.9480430791331619,1.0657563528339236,-0.706872473805698,-0.6263490551654358,1.123281214782213,0.44344862635541926,1.8150779933081982,0.6125530498969481
University of the South,Yes,1445,966,326,46,83,1129,24,15350,4080,450,810,89.0,93,10.3,52,18784,82,5.632086590495199,5.449740673459934,3.8065412385697557,5.760943417605722,3.579971963788785,3.707761191258194,76.6086908523004,9.213393432273651,8.646691563909094,4400.82631344925,62329.492559452454,5.2171744721156745,11.536863964324251,1.834388825721612,5.632086590495199,5.449740673459934,3.8065412385697557,5.760943417605722,3.579971963788785,3.707761191258194,76.6086908523004,9.213393432273651,8.646691563909094,4400.82631344925,62329.492559452454,5.2171744721156745,11.536863964324251,1.834388825721612,0.6685121107266436,High,2,1,-0.10269013533940655,-0.20754077391911355,-0.35023581072026044,1.1150339710778354,-0.537534717671097,-1.4811146683151193,1.1857671012954643,-0.6143252338289236,-0.8069242436789834,1.1117561437041261,0.9693375120855497,-0.9604175254095518,1.9622254883185175,1.7062523363756992,-0.5334059477945123,1.8150779933081982,0.6125530498969481
University of Tulsa,Yes,1712,1557,696,41,68,2936,433,11750,4160,1200,2350,94.0,96,11.5,10,11743,47,5.730583825388755,5.738849592140979,4.094715588153792,5.523485196294676,3.763818918211575,7.972006790925254,69.64362195449068,11.468747385922915,10.454675215282505,4908.960288837765,67728.00439442915,5.628767251036452,4.421054272265976,1.831820182063206,5.730583825388755,5.738849592140979,4.094715588153792,5.523485196294676,3.763818918211575,7.972006790925254,69.64362195449068,11.468747385922915,10.454675215282505,4908.960288837765,67728.00439442915,5.628767251036452,4.421054272265976,1.831820182063206,0.9094626168224299,Mid,1,1,0.05672967068882657,0.276537225804311,0.4586122355553329,0.9095959481215096,0.45006655312653954,0.1654565875153789,0.4374141191972288,3.179865230418292,1.4141097238962332,1.5374762658306833,1.263654675854437,-0.6241683558478293,-1.060970526681064,0.7988144471230453,1.105610252154537,0.3581403891754813,0.6125530498969481
University of Utah,No,5095,4491,2400,27,53,13894,8374,6857,3975,858,3093,89.0,93,12.8,9,9275,37,6.335730397280504,6.3470359173771325,4.49798441284919,4.709852044651068,3.991564137385089,13.649449128431673,57.406543923464156,10.66543729055993,10.944512327168324,4400.82631344925,62329.492559452454,6.05581660003175,4.135322577728063,1.8302611013342074,6.335730397280504,6.3470359173771325,4.49798441284919,4.709852044651068,3.991564137385089,13.649449128431673,57.406543923464156,10.66543729055993,10.944512327168324,4400.82631344925,62329.492559452454,6.05581660003175,4.135322577728063,1.8302611013342074,0.8814524043179588,Low,0,0,1.0361718775070023,1.2948718421232925,1.590507567147317,0.20567765393688317,1.6734834358267023,2.3577114989827375,-0.8773831887758893,1.8284536266085658,2.01585458107506,1.1117561437041261,0.9693375120855497,-0.27529199961519973,-1.18236541463741,0.24803001999274116,0.9150765495999008,-1.0987972149572356,-1.6325116659989423
University of Vermont,No,7663,6008,1735,18,51,7353,1674,15516,4928,500,990,87.0,90,9.9,10,12646,79,6.550027368358313,6.506363662719254,4.399684026904239,3.9902206092359616,3.907606152413849,10.384304112348003,76.902595806954,9.442351022087843,8.976506865912638,4205.420538622495,57206.93660181433,5.075820123969052,4.421054272265976,1.8322699815040822,6.550027368358313,6.506363662719254,4.399684026904239,3.9902206092359616,3.907606152413849,10.384304112348003,76.902595806954,9.442351022087843,8.976506865912638,4205.420538622495,57206.93660181433,5.075820123969052,4.421054272265976,1.8322699815040822,0.7840271434164165,High,2,0,1.3830159447397676,1.561646926812903,1.314597947729494,-0.41691464264756517,1.2224723602745753,1.0969271928392672,1.2173453458893737,-0.22914901677242944,-0.4017596349063919,0.9480430791331619,0.6900649668386472,-1.0758964274030898,-1.060970526681064,0.9577173972772546,0.25236127462798846,1.8150779933081982,-1.6325116659989423
University of Virginia,No,15849,5384,2678,74,95,11278,114,12212,3792,500,1000,90.0,92,9.5,22,13597,95,6.916014490422203,6.446707854696044,4.530080601954242,6.805891783521907,3.965323515278037,5.857524249230028,70.60968693512329,9.442351022087843,8.993154813797165,4500.210363367248,60591.59251052614,4.932205439356674,7.12024725786717,1.8326930560371322,6.916014490422203,6.446707854696044,4.530080601954242,6.805891783521907,3.965323515278037,5.857524249230028,70.60968693512329,9.442351022087843,8.993154813797165,4500.210363367248,60591.59251052614,4.932205439356674,7.12024725786717,1.8326930560371322,0.3397059751403874,Mid,1,0,1.9753736497180794,1.4617604744976094,1.6805951821206353,2.0190756387026667,1.5325223205294194,-0.6510175326391,0.5412117441402403,-0.22914901677242944,-0.3813083118461038,1.1950211720584536,0.8745903245365926,-1.1932219027537532,0.08579840488433134,1.1071791024892947,-2.770041975669376,0.3581403891754813,-1.6325116659989423
University of Washington,No,12749,7025,3343,40,81,20356,4582,8199,4218,708,2172,96.0,94,9.0,10,16527,65,6.808444386810176,6.590646327391244,4.593375717541475,5.473292195405891,4.036598948843698,12.373173606556575,61.219803245579804,10.220509555613507,10.316051409718648,5120.066987885137,64098.054902977776,4.7493178378898335,4.421054272265976,1.8337524053590302,6.808444386810176,6.590646327391244,4.593375717541475,5.473292195405891,4.036598948843698,12.373173606556575,61.219803245579804,10.220509555613507,10.316051409718648,5120.066987885137,64098.054902977776,4.7493178378898335,4.421054272265976,1.8337524053590302,0.5510236096948781,Low,0,0,1.8012692185551267,1.7027680790482256,1.8582519744597874,0.8661712529818544,1.9154044247617317,1.864897813719468,-0.4676723837447251,1.0799500196774472,1.2438160485977954,1.7143437339653733,1.0657563528339236,-1.3426312395200746,-1.060970526681064,1.4814208582495607,-1.3325972822266665,-1.0987972149572356,-1.6325116659989423
University of West Florida,No,1558,1254,472,20,57,3754,2477,6172,3994,541,1387,83.0,87,23.4,12,8488,53,5.675976945192121,5.608961365632528,3.9513642111872325,4.170730633321285,3.8051939361873535,11.137796805535588,55.268196151606496,9.615644906863949,9.541877618846438,3828.050899130615,52354.631663757325,9.042731451257565,4.953607358725779,1.8296216246221098,5.675976945192121,5.608961365632528,3.9513642111872325,4.170730633321285,3.8051939361873535,11.137796805535588,55.268196151606496,9.615644906863949,9.541877618846438,3828.050899130615,52354.631663757325,9.042731451257565,4.953607358725779,1.8296216246221098,0.8048780487804879,Low,0,0,-0.03165269109180647,0.05905506315542611,0.05625345047371651,-0.26074560260699386,0.6723276205477827,1.3878765251614615,-1.1071352494247106,0.062383939314563375,0.292775210906879,0.6318787272247831,0.4255260215207906,2.1648568312503946,-0.8347120348951067,0.022118809633498108,0.3941952646414049,-1.0987972149572356,-1.6325116659989423
University of Wisconsin-Stout,No,2593,1966,1030,9,32,6038,579,6704,2592,376,1750,78.0,78,21.0,17,6254,65,5.966663033368354,5.876654644299442,4.230906366375723,2.91344153033716,3.8791399706374605,8.466650861130066,56.94154325700193,8.830044855887056,9.939954628262615,3381.5199008967597,39361.14463169006,8.42585576535617,6.118308313178587,1.8271678624966747,5.966663033368354,5.876654644299442,4.230906366375723,2.91344153033716,3.8791399706374605,8.466650861130066,56.94154325700193,8.830044855887056,9.939954628262615,3381.5199008967597,39361.14463169006,8.42585576535617,6.118308313178587,1.8271678624966747,0.7581951407635943,Low,0,0,0.43882873757206087,0.5072751577400804,0.8408726450767475,-1.348494791392716,1.0695558358459671,0.3564556021898242,-0.9273445948337822,-1.2592339900156508,0.7817965352714337,0.2577702434217395,-0.2828555413330692,1.660902564484489,-0.3398815888114029,-0.8447342926043563,0.07664439604101742,-1.0987972149572356,-1.6325116659989423
University of Wisconsin-Superior,No,910,910,342,14,53,1434,417,7032,2780,550,1960,75.0,81,15.2,15,6490,36,5.3571875582438775,5.412892726507827,3.825758010793468,3.5777357214550345,3.6296430662272905,7.90882939396331,57.930125443837376,9.65214536925229,10.136504454083095,3127.017536070735,43437.61538665517,6.800922726023767,5.67618042622164,1.8274875459342446,5.3571875582438775,5.412892726507827,3.825758010793468,3.5777357214550345,3.6296430662272905,7.90882939396331,57.930125443837376,9.65214536925229,10.136504454083095,3127.017536070735,43437.61538665517,6.800922726023767,5.67618042622164,1.8274875459342446,1.0,Low,0,0,-0.5476198884052121,-0.26923821492462563,-0.29629815564683426,-0.7737777547234982,-0.2707081931621502,0.1410616310279168,-0.8211276372671248,0.12378880488361321,1.0232499572294602,0.044545418704219096,-0.06061368145330422,0.3334196419182193,-0.5277223720549751,-0.7317980887568306,1.7214721572963374,-1.0987972149572356,-1.6325116659989423
University of Wisconsin-Whitewater,No,4400,3719,1472,12,38,7804,1552,6950,2500,300,1200,90.0,95,23.1,16,5559,67,6.25714516924013,6.24201741681334,4.347949539777913,3.3372059894156245,3.915966869334598,10.241702805572139,57.685868824371575,8.360621760581918,9.297325805521908,4500.210363367248,65897.48921732574,8.967103676820505,5.900711370401069,1.8261074117320062,6.25714516924013,6.24201741681334,4.347949539777913,3.3372059894156245,3.915966869334598,10.241702805572139,57.685868824371575,8.360621760581918,9.297325805521908,4500.210363367248,65897.48921732574,8.967103676820505,5.900711370401069,1.8261074117320062,0.8452272727272727,Low,0,0,0.9089800652249647,1.1190310347251669,1.169389538661857,-0.9818731086748947,1.2673850142896237,1.041863944887663,-0.8473714795400918,-2.0489462340837274,-0.007646689375954711,1.1950211720584536,1.1638582779526243,2.1030730059438842,-0.4323290036172367,-1.2193651606883835,0.6686625516196788,-1.0987972149572356,-1.6325116659989423
University of Wisconsin at Green Bay,No,2409,1939,759,17,50,3819,1347,6900,2800,475,1200,81.0,89,22.2,1,5968,46,5.925329391077185,5.8685466930778585,4.125540834400524,3.894175451333956,3.8080013767102936,9.977235122220213,57.5360014765767,9.330500213309353,9.297325805521908,3646.0827031697963,55559.757364651494,8.737742749554304,0.8185189633805885,1.8267545815610102,5.925329391077185,5.8685466930778585,4.125540834400524,3.894175451333956,3.8080013767102936,9.977235122220213,57.5360014765767,9.330500213309353,9.297325805521908,3646.0827031697963,55559.757364651494,8.737742749554304,0.8185189633805885,1.8267545815610102,0.8048982980489829,Low,0,0,0.37192938508140994,0.4936993717452902,0.5451325668708097,-0.5000085327852752,0.6874088158651024,0.9397439156057278,-0.8634737863926079,-0.4173160543227945,-0.007646689375954711,0.47942381108114585,0.6002637149158834,1.9156974608106905,-2.5915300639706675,-0.9907361635530434,0.39433300612050926,-1.0987972149572356,-1.6325116659989423
University of Wisconsin at Madison,No,14901,10932,4631,36,80,23945,2200,9096,4290,535,1545,93.0,96,11.5,20,11006,72,6.885706384493705,6.8240291444292644,4.682488241295724,5.262121851799814,4.054631332922542,10.907051675195678,63.54449724902248,9.59101592665992,9.725758776489887,4805.090244554321,67728.00439442915,5.628767251036452,6.734949707633466,1.831411546210268,6.885706384493705,6.8240291444292644,4.682488241295724,5.262121851799814,4.054631332922542,10.907051675195678,63.54449724902248,9.59101592665992,9.725758776489887,4805.090244554321,67728.00439442915,5.628767251036452,6.734949707633466,1.831411546210268,0.7336420374471512,Mid,1,0,1.9263193552150328,2.0935394456217393,2.1083730932941074,0.683476302864234,2.012271982278197,1.2987779284318965,-0.2178985889026833,0.02095051300777232,0.5186656921692018,1.4504528230391855,1.263654675854437,-0.6241683558478293,-0.07789765626183243,0.6544535683185625,-0.09037303316776381,0.3581403891754813,-1.6325116659989423
University of Wisconsin at Milwaukee,No,5244,3782,1930,12,37,11561,7443,8786,2964,570,1980,79.0,87,15.9,8,8094,38,6.351076905150961,6.251426591554852,4.432503928557918,3.3372059894156245,3.9685043713203507,13.394764576163878,62.75885677817946,9.731428109991333,10.154192351940459,3468.58928429813,52354.631663757325,7.0090747632262,3.8339176338051995,1.8292659661484636,6.351076905150961,6.251426591554852,4.432503928557918,3.3372059894156245,3.9685043713203507,13.394764576163878,62.75885677817946,9.731428109991333,10.154192351940459,3468.58928429813,52354.631663757325,7.0090747632262,3.8339176338051995,1.8292659661484636,0.721205186880244,Low,0,0,1.0610105169933077,1.1347855624951806,1.4067168797921612,-0.9818731086748947,1.549609454115485,2.2593690716373347,-0.30231073153020604,0.25716645871250754,1.0449788162965008,0.3307179114196808,0.4255260215207906,0.5034686642441683,-1.310419180097965,-0.10352647929714527,-0.17497214808891226,-1.0987972149572356,-1.6325116659989423
University of Wyoming,No,2029,1516,1073,23,46,7535,1488,5988,3422,600,1500,91.0,94,15.1,13,8745,45,5.828055231354408,5.722939561524635,4.244645239403276,4.417175042264962,3.9110534481464208,10.162747814849094,54.667439960586,9.845917647123215,9.675230393594894,4600.715532505121,64098.054902977776,6.770871990413645,5.2034945525684675,1.8298401887294353,5.828055231354408,5.722939561524635,4.244645239403276,4.417175042264962,3.9110534481464208,10.162747814849094,54.667439960586,9.845917647123215,9.675230393594894,4600.715532505121,64098.054902977776,6.770871990413645,5.2034945525684675,1.8298401887294353,0.7471660916707737,Low,0,0,0.21448915144111408,0.249897799281482,0.879434927328466,-0.04753313995778422,1.240990772271076,1.01137671914272,-1.1716827354094568,0.4497726389260374,0.4565936404384389,1.279225486180553,1.0657563528339236,0.3088698067143141,-0.7285459060471434,0.09933207024629197,0.001621560745622452,-1.0987972149572356,-1.6325116659989423
Upper Iowa University,Yes,663,452,192,10,35,1481,1160,8840,3060,500,1000,69.0,75,17.4,19,3733,78,5.163541995400239,4.969634591349646,3.584600884831808,3.0648578681207974,3.6361450098372865,9.701707889474363,62.89700553013714,9.442351022087843,8.993154813797165,2648.1614235052466,35531.398971011564,7.4429419900118345,6.5349533390638825,1.821977254350201,5.163541995400239,4.969634591349646,3.584600884831808,3.0648578681207974,3.6361450098372865,9.701707889474363,62.89700553013714,9.442351022087843,8.993154813797165,2648.1614235052466,35531.398971011564,7.4429419900118345,6.5349533390638825,1.821977254350201,0.6817496229260935,Mid,1,1,-0.8610392255076436,-1.0114204776075368,-0.9731782126716294,-1.2174962818199055,-0.2357806209755607,0.8333534155666923,-0.2874675143248177,-0.22914901677242944,-0.3813083118461038,-0.3566453943418077,-0.4916463924532397,0.8579148600429469,-0.16286735762255852,-2.6784469934530826,-0.44336049699435315,0.3581403891754813,0.6125530498969481
Ursinus College,Yes,1399,1026,308,44,77,1131,17,14900,5160,500,800,82.0,85,11.6,40,12082,79,5.613153910380692,5.486767568017624,3.7835779046315117,5.668515457022506,3.5803492196940536,3.2807093940309575,75.80131029753504,9.442351022087843,8.626435575433408,3736.5073126492257,49267.05353907696,5.662278553171516,9.991196421752138,1.8319951149229177,5.613153910380692,5.486767568017624,3.7835779046315117,5.668515457022506,3.5803492196940536,3.2807093940309575,75.80131029753504,9.442351022087843,8.626435575433408,3736.5073126492257,49267.05353907696,5.662278553171516,9.991196421752138,1.8319951149229177,0.7333809864188706,Mid,1,1,-0.13333306856195795,-0.145543706740321,-0.4146893188785438,1.0350695150852658,-0.535508149362532,-1.646013991684304,1.0990191229607795,-0.22914901677242944,-0.8318078970334455,0.5551825236557095,0.25719681074029643,-0.5967914238632761,1.3055390172857926,0.8606138736250957,-0.09214877903067184,0.3581403891754813,0.6125530498969481
Ursuline College,Yes,325,260,86,21,47,699,717,9600,4202,450,750,39.0,69,10.5,15,7164,68,4.711111027157728,4.6040973114847725,3.212436747963261,4.255852904198828,3.472216095005367,8.838683420761672,64.78508020001863,9.213393432273651,8.52150081906591,854.3711902890158,28587.693255152724,5.287039952492017,5.67618042622164,1.828309533160896,4.711111027157728,4.6040973114847725,3.212436747963261,4.255852904198828,3.472216095005367,8.838683420761672,64.78508020001863,9.213393432273651,8.52150081906591,854.3711902890158,28587.693255152724,5.287039952492017,5.67618042622164,1.828309533160896,0.8,Mid,1,1,-1.5933080782965794,-1.6234685460953355,-2.0177688760477355,-0.18710169614595554,-1.116384844835426,0.5001101137804034,-0.08460572927136699,-0.6143252338289236,-0.960715953306189,-1.8595021883012293,-0.870204749794732,-0.9033411845194759,-0.5277223720549751,-0.44141045499366877,0.36101334232503157,0.3581403891754813,0.6125530498969481
Valley City State University,No,368,344,212,5,27,863,189,4286,2570,600,2000,39.0,41,14.9,25,4958,40,4.791624747365055,4.790851967444309,3.6275099949380714,2.1486200566855134,3.5209783689005367,6.628688955149357,48.42881826752632,9.845917647123215,10.171715522398618,854.3711902890158,7406.169570221859,6.710527469549969,7.666103609271758,1.825010532010973,4.791624747365055,4.790851967444309,3.6275099949380714,2.1486200566855134,3.5209783689005367,6.628688955149357,48.42881826752632,9.845917647123215,10.171715522398618,854.3711902890158,7406.169570221859,6.710527469549969,7.666103609271758,1.825010532010973,0.9347826086956522,Low,0,0,-1.462994961670164,-1.3107704089767596,-0.8527408804559998,-2.0101834480079033,-0.8544404258101077,-0.3532444310201672,-1.8419835201801726,0.4497726389260374,1.0665053144911143,-1.8595021883012293,-2.0249833565326143,0.25957157781628776,0.31770887154146105,-1.6068654725985199,1.2778442828491725,-1.0987972149572356,-1.6325116659989423
Valparaiso University,Yes,2075,1727,520,49,81,2501,198,11800,3260,500,800,87.0,89,14.2,23,9681,95,5.840827696365029,5.800351146165953,3.98792167540633,5.8938321544801,3.735595886180874,6.701459732664984,69.74936547595105,9.442351022087843,8.626435575433408,4205.420538622495,55559.757364651494,6.496691212510575,7.306201546172464,1.830559232471172,5.840827696365029,5.800351146165953,3.98792167540633,5.8938321544801,3.735595886180874,6.701459732664984,69.74936547595105,9.442351022087843,8.626435575433408,4205.420538622495,55559.757364651494,6.496691212510575,7.306201546172464,1.830559232471172,0.832289156626506,Mid,1,1,0.23516164947312557,0.37951415708721153,0.15886297680070843,1.23000324536072,0.2984561966384836,-0.3251451417740173,0.4487755975664263,-0.22914901677242944,-0.8318078970334455,0.9480430791331619,0.6002637149158834,0.0848788535167615,0.16480224108923644,0.3533523323198108,0.5806536811276278,0.3581403891754813,0.6125530498969481
Vanderbilt University,Yes,7791,4690,1499,71,92,5500,90,17865,6525,630,952,93.0,98,5.8,26,23850,83,6.558590123946217,6.370980186631408,4.353735262361156,6.710733946385493,3.865221328890398,5.509218882993142,80.85645149191792,9.955518251301774,8.911791473140443,4805.090244554321,71483.10904926102,3.468921367200614,7.840523349237043,1.8354640719629922,6.558590123946217,6.370980186631408,4.353735262361156,6.710733946385493,3.865221328890398,5.509218882993142,80.85645149191792,9.955518251301774,8.911791473140443,4805.090244554321,71483.10904926102,3.468921367200614,7.840523349237043,1.8354640719629922,0.6019766397124887,High,2,1,1.3968749412523718,1.3349636318139333,1.1856289104675153,1.9367494180219447,0.9947867523964566,-0.785510162318298,1.6421623485696037,0.6341541487893395,-0.4812598480099949,1.4504528230391855,1.4683762334705521,-2.3886463107948757,0.3918121831278882,2.0861100782277937,-0.9859997880418867,1.8150779933081982,0.6125530498969481
Vassar College,Yes,3550,1877,653,53,87,2164,77,18920,5950,600,800,90.0,98,9.7,39,17089,90,6.140584105154211,5.849461980195795,4.071763514932854,6.061395953650468,3.709256815862475,5.283633346275289,82.52123735673526,9.845917647123215,8.626435575433408,4500.210363367248,71483.10904926102,5.00430283369071,9.85206621604371,1.833922942423929,6.140584105154211,5.849461980195795,4.071763514932854,6.061395953650468,3.709256815862475,5.283633346275289,82.52123735673526,9.845917647123215,8.626435575433408,4500.210363367248,71483.10904926102,5.00430283369071,9.85206621604371,1.833922942423929,0.5287323943661972,High,2,1,0.7203235791103756,0.46174432283364736,0.3941903339893986,1.3749718020632458,0.15696623070595683,-0.8726164632592459,1.8210331515393803,0.4497726389260374,-0.8318078970334455,1.1950211720584536,1.4683762334705521,-1.1343222081673965,1.2464286838639715,1.5416673598242954,-1.4842286841783032,1.8150779933081982,0.6125530498969481
Villanova University,Yes,7759,5588,1477,30,68,6362,1292,15925,6507,400,300,89.0,90,13.4,24,10458,96,6.556463670572892,6.466990819837353,4.349030178221384,4.908029058750458,3.8868119373736834,9.900023993620444,77.61802534943035,8.96107520321098,7.0851504204901765,4400.82631344925,57206.93660181433,6.247023944018424,7.488071014907595,1.8310792814416672,6.556463670572892,6.466990819837353,4.349030178221384,4.908029058750458,3.8868119373736834,9.900023993620444,77.61802534943035,8.96107520321098,7.0851504204901765,4400.82631344925,57206.93660181433,6.247023944018424,7.488071014907595,1.8310792814416672,0.7201959015337028,High,2,1,1.3934332326128354,1.4957218522332334,1.172422675701964,0.3771313679720627,1.110768615910773,0.9099300547454298,1.294213764486313,-1.0388011424180428,-2.7252136699495475,1.1117561437041261,0.6900649668386472,-0.11908588055207388,0.24207061628816592,0.537072693277588,-0.18183760382152905,1.8150779933081982,0.6125530498969481
Virginia Commonwealth University,No,4963,3497,1567,18,45,10262,5065,10217,4182,500,3630,81.0,87,8.7,11,11183,45,6.321726857469703,6.20744685967537,4.367788503480253,3.9902206092359616,3.9530470272782035,12.580730686594242,66.24687308120019,9.442351022087843,11.234553498642402,3646.0827031697963,52354.631663757325,4.6376853562464895,4.693250809609002,1.8315134658651075,6.321726857469703,6.20744685967537,4.367788503480253,3.9902206092359616,3.9530470272782035,12.580730686594242,66.24687308120019,9.442351022087843,11.234553498642402,3646.0827031697963,52354.631663757325,4.6376853562464895,4.693250809609002,1.8315134658651075,0.7046141446705622,Mid,1,0,1.0135068595218872,1.0611468081678554,1.225073561386061,-0.41691464264756517,1.4665746675610412,1.9450427101487018,0.07245475037244582,-0.22914901677242944,2.372158297289465,0.47942381108114585,0.4255260215207906,-1.433828974687128,-0.9453261344609437,0.6904592463184166,-0.28782929620752595,0.3581403891754813,-1.6325116659989423
Virginia State University,No,2996,2440,704,2,30,3006,338,5587,4845,500,600,61.0,63,16.0,11,5733,31,6.047143364548973,6.002285346817782,4.098804926857235,1.2265239675635806,3.7678828840179723,7.56021575574572,53.31484607764767,9.442351022087843,8.162552350641706,2072.1143548522737,22556.828963349828,7.038504105436441,4.693250809609002,1.8263914325765234,6.047143364548973,6.002285346817782,4.098804926857235,1.2265239675635806,3.7678828840179723,7.56021575574572,53.31484607764767,9.442351022087843,8.162552350641706,2072.1143548522737,22556.828963349828,7.038504105436441,4.693250809609002,1.8263914325765234,0.8144192256341789,Low,0,0,0.569087813370154,0.7176286101910586,0.4700901954279349,-2.807938928862917,0.47189763435101445,0.006449966980143823,-1.317010467369587,-0.22914901677242944,-1.4016694654541817,-0.8392638380900032,-1.1989966331316235,0.5275108544518977,-0.9453261344609437,-1.1190276635781944,0.4590971554204258,-1.0987972149572356,-1.6325116659989423
Virginia Tech,No,15712,11719,4277,29,53,18511,604,10260,3176,740,2200,85.0,89,13.8,20,8944,73,6.9117567145927765,6.860061850371886,4.661161632288451,4.843751032487945,4.025746069391216,8.539667040531086,66.346561724562,10.32190194888578,10.338539475874114,4014.4961141771587,55559.757364651494,6.372586736365998,6.734949707633466,1.8300027352537547,6.9117567145927765,6.860061850371886,4.661161632288451,4.843751032487945,4.025746069391216,8.539667040531086,66.346561724562,10.32190194888578,10.338539475874114,4014.4961141771587,55559.757364651494,6.372586736365998,6.734949707633466,1.8300027352537547,0.7458630346232179,Mid,1,0,1.9684823517281167,2.1538718639258936,2.0485135462729525,0.32152095127645364,1.8571042066659982,0.3846496495077527,0.08316567005402882,1.2505228253687197,1.271441718087908,0.7880845382194887,0.6002637149158834,-0.01650783055462927,-0.07789765626183243,0.15675571266200902,-0.007242216488166713,0.3581403891754813,-1.6325116659989423
Virginia Union University,Yes,1847,1610,453,19,59,1298,67,7384,3494,500,1763,51.0,67,13.7,8,6757,30,5.774282386017999,5.758764657630089,3.935689613582333,4.08228841706668,3.6092614110889567,5.0853484319456586,58.957901351542276,9.442351022087843,9.952740554438044,1452.1285394184367,26478.47386189595,6.341334969722225,3.8339176338051995,1.8278282747060293,5.774282386017999,5.758764657630089,3.935689613582333,4.08228841706668,3.6092614110889567,5.0853484319456586,58.957901351542276,9.442351022087843,9.952740554438044,1452.1285394184367,26478.47386189595,6.341334969722225,3.8339176338051995,1.8278282747060293,0.8716838115863562,Low,0,1,0.12745669228243348,0.3098825999640241,0.012257974584972098,-0.337261774390416,-0.3801957208656953,-0.9491810589817518,-0.7106995601376148,-0.22914901677242944,0.7975035226222122,-1.3586946375389468,-0.9851956007117693,-0.042038843535126456,-1.310419180097965,-0.6114270919997995,0.848627709142034,-1.0987972149572356,0.6125530498969481
Virginia Wesleyan College,Yes,1470,900,287,20,49,1130,417,10900,5100,500,550,70.0,81,15.7,14,7804,68,5.642106730661525,5.406058040461138,3.7547476818083094,4.170730633321285,3.580160693454433,7.90882939396331,67.7989000455813,9.442351022087843,8.024199890786795,2725.181328249345,43437.61538665517,6.949989369160333,5.444039108195632,1.828986656972439,5.642106730661525,5.406058040461138,3.7547476818083094,4.170730633321285,3.580160693454433,7.90882939396331,67.7989000455813,9.442351022087843,8.024199890786795,2725.181328249345,43437.61538665517,6.949989369160333,5.444039108195632,1.828986656972439,0.6122448979591837,Mid,1,1,-0.08647233183032574,-0.28068207201942724,-0.4956100164975276,-0.26074560260699386,-0.5365208871280956,0.1410616310279168,0.2392103164884853,-0.22914901677242944,-1.5716298036474603,-0.2921172878935758,-0.06061368145330422,0.4551990742383173,-0.6263490551654358,-0.20219946116884377,-0.9161520758112968,0.3581403891754813,0.6125530498969481
Viterbo College,Yes,647,518,271,17,43,1014,387,9140,3365,500,2245,51.0,65,10.7,31,8050,73,5.148418865640127,5.05764440361702,3.7310987747809166,3.894175451333956,3.5567979548794693,7.784169024219231,63.654574788783904,9.442351022087843,10.374131502174492,1452.1285394184367,24468.81775259251,5.356382251004348,8.66494745865426,1.8292245888371443,5.148418865640127,5.05764440361702,3.7310987747809166,3.894175451333956,3.5567979548794693,7.784169024219231,63.654574788783904,9.442351022087843,10.374131502174492,1452.1285394184367,24468.81775259251,5.356382251004348,8.66494745865426,1.8292245888371443,0.8006182380216383,Mid,1,1,-0.885516322915528,-0.864058666450731,-0.5619877918729925,-0.5000085327852752,-0.6620223966765572,0.09292599325465443,-0.20607144744132522,-0.22914901677242944,1.3151650666524375,-1.3586946375389468,-1.0947584403093151,-0.8466922550814785,0.7420738947418721,-0.11814405379940093,0.3652187791564728,0.3581403891754813,0.6125530498969481
Voorhees College,Yes,1465,1006,188,10,30,703,20,4450,2522,500,1200,75.0,43,22.9,3,5861,58,5.6401174035306125,5.47468850444683,3.5754013005145118,3.0648578681207974,3.473566003284341,3.4796038469400528,49.09420951476653,9.442351022087843,9.297325805521908,3127.017536070735,8375.563897491716,8.916458960663402,1.9499929539750755,1.826592018368892,5.6401174035306125,5.47468850444683,3.5754013005145118,3.0648578681207974,3.473566003284341,3.4796038469400528,49.09420951476653,9.442351022087843,9.297325805521908,3127.017536070735,8375.563897491716,8.916458960663402,1.9499929539750755,1.826592018368892,0.6866894197952218,Low,0,1,-0.08969209881850071,-0.1657686411994799,-0.9989996149315227,-1.2174962818199055,-1.1091333179555782,-1.5692140322425172,-1.7704914026663219,-0.22914901677242944,-0.007646689375954711,0.044545418704219096,-1.9721337198740063,2.0616989959450525,-2.110816300186537,-1.0481656942873756,-0.4097585460204871,-1.0987972149572356,0.6125530498969481
Wabash College,Yes,800,623,256,41,76,801,5,12925,4195,500,635,78.0,85,9.9,55,14904,72,5.278940173677165,5.175529785600926,3.70741852323122,5.523485196294676,3.503985350349206,1.936960832026999,72.05455928605755,9.442351022087843,8.2531865632876,3381.5199008967597,49267.05353907696,5.075820123969052,11.893206427725763,1.8332052639535292,5.278940173677165,5.175529785600926,3.70741852323122,5.523485196294676,3.503985350349206,1.936960832026999,72.05455928605755,9.442351022087843,8.2531865632876,3381.5199008967597,49267.05353907696,5.075820123969052,11.893206427725763,1.8332052639535292,0.77875,Mid,1,1,-0.6742648940576297,-0.6666738186648417,-0.628453545084318,0.9095959481215096,-0.9457246506082393,-2.1648813283667963,0.6964542189006792,-0.22914901677242944,-1.2903290422384914,0.2577702434217395,0.25719681074029643,-1.0758964274030898,2.1136198006949316,1.2881294141422053,0.21646459323433037,0.3581403891754813,0.6125530498969481
Wagner College,Yes,1416,1015,417,10,44,1324,117,13500,5800,585,1700,67.0,78,13.2,23,9006,75,5.620227548001284,5.4801555701008695,3.9037961815093065,3.0648578681207974,3.613353651284093,5.896273818368087,73.182079942505,9.789313104939799,9.889943873748738,2497.466346891243,39361.14463169006,6.183677590318551,7.306201546172464,1.8300522429379051,5.620227548001284,5.4801555701008695,3.9037961815093065,3.0648578681207974,3.613353651284093,5.896273818368087,73.182079942505,9.789313104939799,9.889943873748738,2497.466346891243,39361.14463169006,6.183677590318551,7.306201546172464,1.8300522429379051,0.7168079096045198,Mid,1,1,-0.12188424019020269,-0.15661469943165796,-0.07726054175254093,-1.2174962818199055,-0.35821275340335973,-0.6360549970094623,0.8175992438831524,0.3545466040777631,0.7203603688354095,-0.48289935398096173,-0.2828555413330692,-0.17083644547256602,0.16480224108923644,0.17424554557840552,-0.20488372124707263,0.3581403891754813,0.6125530498969481
Wake Forest University,Yes,5661,2392,903,75,88,3499,172,13850,4360,500,1250,95.0,97,4.3,37,41766,89,6.391657020507631,5.990808440120352,4.18610517564431,6.836931732934785,3.7935786672664498,6.482189295317253,73.85301989484749,9.442351022087843,9.365994585919545,5013.952455197691,69589.80855298844,2.778798592948008,9.56813346581784,1.8375019185668204,6.391657020507631,5.990808440120352,4.18610517564431,6.836931732934785,3.7935786672664498,6.482189295317253,73.85301989484749,9.442351022087843,9.365994585919545,5013.952455197691,69589.80855298844,2.778798592948008,9.56813346581784,1.8375019185668204,0.4225401872460696,Mid,1,1,1.1266902706001451,0.6984119147585888,0.7151246191118071,2.045929987248018,0.6099319481094975,-0.4098129665865338,0.8896875349698704,-0.22914901677242944,0.07671009872843897,1.6254398345940284,1.3651568927969056,-2.9524395103415952,1.1257980885897985,2.806030575859644,-2.2065793054674847,0.3581403891754813,0.6125530498969481
Walsh University,Yes,1092,890,477,27,92,847,497,8670,4180,500,1450,42.0,58,11.3,33,5738,68,5.466679380436818,5.399141671228266,3.9553682883042094,4.709852044651068,3.5167388508882076,8.205108969536592,62.46019542570021,9.442351022087843,9.617414096506403,988.8958068635002,18191.521233243842,5.561395109609361,8.975326246182142,1.826399397276493,5.466679380436818,5.399141671228266,3.9553682883042094,4.709852044651068,3.5167388508882076,8.205108969536592,62.46019542570021,9.442351022087843,9.617414096506403,988.8958068635002,18191.521233243842,5.561395109609361,8.975326246182142,1.826399397276493,0.815018315018315,Low,0,1,-0.3704051160865801,-0.2922626977533954,0.06749209804203221,0.20567765393688317,-0.8772145500249536,0.25546532130005223,-0.33440002124787394,-0.22914901677242944,0.38556868420312496,-1.746796014396346,-1.436985365837391,-0.6792077728800088,0.8739402534841448,-1.1162139332636565,0.4631723375884443,-1.0987972149572356,0.6125530498969481
Warren Wilson College,Yes,440,311,112,25,49,466,7,10000,3052,400,1100,65.0,75,11.4,20,9430,63,4.906174114452205,4.723980663202715,3.339724927624873,4.568038251472815,3.371871216960518,2.276675341792298,65.73954192704598,8.96107520321098,9.15165023999676,2351.2286673140156,35531.398971011564,5.595139884147383,6.734949707633466,1.8303772544772092,4.906174114452205,4.723980663202715,3.339724927624873,4.568038251472815,3.371871216960518,2.276675341792298,65.73954192704598,8.96107520321098,9.15165023999676,2351.2286673140156,35531.398971011564,5.595139884147383,6.734949707633466,1.8303772544772092,0.7068181818181818,Mid,1,1,-1.2775944486362185,-1.4227383390698465,-1.6604962888730483,0.08298682799864276,-1.6554241201188573,-2.0337059225665857,0.01794519882414195,-1.0388011424180428,-0.18660316336359328,-0.6054188583331771,-0.4916463924532397,-0.6516401064957508,-0.07789765626183243,0.2890640351901074,-0.2728367873775092,0.3581403891754813,0.6125530498969481
Wartburg College,Yes,1231,1074,345,34,66,1295,105,11600,3610,400,850,66.0,91,12.4,37,7735,67,5.537847803753001,5.5147590298282845,3.8292456820805647,5.149577531776267,3.608782806318157,5.735465499659385,69.32460679379864,8.96107520321098,8.725466682985342,2423.7905034076744,58884.14428434742,5.92634355842144,9.56813346581784,1.8289178319373025,5.537847803753001,5.5147590298282845,3.8292456820805647,5.149577531776267,3.608782806318157,5.735465499659385,69.32460679379864,8.96107520321098,8.725466682985342,2423.7905034076744,58884.14428434742,5.92634355842144,9.56813346581784,1.8289178319373025,0.8724614134849715,Mid,1,1,-0.2552175552107637,-0.09867538145843012,-0.28650895646692215,0.5861080901616065,-0.3827667217361517,-0.6981485957704842,0.40313794040544176,-1.0388011424180428,-0.7101522318661437,-0.544625769857051,0.781503315639944,-0.38106451301120514,1.1257980885897985,-0.22651363351716397,0.8539171859295822,0.3581403891754813,0.6125530498969481
Washington and Jefferson College,Yes,1305,1100,334,42,64,1098,151,16260,4005,300,500,91.0,91,12.1,40,10162,86,5.572297878054273,5.52936777876481,3.8162823328407636,5.572727488079942,3.574018215717795,6.28185383165407,78.19507151224035,8.360621760581918,7.873683591318896,4600.715532505121,58884.14428434742,5.828139320813687,9.991196421752138,1.8308884103498855,5.572297878054273,5.52936777876481,3.8162823328407636,5.572727488079942,3.574018215717795,6.28185383165407,78.19507151224035,8.360621760581918,7.873683591318896,4600.715532505121,58884.14428434742,5.828139320813687,9.991196421752138,1.8308884103498855,0.842911877394636,High,2,1,-0.19945939947469637,-0.0742147940925431,-0.32289449779263835,0.9521981331052524,-0.5695174566801785,-0.4871693496281269,1.3562137566016816,-2.0489462340837274,-1.756532921293452,1.279225486180553,0.781503315639944,-0.4612920948206636,1.3055390172857926,0.4696426859743391,0.6529125516675338,1.8150779933081982,0.6125530498969481
Washington and Lee University,Yes,3315,1096,425,68,93,1584,3,13750,4619,680,1115,81.0,96,9.6,45,15736,90,6.103005116504228,5.527144463897684,3.9111513243894356,6.612336887273793,3.649553824252848,1.472188940924196,73.6624705065738,10.12845616521549,9.174264509942732,3646.0827031697963,67728.00439442915,4.968327625700188,10.66114318995264,1.8334966238164647,6.103005116504228,5.527144463897684,3.9111513243894356,6.612336887273793,3.649553824252848,1.472188940924196,73.6624705065738,10.12845616521549,9.174264509942732,3646.0827031697963,67728.00439442915,4.968327625700188,10.66114318995264,1.8334966238164647,0.3306184012066365,Mid,1,1,0.6595012109719031,-0.07793746656679172,-0.056616119522534834,1.8516207702243794,-0.1637502618201717,-2.3443456717122193,0.8692141979442372,0.9250882537516802,-0.1588224576786911,0.47942381108114585,1.263654675854437,-1.1637120187547967,1.590170069482996,1.391059603843642,-2.83185832599375,0.3581403891754813,0.6125530498969481
Washington College,Yes,1209,942,214,31,60,822,46,15276,5318,500,300,79.0,86,11.2,37,10830,65,5.527176014542804,5.434235920459967,3.6315428024650758,4.970662962552278,3.509915405511458,4.5630107904642045,76.47699990768332,9.442351022087843,7.0851504204901765,3468.58928429813,50796.25679590814,5.527531557925774,9.56813346581784,1.8313076643125616,5.527176014542804,5.434235920459967,3.6315428024650758,4.970662962552278,3.509915405511458,4.5630107904642045,76.47699990768332,9.442351022087843,7.0851504204901765,3468.58928429813,50796.25679590814,5.527531557925774,9.56813346581784,1.8313076643125616,0.7791563275434243,High,2,1,-0.272490066136602,-0.2335016119751344,-0.8414215923447178,0.4313193649006998,-0.9138691867387,-1.1508735098970577,1.1716177349983823,-0.22914901677242944,-2.7252136699495475,0.3307179114196808,0.3405662242258264,-0.706872473805698,1.1257980885897985,0.6177546787401086,0.21922855267541644,1.8150779933081982,0.6125530498969481
Washington State University,No,6540,5839,2440,31,70,14445,1344,8200,4210,800,2719,84.0,87,16.9,30,10912,56,6.467587056136848,6.490886077621585,4.50286017461522,4.970662962552278,3.996324769130398,9.973098527840632,61.222485738634354,10.50211456361832,10.713490454337377,3920.713741190657,52354.631663757325,7.3000789141082825,8.50587730878895,1.831356385341858,6.467587056136848,6.490886077621585,4.50286017461522,4.970662962552278,3.996324769130398,9.973098527840632,61.222485738634354,10.50211456361832,10.713490454337377,3920.713741190657,52354.631663757325,7.3000789141082825,8.50587730878895,1.831356385341858,0.8928134556574924,Low,0,0,1.2495845992054913,1.5357315781311336,1.604192860041189,0.4313193649006998,1.6990569133761568,0.9381466348574098,-0.4673841666852411,1.553695186961413,1.7320536593020115,0.7095126551829224,0.4255260215207906,0.7412034085943565,0.6744919519989533,0.6349666060707768,0.9923577618109509,-1.0987972149572356,-1.6325116659989423
Washington University,Yes,7654,5259,1254,62,93,4879,1274,18350,5775,768,1512,91.0,98,3.9,31,45702,90,6.549419531897025,6.433868955421792,4.296213580078093,6.4047571911467545,3.846929841118741,9.874101966256935,81.62958195333032,10.407528952643814,9.688840477049185,4600.715532505121,71483.10904926102,2.580950066413361,8.66494745865426,1.8377754727149673,6.549419531897025,6.433868955421792,4.296213580078093,6.4047571911467545,3.846929841118741,9.874101966256935,81.62958195333032,10.407528952643814,9.688840477049185,4600.715532505121,71483.10904926102,2.580950066413361,8.66494745865426,1.8377754727149673,0.687091716749412,High,2,1,1.382032148891488,1.4402632868366951,1.0241769963734981,1.6720322845414457,0.8965273244674812,0.8999206722762453,1.7252303691215456,1.3945734568073531,0.4733130712975343,1.279225486180553,1.4683762334705521,-3.1140711184585355,0.7420738947418721,2.9026704495838045,-0.40702200383266596,1.8150779933081982,0.6125530498969481
Wayne State College,No,1373,1373,724,6,21,2754,474,2700,2660,540,1660,60.0,68,20.3,29,4550,52,5.602155036040384,5.663610033615772,4.108797776837829,2.3713672987497,3.7526748305915203,8.124668374717361,40.90527304608204,9.611556673763596,9.848944495643556,2005.1172269621243,27520.52043115919,8.240522013527427,8.344048523822103,1.8241413860740479,5.602155036040384,5.663610033615772,4.108797776837829,2.3713672987497,3.7526748305915203,8.124668374717361,40.90527304608204,9.611556673763596,9.848944495643556,2005.1172269621243,27520.52043115919,8.240522013527427,8.344048523822103,1.8241413860740479,1.0,Low,0,0,-0.15113497351650598,0.15055766364788475,0.4981381365274651,-1.8174726933497243,0.39020200367016955,0.22440445293881253,-2.6503412816072407,0.05550628934752403,0.6699943097441695,-0.8953947540471879,-0.9283850943804479,1.5094948543988653,0.605737985971725,-1.9139131052566696,1.7214721572963374,-1.0987972149572356,-1.6325116659989423
Waynesburg College,Yes,1190,978,324,12,30,1280,61,8840,3620,500,1200,57.0,58,16.2,26,6563,63,5.517790445614514,5.457339303795261,3.804062853042361,3.3372059894156245,3.606369343708721,4.953159198913109,62.89700553013714,9.442351022087843,9.297325805521908,1810.795332056283,18191.521233243842,7.097139250590258,7.840523349237043,1.8275828246120265,5.517790445614514,5.457339303795261,3.804062853042361,3.3372059894156245,3.606369343708721,4.953159198913109,62.89700553013714,9.442351022087843,9.297325805521908,1810.795332056283,18191.521233243842,7.097139250590258,7.840523349237043,1.8275828246120265,0.8218487394957983,Mid,1,1,-0.28768080300987153,-0.1948177842924227,-0.35719214564265944,-0.9818731086748947,-0.3957315203513089,-1.0002238486978667,-0.2874675143248177,-0.22914901677242944,-0.007646689375954711,-1.0581997323364798,-1.436985365837391,0.5754126153059119,0.3918121831278882,-0.6981385027047662,0.5096348935403838,0.3581403891754813,0.6125530498969481
Webber College,Yes,280,143,79,5,27,327,110,5590,2900,650,1952,53.0,63,15.1,4,4839,90,4.613609117995753,4.193597394203042,3.1704864240370063,2.1486200566855134,3.276678020541158,5.804394946023685,53.32519825812531,10.026082431745259,10.129382445984328,1567.2469311353118,22556.828963349828,6.770871990413645,2.3994070378288304,1.8247687390291436,4.613609117995753,4.193597394203042,3.1704864240370063,2.1486200566855134,3.276678020541158,5.804394946023685,53.32519825812531,10.026082431745259,10.129382445984328,1567.2469311353118,22556.828963349828,6.770871990413645,2.3994070378288304,1.8247687390291436,0.5107142857142857,Low,0,1,-1.751116929101196,-2.3108011256329446,-2.1355150862755283,-2.0101834480079033,-2.166789250154402,-0.6715325760288845,-1.3158981904854206,0.7528645357434074,1.0145008615765816,-1.2622472080135945,-1.1989966331316235,0.3088698067143141,-1.9198799308640517,-1.6922849165721516,-1.6067931579013224,-1.0987972149572356,0.6125530498969481
Webster University,Yes,665,462,226,17,44,1739,1550,9160,4340,500,500,68.0,68,20.6,14,6951,48,5.165404829390179,4.983820267570339,3.654862342327984,3.894175451333956,3.667847649924314,10.239280864408514,63.704494966460764,9.442351022087843,7.873683591318896,2572.256540860469,27520.52043115919,8.320268241661891,5.444039108195632,1.8280630906720738,5.165404829390179,4.983820267570339,3.654862342327984,3.894175451333956,3.667847649924314,10.239280864408514,63.704494966460764,9.442351022087843,7.873683591318896,2572.256540860469,27520.52043115919,8.320268241661891,5.444039108195632,1.8280630906720738,0.6947368421052632,Mid,1,1,-0.8580241902768575,-0.9876682744552945,-0.7759682850486828,-0.5000085327852752,-0.06547827500584556,1.0409287504646096,-0.20070783734938485,-0.22914901677242944,-1.756532921293452,-0.4202393232555936,-0.9283850943804479,1.5746432349321753,-0.6263490551654358,-0.5284724540946957,-0.3550176129230242,0.3581403891754813,0.6125530498969481
Wellesley College,Yes,2895,1249,579,80,96,2195,156,18345,5995,500,700,94.0,98,10.6,51,21409,91,6.0281157880285825,5.606545158338421,4.027854411158002,6.987385474212312,3.711882490818965,6.331748485811421,81.62168044440152,9.442351022087843,8.409880082919223,4908.960288837765,71483.10904926102,5.321775689285814,11.415703917127777,1.8349950670937196,6.0281157880285825,5.606545158338421,4.027854411158002,6.987385474212312,3.711882490818965,6.331748485811421,81.62168044440152,9.442351022087843,8.409880082919223,4908.960288837765,71483.10904926102,5.321775689285814,11.415703917127777,1.8349950670937196,0.431433506044905,High,2,1,0.5382912883575871,0.05500941558708314,0.27094621856668183,2.17609570222636,0.17107100569052386,-0.46790331500725246,1.7243814015295955,-0.22914901677242944,-1.0978374622751548,1.5374762658306833,1.4683762334705521,-0.8749639552550215,1.9107498885325442,1.9204223281075454,-2.1460843356963566,1.8150779933081982,0.6125530498969481
Wells College,Yes,318,240,130,40,85,416,19,14900,5550,600,500,93.0,98,8.3,42,13935,69,4.696929753610289,4.55006005722071,3.4094054111298977,5.473292195405891,3.342161260207517,3.416366823712666,75.80131029753504,9.845917647123215,7.873683591318896,4805.090244554321,71483.10904926102,4.48649314013176,10.264131539363945,1.8328325975199709,4.696929753610289,4.55006005722071,3.4094054111298977,5.473292195405891,3.342161260207517,3.416366823712666,75.80131029753504,9.845917647123215,7.873683591318896,4805.090244554321,71483.10904926102,4.48649314013176,10.264131539363945,1.8328325975199709,0.7547169811320755,Mid,1,1,-1.616260761999927,-1.7139474080897388,-1.4649170396167148,0.8661712529818544,-1.8150220375101371,-1.5936320124729781,1.0990191229607795,0.4497726389260374,-1.756532921293452,1.4504528230391855,1.4683762334705521,-1.5573448858410492,1.4214971999277994,1.1564756361816688,0.052984931388132164,0.3581403891754813,0.6125530498969481
Wentworth Institute of Technology,Yes,1480,1257,452,6,25,2961,572,9850,6050,850,920,10.0,68,15.4,8,17858,64,5.646063694928808,5.6104061492107125,3.93484370531029,2.3713672987497,3.765283770888683,8.445690755501161,65.38460979357372,10.643493803603995,8.85541182693874,62.44275133288319,27520.52043115919,6.86078471362386,3.8339176338051995,1.834142756524828,5.646063694928808,5.6104061492107125,3.93484370531029,2.3713672987497,3.765283770888683,8.445690755501161,65.38460979357372,10.643493803603995,8.85541182693874,62.44275133288319,27520.52043115919,6.86078471362386,3.8339176338051995,1.834142756524828,0.8493243243243244,Mid,1,1,-0.08006790355746565,0.06147417892588261,0.009883678419619842,-1.8174726933497243,0.45793554595258434,0.3483621876242042,-0.020190033493514257,1.7915380157237073,-0.5505199373911869,-2.5229883712318713,-0.9283850943804479,0.3823236670850935,-1.310419180097965,1.619322212063175,0.6965319014226847,0.3581403891754813,0.6125530498969481
Wesley College,Yes,980,807,350,10,25,872,448,9890,4674,500,1350,52.0,57,14.4,15,6243,84,5.40186746513658,5.338313001964731,3.8349814468839503,3.0648578681207974,3.523321236121319,8.029330817437044,65.4796036103395,9.442351022087843,9.496020108486013,1509.1334387814354,17387.592967656466,6.558213800428661,5.67618042622164,1.8271525087962854,5.40186746513658,5.338313001964731,3.8349814468839503,3.0648578681207974,3.523321236121319,8.029330817437044,65.4796036103395,9.442351022087843,9.496020108486013,1509.1334387814354,17387.592967656466,6.558213800428661,5.67618042622164,1.8271525087962854,0.823469387755102,Mid,1,1,-0.47530453764545033,-0.394112964695231,-0.27040980620663224,-1.2174962818199055,-0.8418548561887925,0.18759135722239323,-0.009983543493118242,-0.22914901677242944,0.236441135041996,-1.3109353183553147,-1.4808140901662576,0.13513949985508442,-0.5277223720549751,-0.8501583729075494,0.5206590195920723,0.3581403891754813,0.6125530498969481
Wesleyan University,Yes,4772,1973,712,60,86,2714,27,19130,5600,1400,1400,90.0,94,12.1,39,16262,92,6.300739930562776,5.8787372657536325,4.102840942373465,6.332033025583393,3.7501049255250756,3.857904601077541,82.84529011239516,11.849507696705928,9.557721089085858,4500.210363367248,64098.054902977776,5.828139320813687,9.85206621604371,1.833668854034346,6.300739930562776,5.8787372657536325,4.102840942373465,6.332033025583393,3.7501049255250756,3.857904601077541,82.84529011239516,11.849507696705928,9.557721089085858,4500.210363367248,64098.054902977776,5.828139320813687,9.85206621604371,1.833668854034346,0.41345347862531434,High,2,1,0.9795390855001427,0.5107622560707896,0.4814184877265137,1.6091146533387966,0.37639681708212636,-1.4231391560978544,1.8558505883247511,3.8204197376162234,0.3122382660840021,1.1950211720584536,1.0657563528339236,-0.4612920948206636,1.2464286838639715,1.4519042542365592,-2.268389769678396,1.8150779933081982,0.6125530498969481
West Chester University of Penn.,No,6502,3539,1372,11,51,7484,1904,7844,4108,400,2000,76.0,79,15.3,16,6773,52,6.4645370950617815,6.214164182977393,4.325400310360063,3.2055940737410316,3.9100977730217648,10.629066570487165,60.25360261327403,8.96107520321098,10.171715522398618,3210.7343245943,40692.25666426344,6.830893399583299,5.900711370401069,1.8278480327507771,6.4645370950617815,6.214164182977393,4.325400310360063,3.2055940737410316,3.9100977730217648,10.629066570487165,60.25360261327403,8.96107520321098,10.171715522398618,3210.7343245943,40692.25666426344,6.830893399583299,5.900711370401069,1.8278480327507771,0.5442940633651184,Low,0,0,1.24464817430477,1.0723941555079977,1.1060983394764514,-1.095737735489672,1.2358570132129332,1.1914383598578429,-0.5714845836094821,-1.0388011424180428,1.0665053144911143,0.11468424657347391,-0.21028570541136532,0.3579040707316264,-0.4323290036172367,-0.6044470664275187,-1.378373635352063,-1.0987972149572356,-1.6325116659989423
West Liberty State College,No,1164,1062,478,12,25,2138,227,4470,2890,600,1210,33.0,33,16.3,10,4249,60,5.504683173300652,5.507888458591787,3.9561632906164648,3.3372059894156245,3.707019026646953,6.91704938612597,49.17424631899124,9.845917647123215,9.311268854029498,615.0630636068494,4235.803436609248,7.126346294770561,4.421054272265976,1.823419095586864,5.504683173300652,5.507888458591787,3.9561632906164648,3.3372059894156245,3.707019026646953,6.91704938612597,49.17424631899124,9.845917647123215,9.311268854029498,615.0630636068494,4235.803436609248,7.126346294770561,4.421054272265976,1.823419095586864,0.9123711340206185,Low,0,0,-0.30889519356706063,-0.11017932397356985,0.06972351130966178,-0.9818731086748947,0.14494512608681673,-0.2418985936692285,-1.7618919498830183,0.4497726389260374,0.009481775432553024,-2.0599971165120703,-2.197826020784701,0.599273199975862,-1.060970526681064,-2.16908036170828,1.1253948414583939,-1.0987972149572356,-1.6325116659989423
West Virginia Wesleyan College,Yes,1566,1400,483,28,55,1509,170,14200,3775,450,1100,58.0,81,16.4,42,8080,67,5.678953717754621,5.675303895147167,3.9601097130256546,4.777728697775314,3.639900113715388,6.464097276055984,74.5129112215024,9.213393432273651,9.15165023999676,1874.458100634458,43437.61538665517,7.155480466306929,10.264131539363945,1.8292528383420579,5.678953717754621,5.675303895147167,3.9601097130256546,4.777728697775314,3.639900113715388,6.464097276055984,74.5129112215024,9.213393432273651,9.15165023999676,1874.458100634458,43437.61538665517,7.155480466306929,10.264131539363945,1.8292528383420579,0.8939974457215837,Mid,1,1,-0.026834723308074286,0.17013762377151362,0.08080033358776872,0.26440143846515807,-0.21560870475517116,-0.4167989147875154,0.9605887205013244,-0.6143252338289236,-0.18660316336359328,-1.0048623785543536,-0.06061368145330422,0.6230742516139866,1.4214971999277994,-0.10816420664260272,1.0004116104086083,0.3581403891754813,0.6125530498969481
Western Carolina University,No,3224,2519,1057,11,31,5000,706,6390,2380,110,1622,67.0,78,14.6,9,6554,55,6.087678701629628,6.020658351805672,4.23960866345423,3.2055940737410316,3.8507092044175266,8.811543729194634,55.96492469618322,6.433897598803511,9.809138571345455,2497.466346891243,39361.14463169006,6.61939203611697,4.135322577728063,1.827571166438076,6.087678701629628,6.020658351805672,4.23960866345423,3.2055940737410316,3.8507092044175266,8.811543729194634,55.96492469618322,6.433897598803511,9.809138571345455,2497.466346891243,39361.14463169006,6.61939203611697,4.135322577728063,1.827571166438076,0.7813275434243176,Low,0,0,0.6346950924137782,0.7483919901103695,0.8652982610284117,-1.095737735489672,0.9168295590538801,0.48963054946312307,-1.0322761357968588,-5.290281559754384,0.6210943598416085,-0.48289935398096173,-0.2828555413330692,0.18511882893705714,-1.18236541463741,-0.7022570454724648,0.23399780159725136,-1.0987972149572356,-1.6325116659989423
Western Maryland College,Yes,1205,984,278,31,50,1071,98,14510,5340,500,1400,84.0,91,12.5,39,10026,60,5.525213317632038,5.4611013194507825,3.741638016711902,4.970662962552278,3.5686633188078014,5.633794401716762,75.08851994207993,9.442351022087843,9.557721089085858,3920.713741190657,58884.14428434742,5.958866657838342,9.85206621604371,1.830797811138256,5.525213317632038,5.4611013194507825,3.741638016711902,4.970662962552278,3.5686633188078014,5.633794401716762,75.08851994207993,9.442351022087843,9.557721089085858,3920.713741190657,58884.14428434742,5.958866657838342,9.85206621604371,1.830797811138256,0.816597510373444,Mid,1,1,-0.27566673156426297,-0.18851874301150634,-0.5324062373126774,0.4313193649006998,-0.5982832472797769,-0.737407288429772,1.0224342684615746,-0.22914901677242944,0.3122382660840021,0.7095126551829224,0.781503315639944,-0.3544948895129964,1.2464286838639715,0.4376362388752852,0.473914488795679,0.3581403891754813,0.6125530498969481
Western Michigan University,No,9167,7191,2738,24,53,15739,4278,6940,4100,500,1700,80.0,84,24.7,11,5983,55,6.642106956569647,6.603154244698039,4.53650279820614,4.493818501377219,4.00668393451966,12.232026241897259,57.65595215416691,9.442351022087843,9.889943873748738,3556.7767888093103,47766.80550904597,9.365908048263234,4.693250809609002,1.8267770118189388,6.642106956569647,6.603154244698039,4.53650279820614,4.493818501377219,4.00668393451966,12.232026241897259,57.65595215416691,9.442351022087843,9.889943873748738,3556.7767888093103,47766.80550904597,9.365908048263234,4.693250809609002,1.8267770118189388,0.7844442020290171,Low,0,0,1.5320486572587946,1.7237110773417472,1.698621008842008,0.018775285270126344,1.7547049655016775,1.8103959826095524,-0.8505858381761061,-0.22914901677242944,0.7203603688354095,0.4046023533364621,0.17540598418550252,2.4288747342123322,-0.9453261344609437,-0.9828121115563805,0.2551982299573491,-1.0987972149572356,-1.6325116659989423
Western New England College,Yes,1650,1471,409,7,21,1803,1116,8994,5500,498,2065,74.0,97,15.4,15,8409,59,5.709258998036019,5.704938675041204,3.896276390302759,2.569862268252232,3.674829997390272,9.631000907041111,63.287965180993766,9.433584599242955,10.227565729238597,3044.4176772221554,69589.80855298844,6.86078471362386,5.67618042622164,1.8295523769949016,5.709258998036019,5.704938675041204,3.896276390302759,2.569862268252232,3.674829997390272,9.631000907041111,63.287965180993766,9.433584599242955,10.227565729238597,3044.4176772221554,69589.80855298844,6.86078471362386,5.67618042622164,1.8295523769949016,0.8915151515151515,Mid,1,1,0.022214997826867207,0.21975748689713356,-0.09836709906618117,-1.6457438988012263,-0.02797003750372891,0.8060510282768524,-0.24546135115669115,-0.243896802994549,1.1351150092709685,-0.024657633443134833,1.3651568927969056,0.3823236670850935,-0.5277223720549751,-0.0023446539784726045,0.9835263152361439,0.3581403891754813,0.6125530498969481
Western State College of Colorado,No,2702,1623,604,7,24,2315,146,5918,3755,500,2050,76.0,79,19.4,4,4599,52,5.98968957116055,5.763542422144526,4.043379922083219,2.569862268252232,3.721635935575424,6.2304356624443615,54.43570823678222,9.442351022087843,10.214823265778836,3210.7343245943,40692.25666426344,7.998321504092638,2.3994070378288304,1.8242520210351967,5.98968957116055,5.763542422144526,4.043379922083219,2.569862268252232,3.721635935575424,6.2304356624443615,54.43570823678222,9.442351022087843,10.214823265778836,3210.7343245943,40692.25666426344,7.998321504092638,2.3994070378288304,1.8242520210351967,0.6006661732050333,Low,0,0,0.47609766387543134,0.31788239014638625,0.3145232378170718,-1.6457438988012263,0.2234652075220178,-0.5070236655837428,-1.1965808561746167,-0.22914901677242944,1.1194614140887247,0.11468424657347391,-0.21028570541136532,1.3116300610018234,-1.9198799308640517,-1.8748285263996944,-0.9949139666008482,-1.0987972149572356,-1.6325116659989423
Western Washington University,No,5548,3563,1549,30,71,8909,506,8124,4144,639,2385,75.0,89,22.7,10,7203,61,6.380985718737945,6.217964460239244,4.3641381327435145,4.908029058750458,3.9341787046738683,8.23566401616153,61.018000612828246,9.987510434440136,10.480783327050466,3127.017536070735,55559.757364651494,8.865630751123325,4.421054272265976,1.8283534352410735,6.380985718737945,6.217964460239244,4.3641381327435145,4.908029058750458,3.9341787046738683,8.23566401616153,61.018000612828246,9.987510434440136,10.480783327050466,3127.017536070735,55559.757364651494,8.865630751123325,4.421054272265976,1.8283534352410735,0.6422134102379236,Low,0,0,1.1094185486068266,1.078757261231973,1.2148276972317582,0.3771313679720627,1.3652165599961592,0.26726367116458916,-0.48935481133167896,0.6879747191692652,1.4461824713582152,0.044545418704219096,0.6002637149158834,2.0201750817185355,-1.060970526681064,-0.4259009424773406,-0.7122974423053594,-1.0987972149572356,-1.6325116659989423
Westfield State College,No,3100,2150,825,3,20,3234,941,5542,3788,500,1300,75.0,79,15.7,20,4222,65,6.066029779241249,5.928921595572046,4.154814057981738,1.594012467366829,3.780359827813406,9.321938834060491,53.159123281655866,9.442351022087843,9.432165418805424,3127.017536070735,40692.25666426344,6.949989369160333,6.734949707633466,1.8233504482884646,6.066029779241249,5.928921595572046,4.154814057981738,1.594012467366829,3.780359827813406,9.321938834060491,53.159123281655866,9.442351022087843,9.432165418805424,3127.017536070735,40692.25666426344,6.949989369160333,6.734949707633466,1.8233504482884646,0.6935483870967742,Low,0,0,0.5996558650526717,0.5947898609844905,0.6272966794506794,-2.490004639445861,0.5389221090654759,0.6867115780169966,-1.3337419054172122,-0.22914901677242944,0.1579982604829097,0.044545418704219096,-0.21028570541136532,0.4551990742383173,-0.07789765626183243,-2.1933317440900617,-0.3631018333855022,-1.0987972149572356,-1.6325116659989423
Westminster College MO,Yes,662,553,184,20,43,665,37,10720,4050,600,1650,66.0,70,12.5,20,7925,62,5.162608317929659,5.099574826768469,3.565973714003953,4.170730633321285,3.4603480873571004,4.269839145484286,67.39622223201015,9.845917647123215,9.838551735908597,2423.7905034076744,29680.22624897121,5.958866657838342,6.734949707633466,1.8291051119879544,5.162608317929659,5.099574826768469,3.565973714003953,4.170730633321285,3.4603480873571004,4.269839145484286,67.39622223201015,9.845917647123215,9.838551735908597,2423.7905034076744,29680.22624897121,5.958866657838342,6.734949707633466,1.8291051119879544,0.8353474320241692,Mid,1,1,-0.8625504017494298,-0.7938512323137594,-1.0254609739704748,-0.26074560260699386,-1.1801381959424015,-1.2640771217354958,0.19594511020954414,0.4497726389260374,0.6572272294828756,-0.544625769857051,-0.8106418143240208,-0.3544948895129964,-0.07789765626183243,-0.16035225168961043,0.6014569697444312,0.3581403891754813,0.6125530498969481
Westminster College,Yes,996,866,377,29,58,1411,72,12065,3615,430,685,62.0,78,12.5,41,8596,80,5.411599331022219,5.382197549996306,3.864403665221388,4.843751032487945,3.6263658737459608,5.187597127896864,70.30494723897233,9.11555052083504,8.374953093219245,2140.223695713882,39361.14463169006,5.958866657838342,10.12852980378421,1.8297146999059986,5.411599331022219,5.382197549996306,3.864403665221388,4.843751032487945,3.6263658737459608,5.187597127896864,70.30494723897233,9.11555052083504,8.374953093219245,2140.223695713882,39361.14463169006,5.958866657838342,10.12852980378421,1.8297146999059986,0.8694779116465864,Mid,1,1,-0.4595533120048728,-0.32063358423610366,-0.18782749499926185,0.32152095127645364,-0.2883128332247027,-0.9096993359514103,0.508469374506252,-0.7789267328414803,-1.1407438405766797,-0.7822010981159766,-0.2828555413330692,-0.3544948895129964,1.3638859589907049,0.05499999144991835,0.8336225290520114,0.3581403891754813,0.6125530498969481
Westminster College of Salt Lake City,Yes,917,720,213,21,60,979,743,8820,4050,600,2025,68.0,83,10.5,34,7170,50,5.361818669430751,5.266913499512679,3.6295318478622507,4.255852904198828,3.5491018660752096,8.901350810558913,62.845904136344856,9.845917647123215,10.193392639497057,2572.256540860469,46295.29542396985,5.287039952492017,9.126868146634914,1.8283163112924066,5.361818669430751,5.266913499512679,3.6295318478622507,4.255852904198828,3.5491018660752096,8.901350810558913,62.845904136344856,9.845917647123215,10.193392639497057,2572.256540860469,46295.29542396985,5.287039952492017,9.126868146634914,1.8283163112924066,0.7851690294438386,Mid,1,1,-0.5401243394397569,-0.5136628163079656,-0.8470659416908405,-0.18710169614595554,-0.7033647572673078,0.5243081390362937,-0.29295803868213743,0.4497726389260374,1.0931347662332067,-0.4202393232555936,0.09518189874570733,-0.9033411845194759,0.9383237726310382,-0.43901590979046584,0.2601287191864829,0.3581403891754813,0.6125530498969481
Westmont College,No,950,713,351,42,72,1276,9,14320,5304,490,1410,77.0,77,14.9,17,8837,87,5.383152113308509,5.260772303144116,3.8361172597783586,5.572727488079942,3.605719927379815,2.5460192316591432,74.73669758311738,9.398209033684472,9.569815932381553,3295.568346309384,38057.447169980325,6.710527469549969,6.118308313178587,1.8299160374719978,5.383152113308509,5.260772303144116,3.8361172597783586,5.572727488079942,3.605719927379815,2.5460192316591432,74.73669758311738,9.398209033684472,9.569815932381553,3295.568346309384,38057.447169980325,6.710527469549969,6.118308313178587,1.8299160374719978,0.7505263157894737,Mid,1,0,-0.5055957205543463,-0.5239455086149515,-0.26722180546366914,0.9521981331052524,-0.39922009808553394,-1.9297030229627374,0.9846331619167052,-0.303409250383206,0.3270962863829321,0.18575910445405372,-0.3539307841170397,0.25957157781628776,-0.3398815888114029,0.1261275436581606,0.024478793358445206,0.3581403891754813,-1.6325116659989423
Wheaton College IL,Yes,1432,920,548,56,84,2200,56,11480,4200,530,1400,81.0,83,12.7,40,11916,85,5.626802344320541,5.419647574958962,4.007491454283106,6.180642261153285,3.7123017520754766,4.833741809212306,69.06743783282161,9.570307072602095,9.557721089085858,3646.0827031697963,46295.29542396985,6.023602095364745,9.991196421752138,1.8319104137392452,5.626802344320541,5.419647574958962,4.007491454283106,6.180642261153285,3.7123017520754766,4.833741809212306,69.06743783282161,9.570307072602095,9.557721089085858,3646.0827031697963,46295.29542396985,6.023602095364745,9.991196421752138,1.8319104137392452,0.6424581005586593,Mid,1,1,-0.11124279675248883,-0.2579280362501733,0.21379145129323002,1.4781382686650963,0.1733232211325852,-1.046334992329698,0.3755067479974553,-0.013888070295108445,0.3122382660840021,0.47942381108114585,0.09518189874570733,-0.3016095177954872,1.3055390172857926,0.830691053043354,-0.7106329867864442,0.3581403891754813,0.6125530498969481
Westminster College PA,Yes,1738,1373,417,21,55,1335,30,18460,5970,700,850,92.0,96,13.2,41,22704,71,5.739281041708339,5.663610033615772,3.9037961815093065,4.255852904198828,3.615055603417432,3.9940025054132655,81.80305844441095,10.194537490294326,8.725466682985342,4702.342075565505,67728.00439442915,6.183677590318551,10.12852980378421,1.835253577265094,5.739281041708339,5.663610033615772,3.9037961815093065,4.255852904198828,3.615055603417432,3.9940025054132655,81.80305844441095,10.194537490294326,8.725466682985342,4702.342075565505,67728.00439442915,6.183677590318551,10.12852980378421,1.835253577265094,0.7899884925201381,High,2,1,0.07080629466869835,0.15055766364788475,-0.07726054175254093,-0.18710169614595554,-0.3490700939831937,-1.3705870945384853,1.7438693303908241,1.0362571162148249,-0.7101522318661437,1.3643692994630383,1.263654675854437,-0.17083644547256602,1.3638859589907049,2.0117475391754946,0.2929121243143851,1.8150779933081982,0.6125530498969481
Wheeling Jesuit College,Yes,903,755,213,15,49,971,305,10500,4545,600,600,66.0,71,14.1,27,7494,72,5.352518081095425,5.296691721426007,3.6295318478622507,3.6884527234691826,3.5472956181094797,7.3920483029457875,66.89798175942522,9.845917647123215,8.162552350641706,2423.7905034076744,30798.352141016087,6.465798760875629,8.01153343199436,1.8286698170245177,5.352518081095425,5.296691721426007,3.6295318478622507,3.6884527234691826,3.5472956181094797,7.3920483029457875,66.89798175942522,9.845917647123215,8.162552350641706,2423.7905034076744,30798.352141016087,6.465798760875629,8.01153343199436,1.8286698170245177,0.8361018826135105,Mid,1,1,-0.5551775334707205,-0.4638027768291172,-0.8470659416908405,-0.6779904542213022,-0.7130676799615191,-0.05848524546827141,0.14241229539730088,0.4497726389260374,-1.4016694654541817,-0.544625769857051,-0.7496836000340958,0.05964138157856781,0.464466880638092,-0.3141311308777317,0.6065889645180796,0.3581403891754813,0.6125530498969481
Whitman College,Yes,1861,998,359,45,77,1220,46,16670,4900,750,800,80.0,83,10.5,51,13198,72,5.778616676671064,5.469784802326007,3.84507150975489,5.715132863942859,3.596358924935459,4.5630107904642045,78.89077487817232,10.352802615829257,8.626435575433408,3556.7767888093103,46295.29542396985,5.287039952492017,11.415703917127777,1.8325212828212367,5.778616676671064,5.469784802326007,3.84507150975489,5.715132863942859,3.596358924935459,4.5630107904642045,78.89077487817232,10.352802615829257,8.626435575433408,3556.7767888093103,46295.29542396985,5.287039952492017,11.415703917127777,1.8325212828212367,0.5362708221386352,High,2,1,0.13447183109245409,-0.17397929870778767,-0.24208900787139492,1.0754007694010428,-0.4495061522603849,-1.1508735098970577,1.430962721212024,1.302507133936391,-0.8318078970334455,0.4046023533364621,0.09518189874570733,-0.9033411845194759,1.9107498885325442,1.0464958995264366,-1.4329500816081144,1.8150779933081982,0.6125530498969481
Whittier College,Yes,1681,1069,344,35,63,1235,30,16249,5699,500,1998,84.0,92,13.6,29,11778,52,5.720026915182849,5.511906318021356,3.8280870241166536,5.206477408178991,3.5989169271017913,3.9940025054132655,78.17624837559224,9.442351022087843,10.169970527364262,3920.713741190657,60591.59251052614,6.309991187296932,8.344048523822103,1.8318386018680206,5.720026915182849,5.511906318021356,3.8280870241166536,5.206477408178991,3.5989169271017913,3.9940025054132655,78.17624837559224,9.442351022087843,10.169970527364262,3920.713741190657,60591.59251052614,6.309991187296932,8.344048523822103,1.8318386018680206,0.635930993456276,High,2,1,0.039643093800635784,-0.10345190316376357,-0.2897610787733104,0.635335268105144,-0.4357649064611021,-1.3705870945384853,1.3541913285898803,-0.22914901677242944,1.064361659463255,0.7095126551829224,0.8745903245365926,-0.06764502846155519,0.605737985971725,0.8053217058261557,-0.7550322887549397,1.8150779933081982,0.6125530498969481
Whitworth College,Yes,1121,926,372,43,70,1270,160,12660,4500,678,2424,80.0,80,16.9,20,8328,80,5.482300844410856,5.423662906765132,3.85914219696173,5.621058572488037,3.604741136372948,6.370629090618169,71.52380850401927,10.12175510660679,10.509460385099986,3556.7767888093103,42051.00625139571,7.3000789141082825,6.734949707633466,1.8294803266278608,5.482300844410856,5.423662906765132,3.85914219696173,5.621058572488037,3.604741136372948,6.370629090618169,71.52380850401927,10.12175510660679,10.509460385099986,3556.7767888093103,42051.00625139571,7.3000789141082825,6.734949707633466,1.8294803266278608,0.8260481712756468,Mid,1,1,-0.3451214544760843,-0.25120484764075857,-0.2025953892567085,0.9940119830251011,-0.40447803257382675,-0.45289018201859543,0.6394283751772636,0.9138150375754116,1.481411064254909,0.4046023533364621,-0.13620911968157937,0.7412034085943565,-0.07789765626183243,-0.0277982558330732,0.5382006634542115,0.3581403891754813,0.6125530498969481
Widener University,Yes,2139,1492,502,24,64,2186,2171,12350,5370,500,1350,88.0,86,12.6,19,9603,63,5.858101419408445,5.713411340021723,3.974687239571234,4.493818501377219,3.7111248783272437,10.881379489194568,70.89358368645583,9.442351022087843,9.496020108486013,4302.5631252927,50796.25679590814,5.991285805830951,6.5349533390638825,1.8305034678089684,5.858101419408445,5.713411340021723,3.974687239571234,4.493818501377219,3.7111248783272437,10.881379489194568,70.89358368645583,9.442351022087843,9.496020108486013,4302.5631252927,50796.25679590814,5.991285805830951,6.5349533390638825,1.8305034678089684,0.6975222066386162,Mid,1,1,0.2631195264626962,0.23394394207398386,0.12171654935416844,0.018775285270126344,0.16700121262843368,1.2888650182685932,0.5717146700387211,-0.22914901677242944,0.236441135041996,1.029430185416124,0.3405662242258264,-0.3280101887390996,-0.16286735762255852,0.3336520647489451,-0.33607074426148165,0.3581403891754813,0.6125530498969481
Wilkes University,Yes,1631,1431,434,15,36,1803,603,11150,5130,550,1260,78.0,92,13.3,24,8543,67,5.7025514578930645,5.68843629020214,3.919237253168712,3.6884527234691826,3.674829997390272,8.536799809642899,68.35099144274189,9.65214536925229,9.379422467436255,3381.5199008967597,60591.59251052614,6.215398629296292,7.488071014907595,1.8296692508492922,5.7025514578930645,5.68843629020214,3.919237253168712,3.6884527234691826,3.674829997390272,8.536799809642899,68.35099144274189,9.65214536925229,9.379422467436255,3381.5199008967597,60591.59251052614,6.215398629296292,7.488071014907595,1.8296692508492922,0.8773758430410791,Mid,1,1,0.011358705772861525,0.19212623470330803,-0.03392052671602056,-0.6779904542213022,-0.02797003750372891,0.38354251347302554,0.2985290755011674,0.12378880488361321,0.09320570195943828,0.2577702434217395,0.8745903245365926,-0.1449220622273889,0.24207061628816592,0.03894397061917556,0.8873465809803923,0.3581403891754813,0.6125530498969481
Willamette University,Yes,1658,1327,395,49,80,1595,159,14800,4620,400,790,91.0,94,13.3,37,10779,68,5.712058468882609,5.643108991313104,3.8826992412559913,5.8938321544801,3.6509227959997848,6.3609924314865,75.61972336026912,8.96107520321098,8.605943856434633,4600.715532505121,64098.054902977776,6.215398629296292,9.56813346581784,1.8312770742410034,5.712058468882609,5.643108991313104,3.8826992412559913,5.8938321544801,3.6509227959997848,6.3609924314865,75.61972336026912,8.96107520321098,8.605943856434633,4600.715532505121,64098.054902977776,6.215398629296292,9.56813346581784,1.8312770742410034,0.8003618817852834,Mid,1,1,0.026745999126825754,0.11623114201930364,-0.13647545429044783,1.23000324536072,-0.15639632853797097,-0.4566112261183258,1.0795087451013774,-1.0388011424180428,-0.8569811356939347,1.279225486180553,1.0657563528339236,-0.1449220622273889,1.1257980885897985,0.6069479676277789,0.36347496864886336,0.3581403891754813,0.6125530498969481
William Jewell College,Yes,663,547,315,32,67,1279,75,10060,2970,500,2600,74.0,80,11.2,19,7885,59,5.163541995400239,5.092591709908525,3.7926875684770986,5.0317442595355875,3.6062072217376153,5.24591371683169,65.88053538874608,9.442351022087843,10.63377906198675,3044.4176772221554,42051.00625139571,5.527531557925774,6.5349533390638825,1.8290662636416257,5.163541995400239,5.092591709908525,3.7926875684770986,5.0317442595355875,3.6062072217376153,5.24591371683169,65.88053538874608,9.442351022087843,10.63377906198675,3044.4176772221554,42051.00625139571,5.527531557925774,6.5349533390638825,1.8290662636416257,0.8250377073906485,Mid,1,1,-0.8610392255076436,-0.8055436188953229,-0.38912030548659476,0.48416411722208674,-0.3966024179149419,-0.8871813039023969,0.03309406225502743,-0.22914901677242944,1.6341314740660062,-0.024657633443134833,-0.13620911968157937,-0.706872473805698,-0.16286735762255852,-0.1740764057886531,0.5313271909564313,0.3581403891754813,0.6125530498969481
William Woods University,Yes,469,435,227,17,39,851,120,10535,4365,550,3700,39.0,66,12.9,16,7438,52,4.946738917529773,4.944731866019763,3.656740990759281,3.894175451333956,3.51780782339007,5.934133077639522,66.97770306942837,9.65214536925229,11.269386241467185,854.3711902890158,25461.318422189914,6.0879303745316315,5.900711370401069,1.8286104187585057,4.946738917529773,4.944731866019763,3.656740990759281,3.894175451333956,3.51780782339007,5.934133077639522,66.97770306942837,9.65214536925229,11.269386241467185,854.3711902890158,25461.318422189914,6.0879303745316315,5.900711370401069,1.8286104187585057,0.9275053304904051,Mid,1,1,-1.211939478268899,-1.0531170863470656,-0.7706952927942133,-0.5000085327852752,-0.8714721725969379,-0.6214362405081376,0.15097785030464678,0.12378880488361321,2.414948897159594,-1.8595021883012293,-1.0406490873905974,-0.24905677256531966,-0.4323290036172367,-0.3351150602596006,1.2283420964325373,0.3581403891754813,0.6125530498969481
Williams College,Yes,4186,1245,526,81,96,1988,29,19629,5790,500,1200,94.0,99,9.0,64,22014,99,6.230234815034893,5.60460473212334,3.9922160217531295,7.016576581217161,3.6934263288297657,3.9500279045102857,83.60603668303804,9.442351022087843,9.297325805521908,4908.960288837765,73408.11248759447,4.7493178378898335,12.90502068550306,1.8351187570520902,6.230234815034893,5.60460473212334,3.9922160217531295,7.016576581217161,3.6934263288297657,3.9500279045102857,83.60603668303804,9.442351022087843,9.297325805521908,4908.960288837765,73408.11248759447,4.7493178378898335,12.90502068550306,1.8351187570520902,0.2974199713330148,High,2,1,0.8654251019593864,0.05176040602662842,0.1709163523272022,2.2013505166432816,0.07192696987112561,-1.3875671938646397,1.9375880374604852,-0.22914901677242944,-0.007646689375954711,1.5374762658306833,1.5733239615731247,-1.3426312395200746,2.5434953825905566,1.9641189126369678,-3.0576838088176275,1.8150779933081982,0.6125530498969481
Wilson College,Yes,167,130,46,16,50,199,676,11428,5084,450,475,67.0,76,8.3,43,10291,67,4.267599834377481,4.12668907695394,2.8912657021752013,3.793745093657405,3.1303431379298368,8.735515407183385,68.95544940573716,9.213393432273651,7.793124547466289,2497.466346891243,36780.940288277394,4.48649314013176,10.398062989232335,1.8309726347771482,4.267599834377481,4.12668907695394,2.8912657021752013,3.793745093657405,3.1303431379298368,8.735515407183385,68.95544940573716,9.213393432273651,7.793124547466289,2497.466346891243,36780.940288277394,4.48649314013176,10.398062989232335,1.8309726347771482,0.7784431137724551,Mid,1,1,-2.31114009054328,-2.4228310295410225,-2.9192320815028254,-0.5868962977653778,-2.9528806841012067,0.46027341073206085,0.3634742936744985,-0.6143252338289236,-1.8554964117299413,-0.48289935398096173,-0.42352364534226566,-1.5573448858410492,1.4783988095896108,0.4993970803796138,0.2143770628670464,0.3581403891754813,0.6125530498969481
Wingate College,Yes,1239,1017,383,10,34,1207,157,7820,3400,550,1550,69.0,81,13.9,8,7264,91,5.5416778105267746,5.481363433752655,3.8706121730636545,3.0648578681207974,3.594110788419614,6.3415528018769045,60.18725387024554,9.65214536925229,9.731288635455384,2648.1614235052466,43437.61538665517,6.4037473763683845,3.8339176338051995,1.8284213723785696,5.5416778105267746,5.481363433752655,3.8706121730636545,3.0648578681207974,3.594110788419614,6.3415528018769045,60.18725387024554,9.65214536925229,9.731288635455384,2648.1614235052466,43437.61538665517,6.4037473763683845,3.8339176338051995,1.8284213723785696,0.8208232445520581,Low,0,1,-0.2490186102594501,-0.15459227749060372,-0.1704014491150514,-1.2174962818199055,-0.461582841194099,-0.4641175328239365,-0.5786133400413754,0.12378880488361321,0.5254588977321721,-0.3566453943418077,-0.06061368145330422,0.008948736859618622,-1.310419180097965,-0.40190044227188454,0.5026591753607847,-1.0987972149572356,0.6125530498969481
Winona State University,No,3325,2047,1301,20,45,5800,872,4200,2700,300,1200,53.0,60,20.2,18,5318,58,6.1046617376371,5.9002819548687055,4.3082045869744245,4.170730633321285,3.8731771819646816,9.185418425260114,48.07319119400287,8.360621760581918,9.297325805521908,1567.2469311353118,19867.773742812482,8.213832220318597,6.329553707860191,1.8256905715728726,6.1046617376371,5.9002819548687055,4.3082045869744245,4.170730633321285,3.8731771819646816,9.185418425260114,48.07319119400287,8.360621760581918,9.297325805521908,1567.2469311353118,19867.773742812482,8.213832220318597,6.329553707860191,1.8256905715728726,0.6156390977443609,Low,0,0,0.6621824864407029,0.5468362383576992,1.0578333662585166,-0.26074560260699386,1.0375245319322146,0.6339963730150892,-1.8801934194490562,-2.0489462340837274,-0.007646689375954711,-1.2622472080135945,-1.3455990913496088,1.4876907284232481,-0.2501326687269887,-1.366624416724946,-0.8930637307237067,-1.0987972149572356,-1.6325116659989423
Winthrop University,No,2320,1805,769,24,61,3395,670,6400,3392,580,2150,71.0,80,12.8,26,6729,59,5.90410306589215,5.8264341011457494,4.130161222282681,4.493818501377219,3.788541251782,8.719940996619044,55.996507579890206,9.770163430874696,10.298193025279089,2803.316583884286,42051.00625139571,6.05581660003175,7.840523349237043,1.8277935239198735,5.90410306589215,5.8264341011457494,4.130161222282681,4.493818501377219,3.788541251782,8.719940996619044,55.996507579890206,9.770163430874696,10.298193025279089,2803.316583884286,42051.00625139571,6.05581660003175,7.840523349237043,1.8277935239198735,0.7780172413793104,Low,0,0,0.33757414000932745,0.4231869179660469,0.5581010760976476,0.018775285270126344,0.5828716253013351,0.45425959746489153,-1.0288827529671758,0.32233103515844,1.22187775373758,-0.22665472844581655,-0.13620911968157937,-0.27529199961519973,0.3918121831278882,-0.6237036800488555,0.211480153610513,-1.0987972149572356,-1.6325116659989423
Wisconsin Lutheran College,Yes,152,128,75,17,41,282,22,9100,3700,500,1400,48.0,48,8.5,26,8960,50,4.203267288401696,4.115767346083275,3.1445610288967463,3.894175451333956,3.234678901944848,3.59822247412019,63.55451873386457,9.442351022087843,9.557721089085858,1287.7609688263303,11132.909264168271,4.562433181539444,7.840523349237043,1.8300155620003964,4.203267288401696,4.115767346083275,3.1445610288967463,3.894175451333956,3.234678901944848,3.59822247412019,63.55451873386457,9.442351022087843,9.557721089085858,1287.7609688263303,11132.909264168271,4.562433181539444,7.840523349237043,1.8300155620003964,0.8421052631578947,Mid,1,1,-2.4152636429642724,-2.441118150040483,-2.20828251071282,-0.5000085327852752,-2.3924029027075435,-1.5234113181736704,-0.2168218431910953,-0.22914901677242944,0.3122382660840021,-1.4964035600187222,-1.8218082056103093,-1.4953059552097332,0.3918121831278882,0.16128708308407785,0.6474257244242533,0.3581403891754813,0.6125530498969481
Wittenberg University,Yes,1979,1739,575,42,68,1980,144,15948,4404,400,800,82.0,95,12.8,29,10414,78,5.813814788181953,5.804444987292558,4.025298571503179,5.572727488079942,3.6926664931853943,6.209419572256754,77.65789702401153,8.96107520321098,8.626435575433408,3736.5073126492257,65897.48921732574,6.05581660003175,8.344048523822103,1.8310514390049208,5.813814788181953,5.804444987292558,4.025298571503179,5.572727488079942,3.6926664931853943,6.209419572256754,77.65789702401153,8.96107520321098,8.626435575433408,3736.5073126492257,65897.48921732574,6.05581660003175,8.344048523822103,1.8310514390049208,0.8787266296109146,High,2,1,0.19144070047939815,0.3863688000805629,0.2637724853236595,0.9521981331052524,0.06784523433009049,-0.5151386977046785,1.2984977259247215,-1.0388011424180428,-0.8318078970334455,0.5551825236557095,1.1638582779526243,-0.27529199961519973,0.605737985971725,0.5272366531752225,0.8965350284607806,1.8150779933081982,0.6125530498969481
Wofford College,Yes,1501,935,273,51,83,1059,34,12680,4150,605,1440,91.0,92,15.3,42,7875,75,5.654280751998161,5.429634039484683,3.7341417166581694,5.978908263498306,3.566230291681493,4.157841735730244,71.56411840177222,9.864511644701153,9.605629639834593,4600.715532505121,60591.59251052614,6.830893399583299,10.264131539363945,1.8290565040295241,5.654280751998161,5.429634039484683,3.7341417166581694,5.978908263498306,3.566230291681493,4.157841735730244,71.56411840177222,9.864511644701153,9.605629639834593,4600.715532505121,60591.59251052614,6.830893399583299,10.264131539363945,1.8290565040295241,0.6229180546302465,Mid,1,1,-0.06676842722663451,-0.24120690639373502,-0.55344685963562,1.3036072146864357,-0.6113531438650709,-1.3073231570114363,0.6437594209478201,0.48105339119478674,0.37109196117654986,1.279225486180553,0.8745903245365926,0.3579040707316264,1.4214971999277994,-0.1775242338968489,-0.8435501254277106,0.3581403891754813,0.6125530498969481
Worcester Polytechnic Institute,Yes,2768,2314,682,49,86,2802,86,15884,5370,530,730,92.0,94,15.2,34,10774,82,6.003152663869585,5.9716224579744,4.087426912187977,5.8938321544801,3.755699293514295,5.443127877082546,77.54685582256232,9.570307072602095,8.47770385076406,4702.342075565505,64098.054902977776,6.800922726023767,9.126868146634914,1.831274063198219,6.003152663869585,5.9716224579744,4.087426912187977,5.8938321544801,3.755699293514295,5.443127877082546,77.54685582256232,9.570307072602095,8.47770385076406,4702.342075565505,64098.054902977776,6.800922726023767,9.126868146634914,1.831274063198219,0.8359826589595376,High,2,1,0.49788795708045286,0.666287302683967,0.4381543727254352,1.23000324536072,0.4064490143176429,-0.8110301629978574,1.2865670450571682,-0.013888070295108445,-1.0145187375301117,1.3643692994630383,1.0657563528339236,0.3334196419182193,0.9383237726310382,0.6058842411354646,0.6057779701630772,1.8150779933081982,0.6125530498969481
Worcester State College,No,2197,1515,543,4,26,3089,2029,6797,3900,500,1200,60.0,60,21.0,14,4469,40,5.873283233305694,5.722545783208603,4.004082706134778,1.8937484010414123,3.7725546020006293,10.750964331366575,57.22501115678571,9.442351022087843,9.297325805521908,2005.1172269621243,19867.773742812482,8.42585576535617,5.444039108195632,1.8239544121174236,5.873283233305694,5.722545783208603,4.004082706134778,1.8937484010414123,3.7725546020006293,10.750964331366575,57.22501115678571,9.442351022087843,9.297325805521908,2005.1172269621243,19867.773742812482,8.42585576535617,5.444039108195632,1.8239544121174236,0.6895766954938553,Low,0,0,0.2876916053568054,0.2492384650055668,0.2042237736564076,-2.23068678014793,0.4969934790494799,1.2385072597424571,-0.8968877463453164,-0.22914901677242944,-0.007646689375954711,-0.8953947540471879,-1.3455990913496088,1.660902564484489,-0.6263490551654358,-1.979966351680746,-0.39011844764319553,-1.0987972149572356,-1.6325116659989423
Xavier University,Yes,1959,1805,695,24,47,2849,1107,11520,4960,600,1250,73.0,75,13.3,31,9189,83,5.808010160202708,5.8264341011457494,4.094200605874285,4.493818501377219,3.758600148884819,9.616225050341678,69.15335621277066,9.845917647123215,9.365994585919545,2962.9344405957,35531.398971011564,6.215398629296292,8.66494745865426,1.8301953551092294,5.808010160202708,5.8264341011457494,4.094200605874285,4.493818501377219,3.758600148884819,9.616225050341678,69.15335621277066,9.845917647123215,9.365994585919545,2962.9344405957,35531.398971011564,6.215398629296292,8.66494745865426,1.8301953551092294,0.9213884635017866,Mid,1,1,0.1820457903835227,0.4231869179660469,0.45716678278950773,0.018775285270126344,0.4220320217127037,0.8003455640035335,0.3847381392148688,0.4497726389260374,0.07671009872843897,-0.09292516745590934,-0.4916463924532397,-0.1449220622273889,0.7420738947418721,0.22480351466369863,1.1867333683591725,0.3581403891754813,0.6125530498969481
Xavier University of Louisiana,Yes,2097,1915,695,34,61,2793,166,6900,4200,617,781,67.0,75,14.4,20,8323,49,5.846829262546775,5.861237570791951,4.094200605874285,5.149577531776267,3.7551370410083336,6.427325383330498,57.5360014765767,9.908596165101,8.587294990239334,2497.466346891243,35531.398971011564,6.558213800428661,6.734949707633466,1.8294758436641005,5.846829262546775,5.861237570791951,4.094200605874285,5.149577531776267,3.7551370410083336,6.427325383330498,57.5360014765767,9.908596165101,8.587294990239334,2497.466346891243,35531.398971011564,6.558213800428661,6.734949707633466,1.8294758436641005,0.9132093466857415,Low,0,1,0.24487530811129501,0.4814611284145833,0.45716678278950773,0.5861080901616065,0.40342866899215174,-0.43099780182840153,-0.8634737863926079,0.5552169461664446,-0.8798905050596704,-0.48289935398096173,-0.4916463924532397,0.13513949985508442,-0.07789765626183243,-0.029381975380488378,1.1310966105038294,-1.0987972149572356,0.6125530498969481
Yale University,Yes,10705,2453,1317,95,99,5217,83,19840,6510,630,2115,96.0,96,5.8,49,40386,99,6.7208263110161734,6.0053521285827305,4.312172820942378,7.397925182085458,3.857215515500806,5.391710938368904,83.92389364819212,9.955518251301774,10.269430051046362,5120.066987885137,67728.00439442915,3.468921367200614,11.169601799750874,1.8373963886501279,6.7208263110161734,6.0053521285827305,4.312172820942378,7.397925182085458,3.857215515500806,5.391710938368904,83.92389364819212,9.955518251301774,10.269430051046362,5120.066987885137,67728.00439442915,3.468921367200614,11.169601799750874,1.8373963886501279,0.22914525922466136,High,2,1,1.6594575558953393,0.7227635662108772,1.0689714092410962,2.53127593336289,0.9517805927233017,-0.8308840038168034,1.971739775403602,0.6341541487893395,1.1865436163238656,1.7143437339653733,1.263654675854437,-2.3886463107948757,1.806191872967965,2.7687494821808425,-3.5221084784548156,1.8150779933081982,0.6125530498969481
York College of Pennsylvania,Yes,2989,1855,691,28,63,2988,1726,4990,3560,500,1250,75.0,75,18.1,28,4509,99,6.045846980461293,5.842527377311934,4.092132084872761,4.777728697775314,3.766848968438123,10.442216687890015,51.177488309092126,9.442351022087843,9.365994585919545,3127.017536070735,35531.398971011564,7.640161914235766,8.179318836422599,1.8240473923183742,6.045846980461293,5.842527377311934,4.092132084872761,4.777728697775314,3.766848968438123,10.442216687890015,51.177488309092126,9.442351022087843,9.365994585919545,3127.017536070735,35531.398971011564,7.640161914235766,8.179318836422599,1.8240473923183742,0.6206088992974239,Low,0,1,0.5669895889883275,0.45013316705121614,0.451360856019211,0.26440143846515807,0.4663435780232252,1.1192892214818095,-1.5466561583709155,-0.22914901677242944,0.07671009872843897,0.044545418704219096,-0.4916463924532397,1.0190329338711737,0.5357515534995189,-1.9471187603004503,-0.8592576790660932,-1.0987972149572356,0.6125530498969481
